Nazwa_Obrazu,ID_Komorki,Pole_Powierzchni_px,Srodek_X,Srodek_Y,Kolowatosc_0_1,Srednica_Ekwiwalentna_px
IXMtest_N11_s4_w142A84EA3-47C3-4B49-B6CA-BBC6685BBE1E.tif,1,1788,430.82,149.66,0.4184,47.71
IXMtest_N11_s4_w142A84EA3-47C3-4B49-B6CA-BBC6685BBE1E.tif,2,862,136.83,154.37,0.758,33.13
IXMtest_N11_s4_w142A84EA3-47C3-4B49-B6CA-BBC6685BBE1E.tif,3,656,654.28,322.97,0.7574,28.9
IXMtest_N11_s4_w142A84EA3-47C3-4B49-B6CA-BBC6685BBE1E.tif,4,627,320.83,164.69,0.7759,28.25
IXMtest_N11_s4_w142A84EA3-47C3-4B49-B6CA-BBC6685BBE1E.tif,5,1005,643.77,349.78,0.7447,35.77
IXMtest_N11_s4_w142A84EA3-47C3-4B49-B6CA-BBC6685BBE1E.tif,6,2031,582.1,385.95,0.4909,50.85
IXMtest_N11_s4_w142A84EA3-47C3-4B49-B6CA-BBC6685BBE1E.tif,7,753,457.22,483.48,0.6976,30.96
IXMtest_N11_s4_w142A84EA3-47C3-4B49-B6CA-BBC6685BBE1E.tif,8,745,508.27,508.64,0.816,30.8
IXMtest_N11_s4_w142A84EA3-47C3-4B49-B6CA-BBC6685BBE1E.tif,9,870,178.97,227.74,0.8259,33.28
IXMtest_N11_s4_w142A84EA3-47C3-4B49-B6CA-BBC6685BBE1E.tif,10,874,194.5,90.82,0.8541,33.36
IXMtest_N11_s4_w142A84EA3-47C3-4B49-B6CA-BBC6685BBE1E.tif,11,762,77.98,358.98,0.8509,31.15
IXMtest_N11_s4_w142A84EA3-47C3-4B49-B6CA-BBC6685BBE1E.tif,12,688,89.09,88.34,0.757,29.6
IXMtest_N11_s4_w142A84EA3-47C3-4B49-B6CA-BBC6685BBE1E.tif,13,1151,71.56,290.84,0.9148,38.28
IXMtest_N11_s4_w142A84EA3-47C3-4B49-B6CA-BBC6685BBE1E.tif,14,1233,681.83,231.1,0.6552,39.62
IXMtest_N11_s4_w142A84EA3-47C3-4B49-B6CA-BBC6685BBE1E.tif,15,882,216.31,475.59,0.6777,33.51
IXMtest_N11_s4_w142A84EA3-47C3-4B49-B6CA-BBC6685BBE1E.tif,16,890,62.71,435.91,0.7632,33.66
IXMtest_N11_s4_w142A84EA3-47C3-4B49-B6CA-BBC6685BBE1E.tif,17,400,217.92,107.96,0.9685,22.57
IXMtest_N11_s4_w142A84EA3-47C3-4B49-B6CA-BBC6685BBE1E.tif,18,548,683.94,277.67,0.8835,26.41
IXMtest_N11_s4_w142A84EA3-47C3-4B49-B6CA-BBC6685BBE1E.tif,19,696,617.35,228.36,0.849,29.77
IXMtest_N11_s4_w142A84EA3-47C3-4B49-B6CA-BBC6685BBE1E.tif,20,870,591.71,43.4,0.8833,33.28
IXMtest_N11_s4_w142A84EA3-47C3-4B49-B6CA-BBC6685BBE1E.tif,21,622,468.47,15.13,0.8288,28.14
IXMtest_N11_s4_w142A84EA3-47C3-4B49-B6CA-BBC6685BBE1E.tif,22,862,516.13,75.68,0.9035,33.13
IXMtest_N11_s4_w142A84EA3-47C3-4B49-B6CA-BBC6685BBE1E.tif,23,933,288.75,85.37,0.8649,34.47
IXMtest_N11_s4_w142A84EA3-47C3-4B49-B6CA-BBC6685BBE1E.tif,24,1019,477.9,334.52,0.7271,36.02
IXMtest_N11_s4_w142A84EA3-47C3-4B49-B6CA-BBC6685BBE1E.tif,25,1275,583.53,208.38,0.6211,40.29
IXMtest_N11_s4_w142A84EA3-47C3-4B49-B6CA-BBC6685BBE1E.tif,26,368,167.76,511.11,0.8491,21.65
IXMtest_N11_s4_w142A84EA3-47C3-4B49-B6CA-BBC6685BBE1E.tif,27,887,343.38,482.06,0.8321,33.61
IXMtest_N11_s4_w142A84EA3-47C3-4B49-B6CA-BBC6685BBE1E.tif,28,1120,30.51,72.44,0.8451,37.76
IXMtest_N11_s4_w142A84EA3-47C3-4B49-B6CA-BBC6685BBE1E.tif,29,701,222.43,185.61,0.7849,29.88
IXMtest_N11_s4_w142A84EA3-47C3-4B49-B6CA-BBC6685BBE1E.tif,30,992,121.3,428.1,0.8378,35.54
IXMtest_N11_s4_w142A84EA3-47C3-4B49-B6CA-BBC6685BBE1E.tif,31,1017,296.57,428.17,0.8412,35.98
IXMtest_N11_s4_w142A84EA3-47C3-4B49-B6CA-BBC6685BBE1E.tif,32,1242,372.37,193.7,0.6541,39.77
IXMtest_N11_s4_w142A84EA3-47C3-4B49-B6CA-BBC6685BBE1E.tif,33,1009,491.03,440.64,0.8032,35.84
IXMtest_N11_s4_w142A84EA3-47C3-4B49-B6CA-BBC6685BBE1E.tif,34,271,549.89,6.1,0.7109,18.58
IXMtest_N11_s4_w142A84EA3-47C3-4B49-B6CA-BBC6685BBE1E.tif,35,1040,134.85,377.98,0.9427,36.39
IXMtest_N11_s4_w142A84EA3-47C3-4B49-B6CA-BBC6685BBE1E.tif,36,668,98.75,505.64,0.8875,29.16
IXMtest_N11_s4_w142A84EA3-47C3-4B49-B6CA-BBC6685BBE1E.tif,37,646,588.86,477.46,0.8626,28.68
IXMtest_N11_s4_w142A84EA3-47C3-4B49-B6CA-BBC6685BBE1E.tif,38,576,544.89,271.97,0.9136,27.08
IXMtest_N11_s4_w142A84EA3-47C3-4B49-B6CA-BBC6685BBE1E.tif,39,845,243.59,148.06,0.929,32.8
IXMtest_N11_s4_w142A84EA3-47C3-4B49-B6CA-BBC6685BBE1E.tif,40,926,625.78,496.12,0.8037,34.34
IXMtest_N11_s4_w142A84EA3-47C3-4B49-B6CA-BBC6685BBE1E.tif,41,660,433.32,57.42,0.8813,28.99
IXMtest_N11_s4_w142A84EA3-47C3-4B49-B6CA-BBC6685BBE1E.tif,42,701,400.94,69.33,0.8318,29.88
IXMtest_N11_s4_w142A84EA3-47C3-4B49-B6CA-BBC6685BBE1E.tif,43,761,170.69,23.19,0.8655,31.13
IXMtest_N11_s4_w142A84EA3-47C3-4B49-B6CA-BBC6685BBE1E.tif,44,995,469.56,378.61,0.7307,35.59
IXMtest_N11_s4_w142A84EA3-47C3-4B49-B6CA-BBC6685BBE1E.tif,45,644,377.01,487.16,0.7164,28.64
IXMtest_N11_s4_w142A84EA3-47C3-4B49-B6CA-BBC6685BBE1E.tif,46,1072,659.04,92.61,0.8764,36.94
IXMtest_N11_s4_w142A84EA3-47C3-4B49-B6CA-BBC6685BBE1E.tif,47,318,36.98,7.85,0.8606,20.12
IXMtest_N11_s4_w142A84EA3-47C3-4B49-B6CA-BBC6685BBE1E.tif,48,839,282.21,485.67,0.8662,32.68
IXMtest_N11_s4_w142A84EA3-47C3-4B49-B6CA-BBC6685BBE1E.tif,49,382,83.3,6.68,0.7031,22.05
IXMtest_N11_s4_w142A84EA3-47C3-4B49-B6CA-BBC6685BBE1E.tif,50,730,146.71,472.09,0.8786,30.49
IXMtest_N11_s4_w142A84EA3-47C3-4B49-B6CA-BBC6685BBE1E.tif,51,837,539.6,415.24,0.8215,32.65
IXMtest_N11_s4_w142A84EA3-47C3-4B49-B6CA-BBC6685BBE1E.tif,52,694,642.06,170.06,0.6661,29.73
IXMtest_N11_s4_w142A84EA3-47C3-4B49-B6CA-BBC6685BBE1E.tif,53,661,344.25,144.49,0.9249,29.01
IXMtest_N11_s4_w142A84EA3-47C3-4B49-B6CA-BBC6685BBE1E.tif,54,408,238.25,8.16,0.8101,22.79
IXMtest_N11_s4_w142A84EA3-47C3-4B49-B6CA-BBC6685BBE1E.tif,55,469,46.18,509.34,0.8462,24.44
IXMtest_N11_s4_w142A84EA3-47C3-4B49-B6CA-BBC6685BBE1E.tif,56,424,583.69,313.41,0.8937,23.23
IXMtest_N11_s4_w142A84EA3-47C3-4B49-B6CA-BBC6685BBE1E.tif,57,770,683.16,151.74,0.7315,31.31
IXMtest_N11_s4_w142A84EA3-47C3-4B49-B6CA-BBC6685BBE1E.tif,58,785,175.59,435.87,0.8766,31.61
IXMtest_N11_s4_w142A84EA3-47C3-4B49-B6CA-BBC6685BBE1E.tif,59,1485,122.04,34.52,0.5407,43.48
IXMtest_N11_s4_w142A84EA3-47C3-4B49-B6CA-BBC6685BBE1E.tif,60,673,630.44,444.41,0.9254,29.27
IXMtest_N11_s4_w142A84EA3-47C3-4B49-B6CA-BBC6685BBE1E.tif,61,786,11.52,173.72,0.6044,31.63
IXMtest_N11_s4_w142A84EA3-47C3-4B49-B6CA-BBC6685BBE1E.tif,62,970,374.15,396.54,0.867,35.14
IXMtest_N11_s4_w142A84EA3-47C3-4B49-B6CA-BBC6685BBE1E.tif,63,830,336.82,96.02,0.839,32.51
IXMtest_N11_s4_w142A84EA3-47C3-4B49-B6CA-BBC6685BBE1E.tif,64,622,379.06,96.16,0.8969,28.14
IXMtest_N11_s4_w142A84EA3-47C3-4B49-B6CA-BBC6685BBE1E.tif,65,228,6.15,248.42,0.8239,17.04
IXMtest_N11_s4_w142A84EA3-47C3-4B49-B6CA-BBC6685BBE1E.tif,66,602,19.42,496.99,0.9301,27.69
IXMtest_N11_s4_w142A84EA3-47C3-4B49-B6CA-BBC6685BBE1E.tif,67,262,5.08,466.38,0.78,18.26
IXMtest_N11_s4_w142A84EA3-47C3-4B49-B6CA-BBC6685BBE1E.tif,68,486,194.48,123.68,0.9475,24.88
IXMtest_N11_s4_w142A84EA3-47C3-4B49-B6CA-BBC6685BBE1E.tif,69,1491,332.67,50.78,0.5527,43.57
IXMtest_N11_s4_w142A84EA3-47C3-4B49-B6CA-BBC6685BBE1E.tif,70,138,691.33,23.55,0.8145,13.26
IXMtest_N11_s4_w142A84EA3-47C3-4B49-B6CA-BBC6685BBE1E.tif,71,537,9.71,404.18,0.8638,26.15
IXMtest_N11_s4_w142A84EA3-47C3-4B49-B6CA-BBC6685BBE1E.tif,72,107,2.21,220.08,0.6069,11.67
IXMtest_N11_s4_w142A84EA3-47C3-4B49-B6CA-BBC6685BBE1E.tif,73,1688,374.72,23.29,0.3732,46.36
IXMtest_N11_s4_w142A84EA3-47C3-4B49-B6CA-BBC6685BBE1E.tif,74,85,325.0,2.81,0.9429,10.4
IXMtest_N11_s4_w142A84EA3-47C3-4B49-B6CA-BBC6685BBE1E.tif,75,957,10.12,417.19,1.0,34.91
IXMtest_N11_s4_w142A84EA3-47C3-4B49-B6CA-BBC6685BBE1E.tif,76,423,10.96,431.66,0.8347,23.21
IXMtest_N11_s4_w142A84EA3-47C3-4B49-B6CA-BBC6685BBE1E.tif,77,53,427.94,1.81,0.8707,8.21
IXMtest_N12_s7_w166EF3FAB-EA33-4B28-91E3-034A1654BAAE.tif,1,1242,127.83,355.41,0.4803,39.77
IXMtest_N12_s7_w166EF3FAB-EA33-4B28-91E3-034A1654BAAE.tif,2,866,174.59,14.39,0.6374,33.21
IXMtest_N12_s7_w166EF3FAB-EA33-4B28-91E3-034A1654BAAE.tif,3,961,296.84,42.45,0.8977,34.98
IXMtest_N12_s7_w166EF3FAB-EA33-4B28-91E3-034A1654BAAE.tif,4,1059,250.04,39.68,0.7307,36.72
IXMtest_N12_s7_w166EF3FAB-EA33-4B28-91E3-034A1654BAAE.tif,5,905,143.92,310.75,0.7868,33.95
IXMtest_N12_s7_w166EF3FAB-EA33-4B28-91E3-034A1654BAAE.tif,6,1388,461.63,298.06,0.8262,42.04
IXMtest_N12_s7_w166EF3FAB-EA33-4B28-91E3-034A1654BAAE.tif,7,896,116.06,36.14,0.8252,33.78
IXMtest_N12_s7_w166EF3FAB-EA33-4B28-91E3-034A1654BAAE.tif,8,537,285.98,511.08,0.7783,26.15
IXMtest_N12_s7_w166EF3FAB-EA33-4B28-91E3-034A1654BAAE.tif,9,1073,646.42,499.77,0.6129,36.96
IXMtest_N12_s7_w166EF3FAB-EA33-4B28-91E3-034A1654BAAE.tif,10,448,9.54,246.96,0.8787,23.88
IXMtest_N12_s7_w166EF3FAB-EA33-4B28-91E3-034A1654BAAE.tif,11,798,51.36,132.95,0.8757,31.88
IXMtest_N12_s7_w166EF3FAB-EA33-4B28-91E3-034A1654BAAE.tif,12,738,296.69,108.87,0.8504,30.65
IXMtest_N12_s7_w166EF3FAB-EA33-4B28-91E3-034A1654BAAE.tif,13,1259,228.97,164.57,0.4806,40.04
IXMtest_N12_s7_w166EF3FAB-EA33-4B28-91E3-034A1654BAAE.tif,14,516,148.07,203.33,0.6193,25.63
IXMtest_N12_s7_w166EF3FAB-EA33-4B28-91E3-034A1654BAAE.tif,15,583,514.89,202.06,0.5746,27.25
IXMtest_N12_s7_w166EF3FAB-EA33-4B28-91E3-034A1654BAAE.tif,16,542,513.17,159.26,0.5681,26.27
IXMtest_N12_s7_w166EF3FAB-EA33-4B28-91E3-034A1654BAAE.tif,17,655,191.82,286.07,0.9006,28.88
IXMtest_N12_s7_w166EF3FAB-EA33-4B28-91E3-034A1654BAAE.tif,18,503,137.73,236.27,0.8746,25.31
IXMtest_N12_s7_w166EF3FAB-EA33-4B28-91E3-034A1654BAAE.tif,19,1526,662.59,433.67,0.5311,44.08
IXMtest_N12_s7_w166EF3FAB-EA33-4B28-91E3-034A1654BAAE.tif,20,587,253.5,446.25,0.7146,27.34
IXMtest_N12_s7_w166EF3FAB-EA33-4B28-91E3-034A1654BAAE.tif,21,1085,598.3,359.62,0.9163,37.17
IXMtest_N12_s7_w166EF3FAB-EA33-4B28-91E3-034A1654BAAE.tif,22,894,478.97,143.93,0.8407,33.74
IXMtest_N12_s7_w166EF3FAB-EA33-4B28-91E3-034A1654BAAE.tif,23,1448,671.98,301.07,0.8706,42.94
IXMtest_N12_s7_w166EF3FAB-EA33-4B28-91E3-034A1654BAAE.tif,24,864,428.27,43.57,0.8243,33.17
IXMtest_N12_s7_w166EF3FAB-EA33-4B28-91E3-034A1654BAAE.tif,25,745,319.67,373.48,0.7678,30.8
IXMtest_N12_s7_w166EF3FAB-EA33-4B28-91E3-034A1654BAAE.tif,26,565,323.17,407.27,0.8797,26.82
IXMtest_N12_s7_w166EF3FAB-EA33-4B28-91E3-034A1654BAAE.tif,27,615,33.39,15.98,0.8517,27.98
IXMtest_N12_s7_w166EF3FAB-EA33-4B28-91E3-034A1654BAAE.tif,28,635,376.17,200.35,0.7183,28.43
IXMtest_N12_s7_w166EF3FAB-EA33-4B28-91E3-034A1654BAAE.tif,29,616,13.32,106.59,0.8184,28.01
IXMtest_N12_s7_w166EF3FAB-EA33-4B28-91E3-034A1654BAAE.tif,30,1084,626.25,382.0,0.8876,37.15
IXMtest_N12_s7_w166EF3FAB-EA33-4B28-91E3-034A1654BAAE.tif,31,758,200.74,385.37,0.8735,31.07
IXMtest_N12_s7_w166EF3FAB-EA33-4B28-91E3-034A1654BAAE.tif,32,702,35.95,180.49,0.944,29.9
IXMtest_N12_s7_w166EF3FAB-EA33-4B28-91E3-034A1654BAAE.tif,33,939,535.78,152.05,0.8684,34.58
IXMtest_N12_s7_w166EF3FAB-EA33-4B28-91E3-034A1654BAAE.tif,34,619,191.67,192.1,0.8972,28.07
IXMtest_N12_s7_w166EF3FAB-EA33-4B28-91E3-034A1654BAAE.tif,35,1041,298.46,317.34,0.9109,36.41
IXMtest_N12_s7_w166EF3FAB-EA33-4B28-91E3-034A1654BAAE.tif,36,1148,173.14,86.94,0.9246,38.23
IXMtest_N12_s7_w166EF3FAB-EA33-4B28-91E3-034A1654BAAE.tif,37,1404,228.94,251.26,0.7828,42.28
IXMtest_N12_s7_w166EF3FAB-EA33-4B28-91E3-034A1654BAAE.tif,38,614,24.25,311.05,0.5808,27.96
IXMtest_N12_s7_w166EF3FAB-EA33-4B28-91E3-034A1654BAAE.tif,39,1772,395.06,379.09,0.712,47.5
IXMtest_N12_s7_w166EF3FAB-EA33-4B28-91E3-034A1654BAAE.tif,40,674,662.73,82.3,0.7512,29.29
IXMtest_N12_s7_w166EF3FAB-EA33-4B28-91E3-034A1654BAAE.tif,41,836,438.01,158.62,0.8072,32.63
IXMtest_N12_s7_w166EF3FAB-EA33-4B28-91E3-034A1654BAAE.tif,42,710,376.52,302.84,0.8504,30.07
IXMtest_N12_s7_w166EF3FAB-EA33-4B28-91E3-034A1654BAAE.tif,43,652,548.1,86.26,0.952,28.81
IXMtest_N12_s7_w166EF3FAB-EA33-4B28-91E3-034A1654BAAE.tif,44,749,347.45,352.89,0.8929,30.88
IXMtest_N12_s7_w166EF3FAB-EA33-4B28-91E3-034A1654BAAE.tif,45,2396,442.51,430.09,0.3377,55.23
IXMtest_N12_s7_w166EF3FAB-EA33-4B28-91E3-034A1654BAAE.tif,46,627,322.77,138.09,0.8928,28.25
IXMtest_N12_s7_w166EF3FAB-EA33-4B28-91E3-034A1654BAAE.tif,47,448,439.16,104.29,0.8863,23.88
IXMtest_N12_s7_w166EF3FAB-EA33-4B28-91E3-034A1654BAAE.tif,48,800,158.28,436.78,0.7899,31.92
IXMtest_N12_s7_w166EF3FAB-EA33-4B28-91E3-034A1654BAAE.tif,49,951,436.95,255.03,0.9105,34.8
IXMtest_N12_s7_w166EF3FAB-EA33-4B28-91E3-034A1654BAAE.tif,50,1515,336.63,62.06,0.603,43.92
IXMtest_N12_s7_w166EF3FAB-EA33-4B28-91E3-034A1654BAAE.tif,51,554,318.05,188.6,0.932,26.56
IXMtest_N12_s7_w166EF3FAB-EA33-4B28-91E3-034A1654BAAE.tif,52,856,486.47,50.59,0.8972,33.01
IXMtest_N12_s7_w166EF3FAB-EA33-4B28-91E3-034A1654BAAE.tif,53,643,100.04,176.3,0.9062,28.61
IXMtest_N12_s7_w166EF3FAB-EA33-4B28-91E3-034A1654BAAE.tif,54,546,660.7,384.24,0.8547,26.37
IXMtest_N12_s7_w166EF3FAB-EA33-4B28-91E3-034A1654BAAE.tif,55,714,31.1,428.2,0.9768,30.15
IXMtest_N12_s7_w166EF3FAB-EA33-4B28-91E3-034A1654BAAE.tif,56,1280,626.65,218.12,0.8806,40.37
IXMtest_N12_s7_w166EF3FAB-EA33-4B28-91E3-034A1654BAAE.tif,57,550,60.07,282.16,0.8888,26.46
IXMtest_N12_s7_w166EF3FAB-EA33-4B28-91E3-034A1654BAAE.tif,58,801,267.28,371.32,0.9044,31.94
IXMtest_N12_s7_w166EF3FAB-EA33-4B28-91E3-034A1654BAAE.tif,59,718,254.69,92.05,0.936,30.24
IXMtest_N12_s7_w166EF3FAB-EA33-4B28-91E3-034A1654BAAE.tif,60,657,94.57,69.83,0.8226,28.92
IXMtest_N12_s7_w166EF3FAB-EA33-4B28-91E3-034A1654BAAE.tif,61,542,275.5,486.91,0.8827,26.27
IXMtest_N12_s7_w166EF3FAB-EA33-4B28-91E3-034A1654BAAE.tif,62,547,408.32,129.49,0.8771,26.39
IXMtest_N12_s7_w166EF3FAB-EA33-4B28-91E3-034A1654BAAE.tif,63,520,108.53,487.93,0.8948,25.73
IXMtest_N12_s7_w166EF3FAB-EA33-4B28-91E3-034A1654BAAE.tif,64,553,589.18,79.22,0.7005,26.53
IXMtest_N12_s7_w166EF3FAB-EA33-4B28-91E3-034A1654BAAE.tif,65,750,220.99,430.23,0.9131,30.9
IXMtest_N12_s7_w166EF3FAB-EA33-4B28-91E3-034A1654BAAE.tif,66,610,270.05,204.01,0.8841,27.87
IXMtest_N12_s7_w166EF3FAB-EA33-4B28-91E3-034A1654BAAE.tif,67,583,566.9,210.85,0.9421,27.25
IXMtest_N12_s7_w166EF3FAB-EA33-4B28-91E3-034A1654BAAE.tif,68,590,58.15,486.73,0.946,27.41
IXMtest_N12_s7_w166EF3FAB-EA33-4B28-91E3-034A1654BAAE.tif,69,332,585.24,513.78,0.7491,20.56
IXMtest_N12_s7_w166EF3FAB-EA33-4B28-91E3-034A1654BAAE.tif,70,1723,586.54,257.09,0.4231,46.84
IXMtest_N12_s7_w166EF3FAB-EA33-4B28-91E3-034A1654BAAE.tif,71,473,355.32,136.58,0.9143,24.54
IXMtest_N12_s7_w166EF3FAB-EA33-4B28-91E3-034A1654BAAE.tif,72,930,457.79,224.4,0.9263,34.41
IXMtest_N12_s7_w166EF3FAB-EA33-4B28-91E3-034A1654BAAE.tif,73,533,246.75,139.44,0.8946,26.05
IXMtest_N12_s7_w166EF3FAB-EA33-4B28-91E3-034A1654BAAE.tif,74,221,4.12,314.63,0.6629,16.77
IXMtest_N12_s7_w166EF3FAB-EA33-4B28-91E3-034A1654BAAE.tif,75,687,21.58,64.2,0.6987,29.58
IXMtest_N12_s7_w166EF3FAB-EA33-4B28-91E3-034A1654BAAE.tif,76,187,691.41,466.08,0.7094,15.43
IXMtest_N12_s7_w166EF3FAB-EA33-4B28-91E3-034A1654BAAE.tif,77,950,337.7,21.02,0.8597,34.78
IXMtest_N12_s7_w166EF3FAB-EA33-4B28-91E3-034A1654BAAE.tif,78,1521,515.45,351.05,0.9233,44.01
IXMtest_N12_s7_w166EF3FAB-EA33-4B28-91E3-034A1654BAAE.tif,79,635,440.98,9.83,0.7934,28.43
IXMtest_N12_s7_w166EF3FAB-EA33-4B28-91E3-034A1654BAAE.tif,80,316,4.46,493.28,0.6602,20.06
IXMtest_N12_s7_w166EF3FAB-EA33-4B28-91E3-034A1654BAAE.tif,81,289,5.05,146.92,0.6775,19.18
IXMtest_N12_s7_w166EF3FAB-EA33-4B28-91E3-034A1654BAAE.tif,82,546,293.63,450.46,0.9113,26.37
IXMtest_N12_s7_w166EF3FAB-EA33-4B28-91E3-034A1654BAAE.tif,83,354,563.45,112.3,0.8514,21.23
IXMtest_N12_s7_w166EF3FAB-EA33-4B28-91E3-034A1654BAAE.tif,84,523,385.41,68.57,0.9327,25.81
IXMtest_N12_s7_w166EF3FAB-EA33-4B28-91E3-034A1654BAAE.tif,85,583,516.94,245.95,0.9473,27.25
IXMtest_N12_s7_w166EF3FAB-EA33-4B28-91E3-034A1654BAAE.tif,86,478,551.84,7.97,0.6115,24.67
IXMtest_N12_s7_w166EF3FAB-EA33-4B28-91E3-034A1654BAAE.tif,87,527,88.09,329.68,0.9269,25.9
IXMtest_N12_s7_w166EF3FAB-EA33-4B28-91E3-034A1654BAAE.tif,88,683,638.52,68.58,0.9055,29.49
IXMtest_N12_s7_w166EF3FAB-EA33-4B28-91E3-034A1654BAAE.tif,89,485,594.41,477.94,0.9537,24.85
IXMtest_N12_s7_w166EF3FAB-EA33-4B28-91E3-034A1654BAAE.tif,90,565,507.26,444.98,0.7713,26.82
IXMtest_N12_s7_w166EF3FAB-EA33-4B28-91E3-034A1654BAAE.tif,91,833,68.67,91.9,0.8347,32.57
IXMtest_N12_s7_w166EF3FAB-EA33-4B28-91E3-034A1654BAAE.tif,92,1817,656.86,137.11,0.4823,48.1
IXMtest_N12_s7_w166EF3FAB-EA33-4B28-91E3-034A1654BAAE.tif,93,659,98.67,105.03,0.8843,28.97
IXMtest_N12_s7_w166EF3FAB-EA33-4B28-91E3-034A1654BAAE.tif,94,513,563.96,145.05,0.8728,25.56
IXMtest_N12_s7_w166EF3FAB-EA33-4B28-91E3-034A1654BAAE.tif,95,533,207.34,471.59,0.8546,26.05
IXMtest_N12_s7_w166EF3FAB-EA33-4B28-91E3-034A1654BAAE.tif,96,463,552.1,242.36,0.8644,24.28
IXMtest_N12_s7_w166EF3FAB-EA33-4B28-91E3-034A1654BAAE.tif,97,2148,555.5,452.18,0.4386,52.3
IXMtest_N12_s7_w166EF3FAB-EA33-4B28-91E3-034A1654BAAE.tif,98,1291,278.28,156.01,0.6904,40.54
IXMtest_N12_s7_w166EF3FAB-EA33-4B28-91E3-034A1654BAAE.tif,99,164,690.51,347.8,0.7933,14.45
IXMtest_N12_s7_w166EF3FAB-EA33-4B28-91E3-034A1654BAAE.tif,100,510,594.73,315.39,0.8445,25.48
IXMtest_N12_s9_w1C98EC3CC-2F8E-4761-A21A-EBF14469AD40.tif,1,704,14.8,18.13,0.7897,29.94
IXMtest_N12_s9_w1C98EC3CC-2F8E-4761-A21A-EBF14469AD40.tif,2,616,23.79,390.03,0.7052,28.01
IXMtest_N12_s9_w1C98EC3CC-2F8E-4761-A21A-EBF14469AD40.tif,3,524,254.47,21.61,0.801,25.83
IXMtest_N12_s9_w1C98EC3CC-2F8E-4761-A21A-EBF14469AD40.tif,4,616,244.5,235.52,0.8184,28.01
IXMtest_N12_s9_w1C98EC3CC-2F8E-4761-A21A-EBF14469AD40.tif,5,382,7.77,153.12,0.8103,22.05
IXMtest_N12_s9_w1C98EC3CC-2F8E-4761-A21A-EBF14469AD40.tif,6,711,81.8,120.97,0.7485,30.09
IXMtest_N12_s9_w1C98EC3CC-2F8E-4761-A21A-EBF14469AD40.tif,7,813,551.14,123.52,0.8979,32.17
IXMtest_N12_s9_w1C98EC3CC-2F8E-4761-A21A-EBF14469AD40.tif,8,1507,620.2,336.15,0.615,43.8
IXMtest_N12_s9_w1C98EC3CC-2F8E-4761-A21A-EBF14469AD40.tif,9,516,289.21,11.44,0.8525,25.63
IXMtest_N12_s9_w1C98EC3CC-2F8E-4761-A21A-EBF14469AD40.tif,10,1197,571.13,33.84,0.573,39.04
IXMtest_N12_s9_w1C98EC3CC-2F8E-4761-A21A-EBF14469AD40.tif,11,733,282.11,185.14,0.7428,30.55
IXMtest_N12_s9_w1C98EC3CC-2F8E-4761-A21A-EBF14469AD40.tif,12,1480,454.91,38.15,0.6775,43.41
IXMtest_N12_s9_w1C98EC3CC-2F8E-4761-A21A-EBF14469AD40.tif,13,744,161.92,197.17,0.8217,30.78
IXMtest_N12_s9_w1C98EC3CC-2F8E-4761-A21A-EBF14469AD40.tif,14,1507,612.32,464.31,0.5258,43.8
IXMtest_N12_s9_w1C98EC3CC-2F8E-4761-A21A-EBF14469AD40.tif,15,680,335.7,467.76,0.82,29.42
IXMtest_N12_s9_w1C98EC3CC-2F8E-4761-A21A-EBF14469AD40.tif,16,633,685.78,287.49,0.7363,28.39
IXMtest_N12_s9_w1C98EC3CC-2F8E-4761-A21A-EBF14469AD40.tif,17,829,124.12,203.21,0.9257,32.49
IXMtest_N12_s9_w1C98EC3CC-2F8E-4761-A21A-EBF14469AD40.tif,18,877,380.65,58.92,0.8998,33.42
IXMtest_N12_s9_w1C98EC3CC-2F8E-4761-A21A-EBF14469AD40.tif,19,692,198.74,122.93,0.9021,29.68
IXMtest_N12_s9_w1C98EC3CC-2F8E-4761-A21A-EBF14469AD40.tif,20,660,39.01,198.69,0.8857,28.99
IXMtest_N12_s9_w1C98EC3CC-2F8E-4761-A21A-EBF14469AD40.tif,21,909,379.72,256.98,0.8906,34.02
IXMtest_N12_s9_w1C98EC3CC-2F8E-4761-A21A-EBF14469AD40.tif,22,1291,139.07,410.27,0.6217,40.54
IXMtest_N12_s9_w1C98EC3CC-2F8E-4761-A21A-EBF14469AD40.tif,23,868,618.8,394.12,0.7882,33.24
IXMtest_N12_s9_w1C98EC3CC-2F8E-4761-A21A-EBF14469AD40.tif,24,1063,26.42,462.42,0.8561,36.79
IXMtest_N12_s9_w1C98EC3CC-2F8E-4761-A21A-EBF14469AD40.tif,25,877,471.63,284.91,0.9094,33.42
IXMtest_N12_s9_w1C98EC3CC-2F8E-4761-A21A-EBF14469AD40.tif,26,784,86.7,316.98,0.813,31.59
IXMtest_N12_s9_w1C98EC3CC-2F8E-4761-A21A-EBF14469AD40.tif,27,711,609.26,24.76,0.8859,30.09
IXMtest_N12_s9_w1C98EC3CC-2F8E-4761-A21A-EBF14469AD40.tif,28,637,253.97,177.67,0.763,28.48
IXMtest_N12_s9_w1C98EC3CC-2F8E-4761-A21A-EBF14469AD40.tif,29,642,590.82,128.8,0.8572,28.59
IXMtest_N12_s9_w1C98EC3CC-2F8E-4761-A21A-EBF14469AD40.tif,30,752,240.77,442.62,0.8822,30.94
IXMtest_N12_s9_w1C98EC3CC-2F8E-4761-A21A-EBF14469AD40.tif,31,786,98.91,87.92,0.8259,31.63
IXMtest_N12_s9_w1C98EC3CC-2F8E-4761-A21A-EBF14469AD40.tif,32,592,14.37,248.64,0.9296,27.45
IXMtest_N12_s9_w1C98EC3CC-2F8E-4761-A21A-EBF14469AD40.tif,33,976,143.46,44.07,0.8796,35.25
IXMtest_N12_s9_w1C98EC3CC-2F8E-4761-A21A-EBF14469AD40.tif,34,788,256.13,95.65,0.8997,31.68
IXMtest_N12_s9_w1C98EC3CC-2F8E-4761-A21A-EBF14469AD40.tif,35,691,305.03,366.72,0.8277,29.66
IXMtest_N12_s9_w1C98EC3CC-2F8E-4761-A21A-EBF14469AD40.tif,36,1081,51.66,122.19,0.7718,37.1
IXMtest_N12_s9_w1C98EC3CC-2F8E-4761-A21A-EBF14469AD40.tif,37,635,298.63,487.8,0.8731,28.43
IXMtest_N12_s9_w1C98EC3CC-2F8E-4761-A21A-EBF14469AD40.tif,38,1987,179.42,317.06,0.4159,50.3
IXMtest_N12_s9_w1C98EC3CC-2F8E-4761-A21A-EBF14469AD40.tif,39,618,533.0,166.6,0.9426,28.05
IXMtest_N12_s9_w1C98EC3CC-2F8E-4761-A21A-EBF14469AD40.tif,40,747,405.37,283.45,0.9263,30.84
IXMtest_N12_s9_w1C98EC3CC-2F8E-4761-A21A-EBF14469AD40.tif,41,823,566.29,456.26,0.9048,32.37
IXMtest_N12_s9_w1C98EC3CC-2F8E-4761-A21A-EBF14469AD40.tif,42,334,503.18,512.84,0.7194,20.62
IXMtest_N12_s9_w1C98EC3CC-2F8E-4761-A21A-EBF14469AD40.tif,43,870,377.08,489.3,0.8523,33.28
IXMtest_N12_s9_w1C98EC3CC-2F8E-4761-A21A-EBF14469AD40.tif,44,712,316.21,48.78,0.8569,30.11
IXMtest_N12_s9_w1C98EC3CC-2F8E-4761-A21A-EBF14469AD40.tif,45,611,517.21,260.28,0.8021,27.89
IXMtest_N12_s9_w1C98EC3CC-2F8E-4761-A21A-EBF14469AD40.tif,46,903,639.92,499.13,0.8282,33.91
IXMtest_N12_s9_w1C98EC3CC-2F8E-4761-A21A-EBF14469AD40.tif,47,854,673.72,422.53,0.9432,32.97
IXMtest_N12_s9_w1C98EC3CC-2F8E-4761-A21A-EBF14469AD40.tif,48,795,442.49,113.3,0.9433,31.82
IXMtest_N12_s9_w1C98EC3CC-2F8E-4761-A21A-EBF14469AD40.tif,49,727,324.24,176.68,0.8394,30.42
IXMtest_N12_s9_w1C98EC3CC-2F8E-4761-A21A-EBF14469AD40.tif,50,642,604.62,242.7,0.9544,28.59
IXMtest_N12_s9_w1C98EC3CC-2F8E-4761-A21A-EBF14469AD40.tif,51,964,330.11,90.02,0.8498,35.03
IXMtest_N12_s9_w1C98EC3CC-2F8E-4761-A21A-EBF14469AD40.tif,52,338,10.36,420.59,0.9709,20.74
IXMtest_N12_s9_w1C98EC3CC-2F8E-4761-A21A-EBF14469AD40.tif,53,728,381.05,122.74,0.8923,30.45
IXMtest_N12_s9_w1C98EC3CC-2F8E-4761-A21A-EBF14469AD40.tif,54,562,12.81,359.51,0.8825,26.75
IXMtest_N12_s9_w1C98EC3CC-2F8E-4761-A21A-EBF14469AD40.tif,55,705,497.51,483.74,0.8049,29.96
IXMtest_N12_s9_w1C98EC3CC-2F8E-4761-A21A-EBF14469AD40.tif,56,604,519.4,317.68,0.8885,27.73
IXMtest_N12_s9_w1C98EC3CC-2F8E-4761-A21A-EBF14469AD40.tif,57,782,566.51,92.16,0.731,31.55
IXMtest_N12_s9_w1C98EC3CC-2F8E-4761-A21A-EBF14469AD40.tif,58,699,225.03,42.3,0.9495,29.83
IXMtest_N12_s9_w1C98EC3CC-2F8E-4761-A21A-EBF14469AD40.tif,59,718,625.92,156.98,0.8368,30.24
IXMtest_N12_s9_w1C98EC3CC-2F8E-4761-A21A-EBF14469AD40.tif,60,824,276.26,292.9,0.9042,32.39
IXMtest_N12_s9_w1C98EC3CC-2F8E-4761-A21A-EBF14469AD40.tif,61,1458,427.4,327.59,0.6573,43.09
IXMtest_N12_s9_w1C98EC3CC-2F8E-4761-A21A-EBF14469AD40.tif,62,691,321.01,228.87,0.9135,29.66
IXMtest_N12_s9_w1C98EC3CC-2F8E-4761-A21A-EBF14469AD40.tif,63,676,121.11,323.0,0.79,29.34
IXMtest_N12_s9_w1C98EC3CC-2F8E-4761-A21A-EBF14469AD40.tif,64,831,309.96,322.97,0.922,32.53
IXMtest_N12_s9_w1C98EC3CC-2F8E-4761-A21A-EBF14469AD40.tif,65,696,213.19,503.03,0.957,29.77
IXMtest_N12_s9_w1C98EC3CC-2F8E-4761-A21A-EBF14469AD40.tif,66,555,75.33,257.04,0.9315,26.58
IXMtest_N12_s9_w1C98EC3CC-2F8E-4761-A21A-EBF14469AD40.tif,67,638,121.91,158.91,0.9435,28.5
IXMtest_N12_s9_w1C98EC3CC-2F8E-4761-A21A-EBF14469AD40.tif,68,1101,438.45,412.29,0.921,37.44
IXMtest_N12_s9_w1C98EC3CC-2F8E-4761-A21A-EBF14469AD40.tif,69,1134,92.38,20.09,0.9307,38.0
IXMtest_N12_s9_w1C98EC3CC-2F8E-4761-A21A-EBF14469AD40.tif,70,720,76.06,377.16,0.9166,30.28
IXMtest_N12_s9_w1C98EC3CC-2F8E-4761-A21A-EBF14469AD40.tif,71,789,418.11,160.38,0.8834,31.7
IXMtest_N12_s9_w1C98EC3CC-2F8E-4761-A21A-EBF14469AD40.tif,72,663,207.88,253.25,0.8897,29.05
IXMtest_N12_s9_w1C98EC3CC-2F8E-4761-A21A-EBF14469AD40.tif,73,802,504.69,385.08,0.8956,31.96
IXMtest_N12_s9_w1C98EC3CC-2F8E-4761-A21A-EBF14469AD40.tif,74,660,233.19,331.59,0.9254,28.99
IXMtest_N12_s9_w1C98EC3CC-2F8E-4761-A21A-EBF14469AD40.tif,75,735,484.38,344.38,0.9202,30.59
IXMtest_N12_s9_w1C98EC3CC-2F8E-4761-A21A-EBF14469AD40.tif,76,516,664.48,27.88,0.8431,25.63
IXMtest_N12_s9_w1C98EC3CC-2F8E-4761-A21A-EBF14469AD40.tif,77,740,493.5,74.91,0.8822,30.7
IXMtest_N12_s9_w1C98EC3CC-2F8E-4761-A21A-EBF14469AD40.tif,78,861,363.29,342.29,0.8313,33.11
IXMtest_N12_s9_w1C98EC3CC-2F8E-4761-A21A-EBF14469AD40.tif,79,636,477.38,142.34,0.8853,28.46
IXMtest_N12_s9_w1C98EC3CC-2F8E-4761-A21A-EBF14469AD40.tif,80,222,691.43,117.43,0.622,16.81
IXMtest_N12_s9_w1C98EC3CC-2F8E-4761-A21A-EBF14469AD40.tif,81,1703,27.92,305.18,0.7323,46.57
IXMtest_N12_s9_w1C98EC3CC-2F8E-4761-A21A-EBF14469AD40.tif,82,551,594.28,200.62,0.9145,26.49
IXMtest_N12_s9_w1C98EC3CC-2F8E-4761-A21A-EBF14469AD40.tif,83,589,165.64,244.04,0.8001,27.38
IXMtest_N12_s9_w1C98EC3CC-2F8E-4761-A21A-EBF14469AD40.tif,84,1039,33.84,502.41,0.9143,36.37
IXMtest_N12_s9_w1C98EC3CC-2F8E-4761-A21A-EBF14469AD40.tif,85,532,547.74,65.44,0.9622,26.03
IXMtest_N12_s9_w1C98EC3CC-2F8E-4761-A21A-EBF14469AD40.tif,86,1847,132.84,489.66,0.5606,48.49
IXMtest_N12_s9_w1C98EC3CC-2F8E-4761-A21A-EBF14469AD40.tif,87,645,439.97,231.15,0.9418,28.66
IXMtest_N12_s9_w1C98EC3CC-2F8E-4761-A21A-EBF14469AD40.tif,88,598,369.57,11.86,0.8471,27.59
IXMtest_N12_s9_w1C98EC3CC-2F8E-4761-A21A-EBF14469AD40.tif,89,645,575.21,257.66,0.8569,28.66
IXMtest_N12_s9_w1C98EC3CC-2F8E-4761-A21A-EBF14469AD40.tif,90,581,654.48,92.15,0.9568,27.2
IXMtest_N12_s9_w1C98EC3CC-2F8E-4761-A21A-EBF14469AD40.tif,91,845,195.85,184.52,0.751,32.8
IXMtest_N12_s9_w1C98EC3CC-2F8E-4761-A21A-EBF14469AD40.tif,92,581,117.99,276.25,0.8334,27.2
IXMtest_N12_s9_w1C98EC3CC-2F8E-4761-A21A-EBF14469AD40.tif,93,678,491.89,220.01,0.939,29.38
IXMtest_N12_s9_w1C98EC3CC-2F8E-4761-A21A-EBF14469AD40.tif,94,643,559.05,371.96,0.9043,28.61
IXMtest_N12_s9_w1C98EC3CC-2F8E-4761-A21A-EBF14469AD40.tif,95,415,246.86,508.87,0.9135,22.99
IXMtest_N12_s9_w1C98EC3CC-2F8E-4761-A21A-EBF14469AD40.tif,96,628,550.25,503.46,0.8487,28.28
IXMtest_N12_s9_w1C98EC3CC-2F8E-4761-A21A-EBF14469AD40.tif,97,410,685.95,25.56,0.883,22.85
IXMtest_N12_s9_w1C98EC3CC-2F8E-4761-A21A-EBF14469AD40.tif,98,760,568.57,411.72,0.8661,31.11
IXMtest_N12_s9_w1C98EC3CC-2F8E-4761-A21A-EBF14469AD40.tif,99,443,179.44,404.31,0.8533,23.75
IXMtest_N12_s9_w1C98EC3CC-2F8E-4761-A21A-EBF14469AD40.tif,100,452,537.28,410.21,0.9409,23.99
IXMtest_N15_s3_w148785C31-5B78-47BA-8802-FB8F2CEA6BE2.tif,1,1141,467.61,456.93,0.8317,38.12
IXMtest_N15_s3_w148785C31-5B78-47BA-8802-FB8F2CEA6BE2.tif,2,497,530.82,513.31,0.4527,25.16
IXMtest_N15_s3_w148785C31-5B78-47BA-8802-FB8F2CEA6BE2.tif,3,646,80.9,272.49,0.8104,28.68
IXMtest_N15_s3_w148785C31-5B78-47BA-8802-FB8F2CEA6BE2.tif,4,1868,272.94,100.59,0.4895,48.77
IXMtest_N15_s3_w148785C31-5B78-47BA-8802-FB8F2CEA6BE2.tif,5,821,202.68,190.41,0.8335,32.33
IXMtest_N15_s3_w148785C31-5B78-47BA-8802-FB8F2CEA6BE2.tif,6,795,118.58,193.55,0.878,31.82
IXMtest_N15_s3_w148785C31-5B78-47BA-8802-FB8F2CEA6BE2.tif,7,839,78.21,78.39,0.8833,32.68
IXMtest_N15_s3_w148785C31-5B78-47BA-8802-FB8F2CEA6BE2.tif,8,622,181.9,436.41,0.8467,28.14
IXMtest_N15_s3_w148785C31-5B78-47BA-8802-FB8F2CEA6BE2.tif,9,792,282.88,263.75,0.7221,31.76
IXMtest_N15_s3_w148785C31-5B78-47BA-8802-FB8F2CEA6BE2.tif,10,887,98.33,412.28,0.8966,33.61
IXMtest_N15_s3_w148785C31-5B78-47BA-8802-FB8F2CEA6BE2.tif,11,984,177.73,59.52,0.9461,35.4
IXMtest_N15_s3_w148785C31-5B78-47BA-8802-FB8F2CEA6BE2.tif,12,755,619.74,197.6,0.9148,31.0
IXMtest_N15_s3_w148785C31-5B78-47BA-8802-FB8F2CEA6BE2.tif,13,988,540.29,441.21,0.7387,35.47
IXMtest_N15_s3_w148785C31-5B78-47BA-8802-FB8F2CEA6BE2.tif,14,905,546.81,329.82,0.8959,33.95
IXMtest_N15_s3_w148785C31-5B78-47BA-8802-FB8F2CEA6BE2.tif,15,861,551.4,119.74,0.8523,33.11
IXMtest_N15_s3_w148785C31-5B78-47BA-8802-FB8F2CEA6BE2.tif,16,692,245.37,356.69,0.8932,29.68
IXMtest_N15_s3_w148785C31-5B78-47BA-8802-FB8F2CEA6BE2.tif,17,430,468.86,4.79,0.549,23.4
IXMtest_N15_s3_w148785C31-5B78-47BA-8802-FB8F2CEA6BE2.tif,18,937,476.16,353.89,0.8152,34.54
IXMtest_N15_s3_w148785C31-5B78-47BA-8802-FB8F2CEA6BE2.tif,19,559,321.21,437.7,0.7215,26.68
IXMtest_N15_s3_w148785C31-5B78-47BA-8802-FB8F2CEA6BE2.tif,20,804,324.13,138.61,0.8249,32.0
IXMtest_N15_s3_w148785C31-5B78-47BA-8802-FB8F2CEA6BE2.tif,21,1015,665.48,155.55,0.9277,35.95
IXMtest_N15_s3_w148785C31-5B78-47BA-8802-FB8F2CEA6BE2.tif,22,821,158.14,238.23,0.905,32.33
IXMtest_N15_s3_w148785C31-5B78-47BA-8802-FB8F2CEA6BE2.tif,23,825,529.59,281.52,0.8152,32.41
IXMtest_N15_s3_w148785C31-5B78-47BA-8802-FB8F2CEA6BE2.tif,24,574,380.17,29.47,0.8708,27.03
IXMtest_N15_s3_w148785C31-5B78-47BA-8802-FB8F2CEA6BE2.tif,25,953,306.86,288.64,0.8504,34.83
IXMtest_N15_s3_w148785C31-5B78-47BA-8802-FB8F2CEA6BE2.tif,26,679,93.02,231.56,0.9177,29.4
IXMtest_N15_s3_w148785C31-5B78-47BA-8802-FB8F2CEA6BE2.tif,27,734,153.57,328.88,0.8611,30.57
IXMtest_N15_s3_w148785C31-5B78-47BA-8802-FB8F2CEA6BE2.tif,28,571,40.49,442.02,0.8381,26.96
IXMtest_N15_s3_w148785C31-5B78-47BA-8802-FB8F2CEA6BE2.tif,29,1501,438.29,126.98,0.8694,43.72
IXMtest_N15_s3_w148785C31-5B78-47BA-8802-FB8F2CEA6BE2.tif,30,933,71.17,157.84,0.8458,34.47
IXMtest_N15_s3_w148785C31-5B78-47BA-8802-FB8F2CEA6BE2.tif,31,701,684.25,104.19,0.8285,29.88
IXMtest_N15_s3_w148785C31-5B78-47BA-8802-FB8F2CEA6BE2.tif,32,745,227.74,403.68,0.9346,30.8
IXMtest_N15_s3_w148785C31-5B78-47BA-8802-FB8F2CEA6BE2.tif,33,781,617.04,303.68,0.8625,31.53
IXMtest_N15_s3_w148785C31-5B78-47BA-8802-FB8F2CEA6BE2.tif,34,601,59.94,312.29,0.8409,27.66
IXMtest_N15_s3_w148785C31-5B78-47BA-8802-FB8F2CEA6BE2.tif,35,1002,658.93,405.38,0.786,35.72
IXMtest_N15_s3_w148785C31-5B78-47BA-8802-FB8F2CEA6BE2.tif,36,633,187.4,292.68,0.9361,28.39
IXMtest_N15_s3_w148785C31-5B78-47BA-8802-FB8F2CEA6BE2.tif,37,1332,515.24,72.93,0.9131,41.18
IXMtest_N15_s3_w148785C31-5B78-47BA-8802-FB8F2CEA6BE2.tif,38,711,618.81,348.96,0.8615,30.09
IXMtest_N15_s3_w148785C31-5B78-47BA-8802-FB8F2CEA6BE2.tif,39,867,267.87,202.33,0.862,33.22
IXMtest_N15_s3_w148785C31-5B78-47BA-8802-FB8F2CEA6BE2.tif,40,858,565.46,407.58,0.933,33.05
IXMtest_N15_s3_w148785C31-5B78-47BA-8802-FB8F2CEA6BE2.tif,41,746,42.84,342.87,0.9082,30.82
IXMtest_N15_s3_w148785C31-5B78-47BA-8802-FB8F2CEA6BE2.tif,42,614,9.75,310.45,0.8511,27.96
IXMtest_N15_s3_w148785C31-5B78-47BA-8802-FB8F2CEA6BE2.tif,43,504,389.0,485.41,0.9767,25.33
IXMtest_N15_s3_w148785C31-5B78-47BA-8802-FB8F2CEA6BE2.tif,44,996,494.89,423.49,0.8411,35.61
IXMtest_N15_s3_w148785C31-5B78-47BA-8802-FB8F2CEA6BE2.tif,45,768,327.16,366.94,0.8283,31.27
IXMtest_N15_s3_w148785C31-5B78-47BA-8802-FB8F2CEA6BE2.tif,46,827,603.5,499.34,0.8323,32.45
IXMtest_N15_s3_w148785C31-5B78-47BA-8802-FB8F2CEA6BE2.tif,47,799,111.75,101.38,0.8808,31.9
IXMtest_N15_s3_w148785C31-5B78-47BA-8802-FB8F2CEA6BE2.tif,48,780,198.25,19.56,0.9281,31.51
IXMtest_N15_s3_w148785C31-5B78-47BA-8802-FB8F2CEA6BE2.tif,49,1581,533.73,186.52,0.9519,44.87
IXMtest_N15_s3_w148785C31-5B78-47BA-8802-FB8F2CEA6BE2.tif,50,643,582.37,71.74,0.8543,28.61
IXMtest_N15_s3_w148785C31-5B78-47BA-8802-FB8F2CEA6BE2.tif,51,663,337.15,60.39,0.8916,29.05
IXMtest_N15_s3_w148785C31-5B78-47BA-8802-FB8F2CEA6BE2.tif,52,776,355.32,284.77,0.9557,31.43
IXMtest_N15_s3_w148785C31-5B78-47BA-8802-FB8F2CEA6BE2.tif,53,734,614.32,408.3,0.904,30.57
IXMtest_N15_s3_w148785C31-5B78-47BA-8802-FB8F2CEA6BE2.tif,54,607,105.22,356.26,0.8617,27.8
IXMtest_N15_s3_w148785C31-5B78-47BA-8802-FB8F2CEA6BE2.tif,55,225,690.85,324.38,0.6946,16.93
IXMtest_N15_s3_w148785C31-5B78-47BA-8802-FB8F2CEA6BE2.tif,56,772,229.85,127.91,0.9508,31.35
IXMtest_N15_s3_w148785C31-5B78-47BA-8802-FB8F2CEA6BE2.tif,57,1083,459.85,262.02,0.7854,37.13
IXMtest_N15_s3_w148785C31-5B78-47BA-8802-FB8F2CEA6BE2.tif,58,895,431.12,493.57,0.859,33.76
IXMtest_N15_s3_w148785C31-5B78-47BA-8802-FB8F2CEA6BE2.tif,59,761,372.05,208.55,0.9594,31.13
IXMtest_N15_s3_w148785C31-5B78-47BA-8802-FB8F2CEA6BE2.tif,60,562,42.27,405.45,0.9132,26.75
IXMtest_N15_s3_w148785C31-5B78-47BA-8802-FB8F2CEA6BE2.tif,61,834,282.59,26.34,0.9069,32.59
IXMtest_N15_s3_w148785C31-5B78-47BA-8802-FB8F2CEA6BE2.tif,62,534,628.97,15.31,0.845,26.08
IXMtest_N15_s3_w148785C31-5B78-47BA-8802-FB8F2CEA6BE2.tif,63,550,409.28,44.1,0.8888,26.46
IXMtest_N15_s3_w148785C31-5B78-47BA-8802-FB8F2CEA6BE2.tif,64,614,150.55,482.54,0.8698,27.96
IXMtest_N15_s3_w148785C31-5B78-47BA-8802-FB8F2CEA6BE2.tif,65,571,92.54,494.98,0.8938,26.96
IXMtest_N15_s3_w148785C31-5B78-47BA-8802-FB8F2CEA6BE2.tif,66,626,286.99,420.38,0.7315,28.23
IXMtest_N15_s3_w148785C31-5B78-47BA-8802-FB8F2CEA6BE2.tif,67,879,403.41,445.02,0.8183,33.45
IXMtest_N15_s3_w148785C31-5B78-47BA-8802-FB8F2CEA6BE2.tif,68,602,679.28,376.98,0.8725,27.69
IXMtest_N15_s3_w148785C31-5B78-47BA-8802-FB8F2CEA6BE2.tif,69,551,355.22,368.48,0.8904,26.49
IXMtest_N15_s3_w148785C31-5B78-47BA-8802-FB8F2CEA6BE2.tif,70,410,342.37,508.92,0.8642,22.85
IXMtest_N15_s3_w148785C31-5B78-47BA-8802-FB8F2CEA6BE2.tif,71,729,675.64,454.37,0.919,30.47
IXMtest_N15_s3_w148785C31-5B78-47BA-8802-FB8F2CEA6BE2.tif,72,1017,633.65,439.7,0.6926,35.98
IXMtest_N15_s3_w148785C31-5B78-47BA-8802-FB8F2CEA6BE2.tif,73,487,285.45,502.24,0.8046,24.9
IXMtest_N15_s3_w148785C31-5B78-47BA-8802-FB8F2CEA6BE2.tif,74,530,361.59,426.35,0.8612,25.98
IXMtest_N15_s3_w148785C31-5B78-47BA-8802-FB8F2CEA6BE2.tif,75,226,42.37,474.3,0.9398,16.96
IXMtest_N15_s3_w148785C31-5B78-47BA-8802-FB8F2CEA6BE2.tif,76,990,414.27,365.73,0.8593,35.5
IXMtest_N15_s3_w148785C31-5B78-47BA-8802-FB8F2CEA6BE2.tif,77,336,18.74,468.89,1.0,20.68
IXMtest_N15_s3_w148785C31-5B78-47BA-8802-FB8F2CEA6BE2.tif,78,641,384.28,87.47,0.8217,28.57
IXMtest_N15_s3_w148785C31-5B78-47BA-8802-FB8F2CEA6BE2.tif,79,552,254.14,472.1,0.8621,26.51
IXMtest_N15_s3_w148785C31-5B78-47BA-8802-FB8F2CEA6BE2.tif,80,163,531.57,3.77,0.7534,14.41
IXMtest_N15_s3_w148785C31-5B78-47BA-8802-FB8F2CEA6BE2.tif,81,435,577.05,11.46,0.9031,23.53
IXMtest_N15_s3_w148785C31-5B78-47BA-8802-FB8F2CEA6BE2.tif,82,427,441.1,312.41,0.6548,23.32
IXMtest_N15_s3_w148785C31-5B78-47BA-8802-FB8F2CEA6BE2.tif,83,1284,147.65,151.56,0.7215,40.43
IXMtest_N15_s3_w148785C31-5B78-47BA-8802-FB8F2CEA6BE2.tif,84,877,196.87,496.98,0.5879,33.42
IXMtest_N15_s3_w148785C31-5B78-47BA-8802-FB8F2CEA6BE2.tif,85,124,241.98,2.7,0.7211,12.57
IXMtest_N15_s3_w148785C31-5B78-47BA-8802-FB8F2CEA6BE2.tif,86,417,690.75,284.41,0.3843,23.04
IXMtest_N15_s8_w16DBEFA45-FE5A-4233-A1B9-89CA8CF81FB8.tif,1,813,679.29,87.73,0.7309,32.17
IXMtest_N15_s8_w16DBEFA45-FE5A-4233-A1B9-89CA8CF81FB8.tif,2,598,37.6,510.17,0.6878,27.59
IXMtest_N15_s8_w16DBEFA45-FE5A-4233-A1B9-89CA8CF81FB8.tif,3,1053,187.81,424.92,0.7409,36.62
IXMtest_N15_s8_w16DBEFA45-FE5A-4233-A1B9-89CA8CF81FB8.tif,4,292,587.5,160.61,0.9355,19.28
IXMtest_N15_s8_w16DBEFA45-FE5A-4233-A1B9-89CA8CF81FB8.tif,5,751,166.52,450.5,0.8079,30.92
IXMtest_N15_s8_w16DBEFA45-FE5A-4233-A1B9-89CA8CF81FB8.tif,6,589,13.16,324.89,0.8964,27.38
IXMtest_N15_s8_w16DBEFA45-FE5A-4233-A1B9-89CA8CF81FB8.tif,7,455,164.82,510.01,0.7938,24.07
IXMtest_N15_s8_w16DBEFA45-FE5A-4233-A1B9-89CA8CF81FB8.tif,8,341,450.11,5.22,0.708,20.84
IXMtest_N15_s8_w16DBEFA45-FE5A-4233-A1B9-89CA8CF81FB8.tif,9,640,404.05,405.18,0.6738,28.55
IXMtest_N15_s8_w16DBEFA45-FE5A-4233-A1B9-89CA8CF81FB8.tif,10,1370,106.77,142.5,0.8277,41.77
IXMtest_N15_s8_w16DBEFA45-FE5A-4233-A1B9-89CA8CF81FB8.tif,11,664,31.25,135.29,0.7916,29.08
IXMtest_N15_s8_w16DBEFA45-FE5A-4233-A1B9-89CA8CF81FB8.tif,12,654,364.89,300.33,0.735,28.86
IXMtest_N15_s8_w16DBEFA45-FE5A-4233-A1B9-89CA8CF81FB8.tif,13,913,70.22,483.07,0.8228,34.09
IXMtest_N15_s8_w16DBEFA45-FE5A-4233-A1B9-89CA8CF81FB8.tif,14,861,450.32,433.29,0.6681,33.11
IXMtest_N15_s8_w16DBEFA45-FE5A-4233-A1B9-89CA8CF81FB8.tif,15,786,85.15,30.89,0.8974,31.63
IXMtest_N15_s8_w16DBEFA45-FE5A-4233-A1B9-89CA8CF81FB8.tif,16,706,321.43,252.14,0.8417,29.98
IXMtest_N15_s8_w16DBEFA45-FE5A-4233-A1B9-89CA8CF81FB8.tif,17,880,574.55,260.39,0.801,33.47
IXMtest_N15_s8_w16DBEFA45-FE5A-4233-A1B9-89CA8CF81FB8.tif,18,121,3.63,56.02,0.9277,12.41
IXMtest_N15_s8_w16DBEFA45-FE5A-4233-A1B9-89CA8CF81FB8.tif,19,725,228.84,224.83,0.8028,30.38
IXMtest_N15_s8_w16DBEFA45-FE5A-4233-A1B9-89CA8CF81FB8.tif,20,969,444.01,308.98,0.909,35.13
IXMtest_N15_s8_w16DBEFA45-FE5A-4233-A1B9-89CA8CF81FB8.tif,21,953,292.17,359.76,0.8813,34.83
IXMtest_N15_s8_w16DBEFA45-FE5A-4233-A1B9-89CA8CF81FB8.tif,22,778,282.36,447.75,0.8965,31.47
IXMtest_N15_s8_w16DBEFA45-FE5A-4233-A1B9-89CA8CF81FB8.tif,23,686,147.94,325.09,0.8961,29.55
IXMtest_N15_s8_w16DBEFA45-FE5A-4233-A1B9-89CA8CF81FB8.tif,24,971,577.05,325.24,0.9055,35.16
IXMtest_N15_s8_w16DBEFA45-FE5A-4233-A1B9-89CA8CF81FB8.tif,25,945,496.79,292.69,0.9047,34.69
IXMtest_N15_s8_w16DBEFA45-FE5A-4233-A1B9-89CA8CF81FB8.tif,26,1292,326.91,328.96,0.6133,40.56
IXMtest_N15_s8_w16DBEFA45-FE5A-4233-A1B9-89CA8CF81FB8.tif,27,1057,191.7,315.59,0.8792,36.69
IXMtest_N15_s8_w16DBEFA45-FE5A-4233-A1B9-89CA8CF81FB8.tif,28,1139,576.69,101.27,0.8535,38.08
IXMtest_N15_s8_w16DBEFA45-FE5A-4233-A1B9-89CA8CF81FB8.tif,29,749,544.43,230.1,0.8929,30.88
IXMtest_N15_s8_w16DBEFA45-FE5A-4233-A1B9-89CA8CF81FB8.tif,30,707,322.37,496.48,0.7983,30.0
IXMtest_N15_s8_w16DBEFA45-FE5A-4233-A1B9-89CA8CF81FB8.tif,31,767,410.63,478.41,0.8526,31.25
IXMtest_N15_s8_w16DBEFA45-FE5A-4233-A1B9-89CA8CF81FB8.tif,32,239,688.47,479.86,0.8237,17.44
IXMtest_N15_s8_w16DBEFA45-FE5A-4233-A1B9-89CA8CF81FB8.tif,33,734,270.81,504.9,0.8364,30.57
IXMtest_N15_s8_w16DBEFA45-FE5A-4233-A1B9-89CA8CF81FB8.tif,34,756,137.15,272.47,0.8403,31.03
IXMtest_N15_s8_w16DBEFA45-FE5A-4233-A1B9-89CA8CF81FB8.tif,35,645,16.42,16.64,0.8484,28.66
IXMtest_N15_s8_w16DBEFA45-FE5A-4233-A1B9-89CA8CF81FB8.tif,36,846,615.07,57.93,0.9159,32.82
IXMtest_N15_s8_w16DBEFA45-FE5A-4233-A1B9-89CA8CF81FB8.tif,37,1095,623.35,427.24,0.8868,37.34
IXMtest_N15_s8_w16DBEFA45-FE5A-4233-A1B9-89CA8CF81FB8.tif,38,754,27.39,64.94,0.9685,30.98
IXMtest_N15_s8_w16DBEFA45-FE5A-4233-A1B9-89CA8CF81FB8.tif,39,683,295.5,396.49,0.7682,29.49
IXMtest_N15_s8_w16DBEFA45-FE5A-4233-A1B9-89CA8CF81FB8.tif,40,867,640.48,106.71,0.8951,33.22
IXMtest_N15_s8_w16DBEFA45-FE5A-4233-A1B9-89CA8CF81FB8.tif,41,584,9.49,260.33,0.6935,27.27
IXMtest_N15_s8_w16DBEFA45-FE5A-4233-A1B9-89CA8CF81FB8.tif,42,879,484.66,159.32,0.835,33.45
IXMtest_N15_s8_w16DBEFA45-FE5A-4233-A1B9-89CA8CF81FB8.tif,43,647,70.37,206.91,0.8961,28.7
IXMtest_N15_s8_w16DBEFA45-FE5A-4233-A1B9-89CA8CF81FB8.tif,44,975,202.66,260.28,0.8875,35.23
IXMtest_N15_s8_w16DBEFA45-FE5A-4233-A1B9-89CA8CF81FB8.tif,45,672,468.79,380.04,0.9471,29.25
IXMtest_N15_s8_w16DBEFA45-FE5A-4233-A1B9-89CA8CF81FB8.tif,46,654,367.63,370.7,0.8751,28.86
IXMtest_N15_s8_w16DBEFA45-FE5A-4233-A1B9-89CA8CF81FB8.tif,47,743,522.08,471.03,0.9002,30.76
IXMtest_N15_s8_w16DBEFA45-FE5A-4233-A1B9-89CA8CF81FB8.tif,48,690,555.61,16.58,0.9213,29.64
IXMtest_N15_s8_w16DBEFA45-FE5A-4233-A1B9-89CA8CF81FB8.tif,49,993,486.18,247.32,0.9433,35.56
IXMtest_N15_s8_w16DBEFA45-FE5A-4233-A1B9-89CA8CF81FB8.tif,50,457,373.14,510.28,0.8964,24.12
IXMtest_N15_s8_w16DBEFA45-FE5A-4233-A1B9-89CA8CF81FB8.tif,51,654,526.52,204.97,0.7651,28.86
IXMtest_N15_s8_w16DBEFA45-FE5A-4233-A1B9-89CA8CF81FB8.tif,52,920,522.35,111.12,0.8558,34.23
IXMtest_N15_s8_w16DBEFA45-FE5A-4233-A1B9-89CA8CF81FB8.tif,53,708,567.72,425.22,0.9184,30.02
IXMtest_N15_s8_w16DBEFA45-FE5A-4233-A1B9-89CA8CF81FB8.tif,54,491,685.66,380.34,0.8859,25.0
IXMtest_N15_s8_w16DBEFA45-FE5A-4233-A1B9-89CA8CF81FB8.tif,55,747,561.51,362.1,0.9482,30.84
IXMtest_N15_s8_w16DBEFA45-FE5A-4233-A1B9-89CA8CF81FB8.tif,56,1304,633.91,356.51,0.4652,40.75
IXMtest_N15_s8_w16DBEFA45-FE5A-4233-A1B9-89CA8CF81FB8.tif,57,907,402.36,214.71,0.8508,33.98
IXMtest_N15_s8_w16DBEFA45-FE5A-4233-A1B9-89CA8CF81FB8.tif,58,836,455.76,470.56,0.8141,32.63
IXMtest_N15_s8_w16DBEFA45-FE5A-4233-A1B9-89CA8CF81FB8.tif,59,327,7.02,499.58,0.8214,20.4
IXMtest_N15_s8_w16DBEFA45-FE5A-4233-A1B9-89CA8CF81FB8.tif,60,661,116.46,396.62,0.9249,29.01
IXMtest_N15_s8_w16DBEFA45-FE5A-4233-A1B9-89CA8CF81FB8.tif,61,1482,20.29,414.25,0.676,43.44
IXMtest_N15_s8_w16DBEFA45-FE5A-4233-A1B9-89CA8CF81FB8.tif,62,800,38.36,343.24,0.895,31.92
IXMtest_N15_s8_w16DBEFA45-FE5A-4233-A1B9-89CA8CF81FB8.tif,63,742,615.4,168.95,0.827,30.74
IXMtest_N15_s8_w16DBEFA45-FE5A-4233-A1B9-89CA8CF81FB8.tif,64,557,683.51,420.0,0.896,26.63
IXMtest_N15_s8_w16DBEFA45-FE5A-4233-A1B9-89CA8CF81FB8.tif,65,857,83.95,310.09,0.8755,33.03
IXMtest_N15_s8_w16DBEFA45-FE5A-4233-A1B9-89CA8CF81FB8.tif,66,657,260.73,300.54,0.8711,28.92
IXMtest_N15_s8_w16DBEFA45-FE5A-4233-A1B9-89CA8CF81FB8.tif,67,659,654.82,391.87,0.7731,28.97
IXMtest_N15_s8_w16DBEFA45-FE5A-4233-A1B9-89CA8CF81FB8.tif,68,894,31.26,168.75,0.6986,33.74
IXMtest_N15_s8_w16DBEFA45-FE5A-4233-A1B9-89CA8CF81FB8.tif,69,705,530.64,420.76,0.8525,29.96
IXMtest_N15_s8_w16DBEFA45-FE5A-4233-A1B9-89CA8CF81FB8.tif,70,597,663.06,506.72,0.8092,27.57
IXMtest_N15_s8_w16DBEFA45-FE5A-4233-A1B9-89CA8CF81FB8.tif,71,659,353.66,468.24,0.9336,28.97
IXMtest_N15_s8_w16DBEFA45-FE5A-4233-A1B9-89CA8CF81FB8.tif,72,903,678.64,156.7,0.8847,33.91
IXMtest_N15_s8_w16DBEFA45-FE5A-4233-A1B9-89CA8CF81FB8.tif,73,538,626.15,263.2,0.9227,26.17
IXMtest_N15_s8_w16DBEFA45-FE5A-4233-A1B9-89CA8CF81FB8.tif,74,690,70.82,413.87,0.7936,29.64
IXMtest_N15_s8_w16DBEFA45-FE5A-4233-A1B9-89CA8CF81FB8.tif,75,202,223.4,515.85,0.539,16.04
IXMtest_N15_s8_w16DBEFA45-FE5A-4233-A1B9-89CA8CF81FB8.tif,76,698,619.88,481.13,0.8886,29.81
IXMtest_N15_s8_w16DBEFA45-FE5A-4233-A1B9-89CA8CF81FB8.tif,77,835,574.75,492.2,0.8419,32.61
IXMtest_N15_s8_w16DBEFA45-FE5A-4233-A1B9-89CA8CF81FB8.tif,78,541,211.69,405.12,0.7254,26.25
IXMtest_N15_s8_w16DBEFA45-FE5A-4233-A1B9-89CA8CF81FB8.tif,79,1425,130.29,471.39,0.6821,42.6
IXMtest_N15_s8_w16DBEFA45-FE5A-4233-A1B9-89CA8CF81FB8.tif,80,1610,667.29,244.71,0.5789,45.28
IXMtest_N15_s8_w16DBEFA45-FE5A-4233-A1B9-89CA8CF81FB8.tif,81,366,655.17,8.33,0.8778,21.59
IXMtest_N15_s8_w16DBEFA45-FE5A-4233-A1B9-89CA8CF81FB8.tif,82,679,597.82,234.22,0.8746,29.4
IXMtest_N15_s8_w16DBEFA45-FE5A-4233-A1B9-89CA8CF81FB8.tif,83,765,678.99,317.94,0.7418,31.21
IXMtest_N15_s8_w16DBEFA45-FE5A-4233-A1B9-89CA8CF81FB8.tif,84,595,11.16,202.14,0.6159,27.52
IXMtest_N15_s8_w16DBEFA45-FE5A-4233-A1B9-89CA8CF81FB8.tif,85,551,620.4,328.37,0.8787,26.49
IXMtest_N15_s8_w16DBEFA45-FE5A-4233-A1B9-89CA8CF81FB8.tif,86,626,594.85,287.66,0.8626,28.23
IXMtest_N15_s8_w16DBEFA45-FE5A-4233-A1B9-89CA8CF81FB8.tif,87,942,459.33,216.22,0.7458,34.63
IXMtest_N15_s8_w16DBEFA45-FE5A-4233-A1B9-89CA8CF81FB8.tif,88,447,258.64,331.68,0.9653,23.86
IXMtest_N15_s8_w16DBEFA45-FE5A-4233-A1B9-89CA8CF81FB8.tif,89,305,569.7,174.45,0.9848,19.71
IXMtest_N15_s8_w16DBEFA45-FE5A-4233-A1B9-89CA8CF81FB8.tif,90,538,244.15,411.89,0.8467,26.17
IXMtest_N15_s8_w16DBEFA45-FE5A-4233-A1B9-89CA8CF81FB8.tif,91,197,688.79,347.05,0.8631,15.84
IXMtest_N15_s8_w16DBEFA45-FE5A-4233-A1B9-89CA8CF81FB8.tif,92,189,47.47,241.72,0.9229,15.51
IXMtest_N15_s8_w16DBEFA45-FE5A-4233-A1B9-89CA8CF81FB8.tif,93,349,685.52,39.49,0.9002,21.08
IXMtest_N15_s8_w16DBEFA45-FE5A-4233-A1B9-89CA8CF81FB8.tif,94,198,66.99,249.16,0.9449,15.88
IXMtest_N15_s8_w16DBEFA45-FE5A-4233-A1B9-89CA8CF81FB8.tif,95,110,692.1,10.51,0.8099,11.83
IXMtest_N15_s8_w16DBEFA45-FE5A-4233-A1B9-89CA8CF81FB8.tif,96,55,1.38,393.13,0.6648,8.37
IXMtest_N18_s2_w1CC5ED51D-86C5-437D-8EDD-E56E4C949B3B.tif,1,626,45.85,440.36,0.8024,28.23
IXMtest_N18_s2_w1CC5ED51D-86C5-437D-8EDD-E56E4C949B3B.tif,2,499,138.98,341.61,0.8538,25.21
IXMtest_N18_s2_w1CC5ED51D-86C5-437D-8EDD-E56E4C949B3B.tif,3,1175,414.29,458.79,0.8866,38.68
IXMtest_N18_s2_w1CC5ED51D-86C5-437D-8EDD-E56E4C949B3B.tif,4,610,52.54,343.51,0.7675,27.87
IXMtest_N18_s2_w1CC5ED51D-86C5-437D-8EDD-E56E4C949B3B.tif,5,1527,168.73,133.38,0.7526,44.09
IXMtest_N18_s2_w1CC5ED51D-86C5-437D-8EDD-E56E4C949B3B.tif,6,346,7.15,234.27,0.7858,20.99
IXMtest_N18_s2_w1CC5ED51D-86C5-437D-8EDD-E56E4C949B3B.tif,7,668,416.46,146.3,0.8055,29.16
IXMtest_N18_s2_w1CC5ED51D-86C5-437D-8EDD-E56E4C949B3B.tif,8,623,608.46,377.04,0.8936,28.16
IXMtest_N18_s2_w1CC5ED51D-86C5-437D-8EDD-E56E4C949B3B.tif,9,491,541.81,8.15,0.8131,25.0
IXMtest_N18_s2_w1CC5ED51D-86C5-437D-8EDD-E56E4C949B3B.tif,10,1772,181.69,406.02,0.652,47.5
IXMtest_N18_s2_w1CC5ED51D-86C5-437D-8EDD-E56E4C949B3B.tif,11,937,573.11,430.28,0.9472,34.54
IXMtest_N18_s2_w1CC5ED51D-86C5-437D-8EDD-E56E4C949B3B.tif,12,860,54.9,206.91,0.8389,33.09
IXMtest_N18_s2_w1CC5ED51D-86C5-437D-8EDD-E56E4C949B3B.tif,13,739,501.77,449.41,0.867,30.67
IXMtest_N18_s2_w1CC5ED51D-86C5-437D-8EDD-E56E4C949B3B.tif,14,516,84.45,362.97,0.9387,25.63
IXMtest_N18_s2_w1CC5ED51D-86C5-437D-8EDD-E56E4C949B3B.tif,15,566,318.56,151.86,0.9707,26.84
IXMtest_N18_s2_w1CC5ED51D-86C5-437D-8EDD-E56E4C949B3B.tif,16,1833,71.49,271.64,0.5729,48.31
IXMtest_N18_s2_w1CC5ED51D-86C5-437D-8EDD-E56E4C949B3B.tif,17,833,634.73,60.48,0.8494,32.57
IXMtest_N18_s2_w1CC5ED51D-86C5-437D-8EDD-E56E4C949B3B.tif,18,576,291.96,425.74,0.9165,27.08
IXMtest_N18_s2_w1CC5ED51D-86C5-437D-8EDD-E56E4C949B3B.tif,19,948,592.72,496.02,0.8946,34.74
IXMtest_N18_s2_w1CC5ED51D-86C5-437D-8EDD-E56E4C949B3B.tif,20,839,111.0,107.08,0.9473,32.68
IXMtest_N18_s2_w1CC5ED51D-86C5-437D-8EDD-E56E4C949B3B.tif,21,563,394.33,45.09,0.8541,26.77
IXMtest_N18_s2_w1CC5ED51D-86C5-437D-8EDD-E56E4C949B3B.tif,22,698,521.03,480.52,0.8514,29.81
IXMtest_N18_s2_w1CC5ED51D-86C5-437D-8EDD-E56E4C949B3B.tif,23,615,506.21,42.07,0.8822,27.98
IXMtest_N18_s2_w1CC5ED51D-86C5-437D-8EDD-E56E4C949B3B.tif,24,600,374.64,363.11,0.9392,27.64
IXMtest_N18_s2_w1CC5ED51D-86C5-437D-8EDD-E56E4C949B3B.tif,25,998,469.34,315.15,0.8395,35.65
IXMtest_N18_s2_w1CC5ED51D-86C5-437D-8EDD-E56E4C949B3B.tif,26,720,74.26,10.94,0.6624,30.28
IXMtest_N18_s2_w1CC5ED51D-86C5-437D-8EDD-E56E4C949B3B.tif,27,1417,533.51,116.06,0.8719,42.48
IXMtest_N18_s2_w1CC5ED51D-86C5-437D-8EDD-E56E4C949B3B.tif,28,783,346.3,369.63,0.8824,31.57
IXMtest_N18_s2_w1CC5ED51D-86C5-437D-8EDD-E56E4C949B3B.tif,29,711,62.1,160.13,0.9025,30.09
IXMtest_N18_s2_w1CC5ED51D-86C5-437D-8EDD-E56E4C949B3B.tif,30,584,536.93,54.09,0.9262,27.27
IXMtest_N18_s2_w1CC5ED51D-86C5-437D-8EDD-E56E4C949B3B.tif,31,758,252.69,176.71,0.7069,31.07
IXMtest_N18_s2_w1CC5ED51D-86C5-437D-8EDD-E56E4C949B3B.tif,32,1479,461.47,83.42,0.842,43.39
IXMtest_N18_s2_w1CC5ED51D-86C5-437D-8EDD-E56E4C949B3B.tif,33,536,348.68,17.08,0.9245,26.12
IXMtest_N18_s2_w1CC5ED51D-86C5-437D-8EDD-E56E4C949B3B.tif,34,618,279.26,505.39,0.9071,28.05
IXMtest_N18_s2_w1CC5ED51D-86C5-437D-8EDD-E56E4C949B3B.tif,35,263,6.58,328.75,0.8335,18.3
IXMtest_N18_s2_w1CC5ED51D-86C5-437D-8EDD-E56E4C949B3B.tif,36,774,665.73,354.18,0.902,31.39
IXMtest_N18_s2_w1CC5ED51D-86C5-437D-8EDD-E56E4C949B3B.tif,37,1144,531.31,367.36,0.8651,38.17
IXMtest_N18_s2_w1CC5ED51D-86C5-437D-8EDD-E56E4C949B3B.tif,38,1490,204.98,20.12,0.8803,43.56
IXMtest_N18_s2_w1CC5ED51D-86C5-437D-8EDD-E56E4C949B3B.tif,39,834,561.36,281.96,0.9169,32.59
IXMtest_N18_s2_w1CC5ED51D-86C5-437D-8EDD-E56E4C949B3B.tif,40,707,650.53,223.54,0.9393,30.0
IXMtest_N18_s2_w1CC5ED51D-86C5-437D-8EDD-E56E4C949B3B.tif,41,802,478.95,257.07,0.9606,31.96
IXMtest_N18_s2_w1CC5ED51D-86C5-437D-8EDD-E56E4C949B3B.tif,42,341,450.48,513.63,0.7458,20.84
IXMtest_N18_s2_w1CC5ED51D-86C5-437D-8EDD-E56E4C949B3B.tif,43,790,145.38,251.67,0.8614,31.72
IXMtest_N18_s2_w1CC5ED51D-86C5-437D-8EDD-E56E4C949B3B.tif,44,582,352.7,324.11,0.911,27.22
IXMtest_N18_s2_w1CC5ED51D-86C5-437D-8EDD-E56E4C949B3B.tif,45,508,416.16,308.84,0.906,25.43
IXMtest_N18_s2_w1CC5ED51D-86C5-437D-8EDD-E56E4C949B3B.tif,46,793,110.42,241.69,0.9242,31.78
IXMtest_N18_s2_w1CC5ED51D-86C5-437D-8EDD-E56E4C949B3B.tif,47,678,384.94,324.65,0.9605,29.38
IXMtest_N18_s2_w1CC5ED51D-86C5-437D-8EDD-E56E4C949B3B.tif,48,918,291.3,196.18,0.8864,34.19
IXMtest_N18_s2_w1CC5ED51D-86C5-437D-8EDD-E56E4C949B3B.tif,49,669,238.0,473.33,0.8996,29.19
IXMtest_N18_s2_w1CC5ED51D-86C5-437D-8EDD-E56E4C949B3B.tif,50,802,671.4,428.18,0.8721,31.96
IXMtest_N18_s2_w1CC5ED51D-86C5-437D-8EDD-E56E4C949B3B.tif,51,965,13.0,116.59,0.8362,35.05
IXMtest_N18_s2_w1CC5ED51D-86C5-437D-8EDD-E56E4C949B3B.tif,52,946,525.05,240.12,0.9381,34.71
IXMtest_N18_s2_w1CC5ED51D-86C5-437D-8EDD-E56E4C949B3B.tif,53,1375,611.17,330.47,0.7716,41.84
IXMtest_N18_s2_w1CC5ED51D-86C5-437D-8EDD-E56E4C949B3B.tif,54,613,26.26,478.74,0.97,27.94
IXMtest_N18_s2_w1CC5ED51D-86C5-437D-8EDD-E56E4C949B3B.tif,55,920,222.61,324.54,0.8305,34.23
IXMtest_N18_s2_w1CC5ED51D-86C5-437D-8EDD-E56E4C949B3B.tif,56,442,441.84,252.69,0.9845,23.72
IXMtest_N18_s2_w1CC5ED51D-86C5-437D-8EDD-E56E4C949B3B.tif,57,601,353.09,236.74,0.8366,27.66
IXMtest_N18_s2_w1CC5ED51D-86C5-437D-8EDD-E56E4C949B3B.tif,58,646,217.85,157.16,0.8505,28.68
IXMtest_N18_s2_w1CC5ED51D-86C5-437D-8EDD-E56E4C949B3B.tif,59,1264,37.5,296.8,0.7263,40.12
IXMtest_N18_s2_w1CC5ED51D-86C5-437D-8EDD-E56E4C949B3B.tif,60,860,647.95,501.73,0.9251,33.09
IXMtest_N18_s2_w1CC5ED51D-86C5-437D-8EDD-E56E4C949B3B.tif,61,758,665.42,290.42,0.8934,31.07
IXMtest_N18_s2_w1CC5ED51D-86C5-437D-8EDD-E56E4C949B3B.tif,62,249,479.11,4.84,0.7831,17.81
IXMtest_N18_s2_w1CC5ED51D-86C5-437D-8EDD-E56E4C949B3B.tif,63,956,612.24,446.72,0.9006,34.89
IXMtest_N18_s2_w1CC5ED51D-86C5-437D-8EDD-E56E4C949B3B.tif,64,899,105.32,183.36,0.8823,33.83
IXMtest_N18_s2_w1CC5ED51D-86C5-437D-8EDD-E56E4C949B3B.tif,65,1000,650.46,162.5,0.9287,35.68
IXMtest_N18_s2_w1CC5ED51D-86C5-437D-8EDD-E56E4C949B3B.tif,66,1371,413.67,97.43,0.5689,41.78
IXMtest_N18_s2_w1CC5ED51D-86C5-437D-8EDD-E56E4C949B3B.tif,67,526,332.97,509.18,0.826,25.88
IXMtest_N18_s2_w1CC5ED51D-86C5-437D-8EDD-E56E4C949B3B.tif,68,509,608.18,257.15,0.9282,25.46
IXMtest_N18_s2_w1CC5ED51D-86C5-437D-8EDD-E56E4C949B3B.tif,69,714,263.64,305.5,0.8914,30.15
IXMtest_N18_s2_w1CC5ED51D-86C5-437D-8EDD-E56E4C949B3B.tif,70,566,119.43,37.17,0.8414,26.84
IXMtest_N18_s2_w1CC5ED51D-86C5-437D-8EDD-E56E4C949B3B.tif,71,565,349.74,127.64,0.9181,26.82
IXMtest_N18_s2_w1CC5ED51D-86C5-437D-8EDD-E56E4C949B3B.tif,72,894,186.52,173.79,0.8386,33.74
IXMtest_N18_s2_w1CC5ED51D-86C5-437D-8EDD-E56E4C949B3B.tif,73,1338,42.47,396.2,0.5113,41.27
IXMtest_N18_s2_w1CC5ED51D-86C5-437D-8EDD-E56E4C949B3B.tif,74,619,317.87,484.42,0.9202,28.07
IXMtest_N18_s2_w1CC5ED51D-86C5-437D-8EDD-E56E4C949B3B.tif,75,705,585.23,125.9,0.8784,29.96
IXMtest_N18_s2_w1CC5ED51D-86C5-437D-8EDD-E56E4C949B3B.tif,76,956,211.52,276.66,0.5988,34.89
IXMtest_N18_s2_w1CC5ED51D-86C5-437D-8EDD-E56E4C949B3B.tif,77,194,623.81,3.89,0.7735,15.72
IXMtest_N18_s2_w1CC5ED51D-86C5-437D-8EDD-E56E4C949B3B.tif,78,1893,225.84,226.76,0.625,49.09
IXMtest_N18_s2_w1CC5ED51D-86C5-437D-8EDD-E56E4C949B3B.tif,79,1850,288.09,372.97,0.4856,48.53
IXMtest_N18_s2_w1CC5ED51D-86C5-437D-8EDD-E56E4C949B3B.tif,80,112,372.43,516.1,0.4658,11.94
IXMtest_N18_s2_w1CC5ED51D-86C5-437D-8EDD-E56E4C949B3B.tif,81,1158,286.08,32.85,0.5838,38.4
IXMtest_N18_s2_w1CC5ED51D-86C5-437D-8EDD-E56E4C949B3B.tif,82,464,546.02,179.89,0.9069,24.31
IXMtest_N18_s2_w1CC5ED51D-86C5-437D-8EDD-E56E4C949B3B.tif,83,132,120.39,516.23,0.382,12.96
IXMtest_N18_s2_w1CC5ED51D-86C5-437D-8EDD-E56E4C949B3B.tif,84,1164,154.37,302.28,0.6938,38.5
IXMtest_N18_s2_w1CC5ED51D-86C5-437D-8EDD-E56E4C949B3B.tif,85,206,687.16,6.93,0.8643,16.2
IXMtest_N18_s2_w1CC5ED51D-86C5-437D-8EDD-E56E4C949B3B.tif,86,757,584.14,161.31,0.9497,31.05
IXMtest_N18_s2_w1CC5ED51D-86C5-437D-8EDD-E56E4C949B3B.tif,87,382,343.6,417.17,0.9101,22.05
IXMtest_N18_s2_w1CC5ED51D-86C5-437D-8EDD-E56E4C949B3B.tif,88,1609,583.42,222.78,0.7174,45.26
IXMtest_N18_s2_w1CC5ED51D-86C5-437D-8EDD-E56E4C949B3B.tif,89,590,208.58,452.51,0.7974,27.41
IXMtest_N18_s2_w1CC5ED51D-86C5-437D-8EDD-E56E4C949B3B.tif,90,406,329.83,438.58,0.8767,22.74
IXMtest_N18_s2_w1CC5ED51D-86C5-437D-8EDD-E56E4C949B3B.tif,91,1258,313.8,269.94,0.3436,40.02
IXMtest_N18_s2_w1CC5ED51D-86C5-437D-8EDD-E56E4C949B3B.tif,92,1854,282.11,98.14,0.5747,48.59
IXMtest_N18_s2_w1CC5ED51D-86C5-437D-8EDD-E56E4C949B3B.tif,93,1160,343.71,57.24,0.572,38.43
IXMtest_N18_s2_w1CC5ED51D-86C5-437D-8EDD-E56E4C949B3B.tif,94,1241,170.28,448.04,0.6657,39.75
IXMtest_N18_s2_w1CC5ED51D-86C5-437D-8EDD-E56E4C949B3B.tif,95,260,688.81,139.67,0.7414,18.19
IXMtest_N18_s2_w1CC5ED51D-86C5-437D-8EDD-E56E4C949B3B.tif,96,93,217.62,517.41,0.474,10.88
IXMtest_N18_s2_w1CC5ED51D-86C5-437D-8EDD-E56E4C949B3B.tif,97,2754,379.72,216.69,0.485,59.22
IXMtest_N18_s2_w1CC5ED51D-86C5-437D-8EDD-E56E4C949B3B.tif,98,714,136.64,448.0,0.8769,30.15
IXMtest_N18_s2_w1CC5ED51D-86C5-437D-8EDD-E56E4C949B3B.tif,99,537,315.73,287.78,0.9158,26.15
IXMtest_N18_s2_w1CC5ED51D-86C5-437D-8EDD-E56E4C949B3B.tif,100,1439,390.12,236.33,0.7804,42.8
IXMtest_N18_s5_w1A2FA7E05-3145-461D-9111-FAB41A7F6D6F.tif,1,344,6.6,257.56,0.669,20.93
IXMtest_N18_s5_w1A2FA7E05-3145-461D-9111-FAB41A7F6D6F.tif,2,1249,109.88,23.49,0.5982,39.88
IXMtest_N18_s5_w1A2FA7E05-3145-461D-9111-FAB41A7F6D6F.tif,3,602,11.48,102.67,0.8405,27.69
IXMtest_N18_s5_w1A2FA7E05-3145-461D-9111-FAB41A7F6D6F.tif,4,862,374.93,195.03,0.7297,33.13
IXMtest_N18_s5_w1A2FA7E05-3145-461D-9111-FAB41A7F6D6F.tif,5,574,241.18,138.19,0.8444,27.03
IXMtest_N18_s5_w1A2FA7E05-3145-461D-9111-FAB41A7F6D6F.tif,6,640,678.81,12.94,0.8485,28.55
IXMtest_N18_s5_w1A2FA7E05-3145-461D-9111-FAB41A7F6D6F.tif,7,1267,122.64,120.57,0.6965,40.16
IXMtest_N18_s5_w1A2FA7E05-3145-461D-9111-FAB41A7F6D6F.tif,8,1042,430.84,17.28,0.9133,36.42
IXMtest_N18_s5_w1A2FA7E05-3145-461D-9111-FAB41A7F6D6F.tif,9,876,513.09,164.0,0.8949,33.4
IXMtest_N18_s5_w1A2FA7E05-3145-461D-9111-FAB41A7F6D6F.tif,10,1208,312.86,250.24,0.701,39.22
IXMtest_N18_s5_w1A2FA7E05-3145-461D-9111-FAB41A7F6D6F.tif,11,892,577.47,381.72,0.8167,33.7
IXMtest_N18_s5_w1A2FA7E05-3145-461D-9111-FAB41A7F6D6F.tif,12,745,200.71,285.51,0.7943,30.8
IXMtest_N18_s5_w1A2FA7E05-3145-461D-9111-FAB41A7F6D6F.tif,13,864,627.8,176.1,0.8321,33.17
IXMtest_N18_s5_w1A2FA7E05-3145-461D-9111-FAB41A7F6D6F.tif,14,401,363.65,5.33,0.6588,22.6
IXMtest_N18_s5_w1A2FA7E05-3145-461D-9111-FAB41A7F6D6F.tif,15,685,43.56,298.66,0.7842,29.53
IXMtest_N18_s5_w1A2FA7E05-3145-461D-9111-FAB41A7F6D6F.tif,16,349,688.33,397.88,0.7517,21.08
IXMtest_N18_s5_w1A2FA7E05-3145-461D-9111-FAB41A7F6D6F.tif,17,742,401.43,397.33,0.9138,30.74
IXMtest_N18_s5_w1A2FA7E05-3145-461D-9111-FAB41A7F6D6F.tif,18,723,245.73,375.63,0.7322,30.34
IXMtest_N18_s5_w1A2FA7E05-3145-461D-9111-FAB41A7F6D6F.tif,19,670,115.43,277.76,0.8235,29.21
IXMtest_N18_s5_w1A2FA7E05-3145-461D-9111-FAB41A7F6D6F.tif,20,763,456.21,486.74,0.9139,31.17
IXMtest_N18_s5_w1A2FA7E05-3145-461D-9111-FAB41A7F6D6F.tif,21,618,199.97,28.43,0.9024,28.05
IXMtest_N18_s5_w1A2FA7E05-3145-461D-9111-FAB41A7F6D6F.tif,22,368,687.17,337.79,0.7876,21.65
IXMtest_N18_s5_w1A2FA7E05-3145-461D-9111-FAB41A7F6D6F.tif,23,718,274.4,111.04,0.8964,30.24
IXMtest_N18_s5_w1A2FA7E05-3145-461D-9111-FAB41A7F6D6F.tif,24,364,588.81,8.79,0.8267,21.53
IXMtest_N18_s5_w1A2FA7E05-3145-461D-9111-FAB41A7F6D6F.tif,25,310,6.33,27.33,0.7863,19.87
IXMtest_N18_s5_w1A2FA7E05-3145-461D-9111-FAB41A7F6D6F.tif,26,858,327.46,472.34,0.8635,33.05
IXMtest_N18_s5_w1A2FA7E05-3145-461D-9111-FAB41A7F6D6F.tif,27,677,370.39,378.85,0.7002,29.36
IXMtest_N18_s5_w1A2FA7E05-3145-461D-9111-FAB41A7F6D6F.tif,28,622,37.69,55.75,0.9198,28.14
IXMtest_N18_s5_w1A2FA7E05-3145-461D-9111-FAB41A7F6D6F.tif,29,607,652.6,423.06,0.7689,27.8
IXMtest_N18_s5_w1A2FA7E05-3145-461D-9111-FAB41A7F6D6F.tif,30,671,538.29,483.26,0.85,29.23
IXMtest_N18_s5_w1A2FA7E05-3145-461D-9111-FAB41A7F6D6F.tif,31,629,531.23,344.24,0.8756,28.3
IXMtest_N18_s5_w1A2FA7E05-3145-461D-9111-FAB41A7F6D6F.tif,32,863,341.62,169.14,0.7719,33.15
IXMtest_N18_s5_w1A2FA7E05-3145-461D-9111-FAB41A7F6D6F.tif,33,704,476.9,447.32,0.8376,29.94
IXMtest_N18_s5_w1A2FA7E05-3145-461D-9111-FAB41A7F6D6F.tif,34,825,560.77,24.33,0.874,32.41
IXMtest_N18_s5_w1A2FA7E05-3145-461D-9111-FAB41A7F6D6F.tif,35,987,498.06,401.02,0.8146,35.45
IXMtest_N18_s5_w1A2FA7E05-3145-461D-9111-FAB41A7F6D6F.tif,36,686,544.17,63.78,0.8793,29.55
IXMtest_N18_s5_w1A2FA7E05-3145-461D-9111-FAB41A7F6D6F.tif,37,1243,137.46,171.59,0.7759,39.78
IXMtest_N18_s5_w1A2FA7E05-3145-461D-9111-FAB41A7F6D6F.tif,38,903,208.95,241.56,0.8719,33.91
IXMtest_N18_s5_w1A2FA7E05-3145-461D-9111-FAB41A7F6D6F.tif,39,781,340.26,348.18,0.7034,31.53
IXMtest_N18_s5_w1A2FA7E05-3145-461D-9111-FAB41A7F6D6F.tif,40,649,433.94,220.21,0.9648,28.75
IXMtest_N18_s5_w1A2FA7E05-3145-461D-9111-FAB41A7F6D6F.tif,41,604,269.8,501.84,0.839,27.73
IXMtest_N18_s5_w1A2FA7E05-3145-461D-9111-FAB41A7F6D6F.tif,42,733,611.74,274.67,0.9508,30.55
IXMtest_N18_s5_w1A2FA7E05-3145-461D-9111-FAB41A7F6D6F.tif,43,581,345.12,132.7,0.9568,27.2
IXMtest_N18_s5_w1A2FA7E05-3145-461D-9111-FAB41A7F6D6F.tif,44,553,391.24,140.43,0.8544,26.53
IXMtest_N18_s5_w1A2FA7E05-3145-461D-9111-FAB41A7F6D6F.tif,45,620,223.77,90.52,0.8422,28.1
IXMtest_N18_s5_w1A2FA7E05-3145-461D-9111-FAB41A7F6D6F.tif,46,858,553.28,98.48,0.923,33.05
IXMtest_N18_s5_w1A2FA7E05-3145-461D-9111-FAB41A7F6D6F.tif,47,669,170.23,77.44,0.7568,29.19
IXMtest_N18_s5_w1A2FA7E05-3145-461D-9111-FAB41A7F6D6F.tif,48,1103,69.72,159.96,0.93,37.48
IXMtest_N18_s5_w1A2FA7E05-3145-461D-9111-FAB41A7F6D6F.tif,49,851,143.52,494.43,0.8919,32.92
IXMtest_N18_s5_w1A2FA7E05-3145-461D-9111-FAB41A7F6D6F.tif,50,762,361.19,440.04,0.7636,31.15
IXMtest_N18_s5_w1A2FA7E05-3145-461D-9111-FAB41A7F6D6F.tif,51,593,61.59,382.25,0.7692,27.48
IXMtest_N18_s5_w1A2FA7E05-3145-461D-9111-FAB41A7F6D6F.tif,52,751,63.77,444.77,0.8219,30.92
IXMtest_N18_s5_w1A2FA7E05-3145-461D-9111-FAB41A7F6D6F.tif,53,877,229.76,333.9,0.7813,33.42
IXMtest_N18_s5_w1A2FA7E05-3145-461D-9111-FAB41A7F6D6F.tif,54,1209,223.04,169.17,0.7245,39.23
IXMtest_N18_s5_w1A2FA7E05-3145-461D-9111-FAB41A7F6D6F.tif,55,559,648.64,242.56,0.9457,26.68
IXMtest_N18_s5_w1A2FA7E05-3145-461D-9111-FAB41A7F6D6F.tif,56,591,387.17,61.55,0.9732,27.43
IXMtest_N18_s5_w1A2FA7E05-3145-461D-9111-FAB41A7F6D6F.tif,57,1118,330.74,26.75,0.9389,37.73
IXMtest_N18_s5_w1A2FA7E05-3145-461D-9111-FAB41A7F6D6F.tif,58,671,439.22,324.93,0.828,29.23
IXMtest_N18_s5_w1A2FA7E05-3145-461D-9111-FAB41A7F6D6F.tif,59,609,204.28,503.17,0.9359,27.85
IXMtest_N18_s5_w1A2FA7E05-3145-461D-9111-FAB41A7F6D6F.tif,60,626,154.69,22.91,0.9306,28.23
IXMtest_N18_s5_w1A2FA7E05-3145-461D-9111-FAB41A7F6D6F.tif,61,722,31.98,346.55,0.7349,30.32
IXMtest_N18_s5_w1A2FA7E05-3145-461D-9111-FAB41A7F6D6F.tif,62,623,280.89,264.91,0.8983,28.16
IXMtest_N18_s5_w1A2FA7E05-3145-461D-9111-FAB41A7F6D6F.tif,63,658,108.85,446.88,0.8742,28.94
IXMtest_N18_s5_w1A2FA7E05-3145-461D-9111-FAB41A7F6D6F.tif,64,663,203.04,60.27,0.9182,29.05
IXMtest_N18_s5_w1A2FA7E05-3145-461D-9111-FAB41A7F6D6F.tif,65,1034,362.29,284.91,0.7819,36.28
IXMtest_N18_s5_w1A2FA7E05-3145-461D-9111-FAB41A7F6D6F.tif,66,671,302.97,94.33,0.9069,29.23
IXMtest_N18_s5_w1A2FA7E05-3145-461D-9111-FAB41A7F6D6F.tif,67,791,408.45,469.07,0.8833,31.74
IXMtest_N18_s5_w1A2FA7E05-3145-461D-9111-FAB41A7F6D6F.tif,68,584,504.32,102.17,0.886,27.27
IXMtest_N18_s5_w1A2FA7E05-3145-461D-9111-FAB41A7F6D6F.tif,69,872,579.02,71.64,0.8853,33.32
IXMtest_N18_s5_w1A2FA7E05-3145-461D-9111-FAB41A7F6D6F.tif,70,803,585.72,459.89,0.9049,31.98
IXMtest_N18_s5_w1A2FA7E05-3145-461D-9111-FAB41A7F6D6F.tif,71,741,552.67,424.36,0.9498,30.72
IXMtest_N18_s5_w1A2FA7E05-3145-461D-9111-FAB41A7F6D6F.tif,72,1210,467.83,359.67,0.7179,39.25
IXMtest_N18_s5_w1A2FA7E05-3145-461D-9111-FAB41A7F6D6F.tif,73,689,436.41,74.36,0.9591,29.62
IXMtest_N18_s5_w1A2FA7E05-3145-461D-9111-FAB41A7F6D6F.tif,74,881,26.11,244.52,0.8558,33.49
IXMtest_N18_s5_w1A2FA7E05-3145-461D-9111-FAB41A7F6D6F.tif,75,1437,93.26,240.25,0.6516,42.77
IXMtest_N18_s5_w1A2FA7E05-3145-461D-9111-FAB41A7F6D6F.tif,76,906,283.67,32.54,0.8213,33.96
IXMtest_N18_s5_w1A2FA7E05-3145-461D-9111-FAB41A7F6D6F.tif,77,602,540.25,263.78,0.8572,27.69
IXMtest_N18_s5_w1A2FA7E05-3145-461D-9111-FAB41A7F6D6F.tif,78,633,480.36,51.88,0.9655,28.39
IXMtest_N18_s5_w1A2FA7E05-3145-461D-9111-FAB41A7F6D6F.tif,79,619,388.14,101.38,0.9564,28.07
IXMtest_N18_s5_w1A2FA7E05-3145-461D-9111-FAB41A7F6D6F.tif,80,1528,473.86,278.8,0.6214,44.11
IXMtest_N18_s5_w1A2FA7E05-3145-461D-9111-FAB41A7F6D6F.tif,81,842,659.48,87.3,0.8715,32.74
IXMtest_N18_s5_w1A2FA7E05-3145-461D-9111-FAB41A7F6D6F.tif,82,1490,25.81,481.63,0.5771,43.56
IXMtest_N18_s5_w1A2FA7E05-3145-461D-9111-FAB41A7F6D6F.tif,83,760,231.76,406.82,0.9315,31.11
IXMtest_N18_s5_w1A2FA7E05-3145-461D-9111-FAB41A7F6D6F.tif,84,316,687.53,206.78,0.8491,20.06
IXMtest_N18_s5_w1A2FA7E05-3145-461D-9111-FAB41A7F6D6F.tif,85,829,681.99,118.11,0.9097,32.49
IXMtest_N18_s5_w1A2FA7E05-3145-461D-9111-FAB41A7F6D6F.tif,86,632,507.4,223.53,0.8734,28.37
IXMtest_N18_s5_w1A2FA7E05-3145-461D-9111-FAB41A7F6D6F.tif,87,579,206.23,375.76,0.8831,27.15
IXMtest_N18_s5_w1A2FA7E05-3145-461D-9111-FAB41A7F6D6F.tif,88,732,149.69,430.35,0.8507,30.53
IXMtest_N18_s5_w1A2FA7E05-3145-461D-9111-FAB41A7F6D6F.tif,89,500,636.36,458.12,0.9493,25.23
IXMtest_N18_s5_w1A2FA7E05-3145-461D-9111-FAB41A7F6D6F.tif,90,926,616.95,497.52,0.8564,34.34
IXMtest_N18_s5_w1A2FA7E05-3145-461D-9111-FAB41A7F6D6F.tif,91,855,498.25,319.67,0.9156,32.99
IXMtest_N18_s5_w1A2FA7E05-3145-461D-9111-FAB41A7F6D6F.tif,92,241,129.5,369.2,0.9065,17.52
IXMtest_N18_s5_w1A2FA7E05-3145-461D-9111-FAB41A7F6D6F.tif,93,557,198.28,445.92,0.9172,26.63
IXMtest_N18_s5_w1A2FA7E05-3145-461D-9111-FAB41A7F6D6F.tif,94,342,687.34,466.34,0.8337,20.87
IXMtest_N18_s5_w1A2FA7E05-3145-461D-9111-FAB41A7F6D6F.tif,95,576,242.84,43.16,0.8101,27.08
IXMtest_N18_s5_w1A2FA7E05-3145-461D-9111-FAB41A7F6D6F.tif,96,754,285.37,444.31,0.7784,30.98
IXMtest_N18_s5_w1A2FA7E05-3145-461D-9111-FAB41A7F6D6F.tif,97,813,654.42,292.7,0.9222,32.17
IXMtest_N18_s5_w1A2FA7E05-3145-461D-9111-FAB41A7F6D6F.tif,98,556,643.14,201.47,0.8499,26.61
IXMtest_N18_s5_w1A2FA7E05-3145-461D-9111-FAB41A7F6D6F.tif,99,240,155.2,361.88,0.8996,17.48
IXMtest_N18_s5_w1A2FA7E05-3145-461D-9111-FAB41A7F6D6F.tif,100,543,592.73,243.4,0.9419,26.29
IXMtest_N21_s1_w14F264B20-62D6-47EC-9BCD-B9416AB302D9.tif,1,500,406.97,213.61,0.7802,25.23
IXMtest_N21_s1_w14F264B20-62D6-47EC-9BCD-B9416AB302D9.tif,2,951,24.73,131.27,0.9238,34.8
IXMtest_N21_s1_w14F264B20-62D6-47EC-9BCD-B9416AB302D9.tif,3,755,182.77,247.27,0.8758,31.0
IXMtest_N21_s1_w14F264B20-62D6-47EC-9BCD-B9416AB302D9.tif,4,585,102.96,252.08,0.7588,27.29
IXMtest_N21_s1_w14F264B20-62D6-47EC-9BCD-B9416AB302D9.tif,5,558,659.32,127.06,0.9088,26.65
IXMtest_N21_s1_w14F264B20-62D6-47EC-9BCD-B9416AB302D9.tif,6,542,372.77,201.23,0.8711,26.27
IXMtest_N21_s1_w14F264B20-62D6-47EC-9BCD-B9416AB302D9.tif,7,623,486.7,133.48,0.7146,28.16
IXMtest_N21_s1_w14F264B20-62D6-47EC-9BCD-B9416AB302D9.tif,8,601,425.41,118.01,0.8264,27.66
IXMtest_N21_s1_w14F264B20-62D6-47EC-9BCD-B9416AB302D9.tif,9,555,53.5,364.72,0.8104,26.58
IXMtest_N21_s1_w14F264B20-62D6-47EC-9BCD-B9416AB302D9.tif,10,960,467.67,82.14,0.9191,34.96
IXMtest_N21_s1_w14F264B20-62D6-47EC-9BCD-B9416AB302D9.tif,11,662,345.56,144.21,0.9545,29.03
IXMtest_N21_s1_w14F264B20-62D6-47EC-9BCD-B9416AB302D9.tif,12,371,519.71,135.34,0.9256,21.73
IXMtest_N21_s1_w14F264B20-62D6-47EC-9BCD-B9416AB302D9.tif,13,467,188.74,308.34,0.7123,24.38
IXMtest_N21_s1_w14F264B20-62D6-47EC-9BCD-B9416AB302D9.tif,14,302,427.69,442.56,0.9497,19.61
IXMtest_N21_s1_w14F264B20-62D6-47EC-9BCD-B9416AB302D9.tif,15,514,375.39,230.72,0.6996,25.58
IXMtest_N21_s1_w14F264B20-62D6-47EC-9BCD-B9416AB302D9.tif,16,262,310.69,512.39,0.8394,18.26
IXMtest_N21_s1_w14F264B20-62D6-47EC-9BCD-B9416AB302D9.tif,17,643,255.08,411.58,0.6668,28.61
IXMtest_N21_s1_w14F264B20-62D6-47EC-9BCD-B9416AB302D9.tif,18,212,99.39,18.98,0.9799,16.43
IXMtest_N21_s1_w14F264B20-62D6-47EC-9BCD-B9416AB302D9.tif,19,473,300.4,182.09,0.7746,24.54
IXMtest_N21_s1_w14F264B20-62D6-47EC-9BCD-B9416AB302D9.tif,20,149,232.35,45.84,0.998,13.77
IXMtest_N21_s1_w14F264B20-62D6-47EC-9BCD-B9416AB302D9.tif,21,213,3.53,172.31,0.6506,16.47
IXMtest_N21_s1_w14F264B20-62D6-47EC-9BCD-B9416AB302D9.tif,22,162,200.11,18.01,1.0,14.36
IXMtest_N21_s1_w14F264B20-62D6-47EC-9BCD-B9416AB302D9.tif,23,718,116.93,92.18,0.4746,30.24
IXMtest_N21_s1_w14F264B20-62D6-47EC-9BCD-B9416AB302D9.tif,24,48,1.4,144.44,0.7258,7.82
IXMtest_N21_s1_w14F264B20-62D6-47EC-9BCD-B9416AB302D9.tif,25,342,114.64,79.85,0.9283,20.87
IXMtest_N21_s1_w14F264B20-62D6-47EC-9BCD-B9416AB302D9.tif,26,13,0.0,145.0,0.2836,4.07
IXMtest_N23_s2_w16380EDDA-E5B8-4168-8BE7-F83AD9810680.tif,1,2519,85.37,417.66,0.3924,56.63
IXMtest_N23_s2_w16380EDDA-E5B8-4168-8BE7-F83AD9810680.tif,2,878,647.73,108.73,0.767,33.44
IXMtest_N23_s2_w16380EDDA-E5B8-4168-8BE7-F83AD9810680.tif,3,1009,485.51,119.35,0.8555,35.84
IXMtest_N23_s2_w16380EDDA-E5B8-4168-8BE7-F83AD9810680.tif,4,224,205.91,515.34,0.5959,16.89
IXMtest_N23_s2_w16380EDDA-E5B8-4168-8BE7-F83AD9810680.tif,5,630,677.89,508.13,0.8601,28.32
IXMtest_N23_s2_w16380EDDA-E5B8-4168-8BE7-F83AD9810680.tif,6,683,381.18,88.09,0.8428,29.49
IXMtest_N23_s2_w16380EDDA-E5B8-4168-8BE7-F83AD9810680.tif,7,710,445.51,385.45,0.7652,30.07
IXMtest_N23_s2_w16380EDDA-E5B8-4168-8BE7-F83AD9810680.tif,8,901,655.32,420.19,0.7579,33.87
IXMtest_N23_s2_w16380EDDA-E5B8-4168-8BE7-F83AD9810680.tif,9,694,561.71,75.09,0.8425,29.73
IXMtest_N23_s2_w16380EDDA-E5B8-4168-8BE7-F83AD9810680.tif,10,446,9.21,174.56,0.8047,23.83
IXMtest_N23_s2_w16380EDDA-E5B8-4168-8BE7-F83AD9810680.tif,11,751,457.05,18.07,0.8447,30.92
IXMtest_N23_s2_w16380EDDA-E5B8-4168-8BE7-F83AD9810680.tif,12,488,440.32,478.29,0.7088,24.93
IXMtest_N23_s2_w16380EDDA-E5B8-4168-8BE7-F83AD9810680.tif,13,992,60.42,42.24,0.8513,35.54
IXMtest_N23_s2_w16380EDDA-E5B8-4168-8BE7-F83AD9810680.tif,14,773,634.06,453.07,0.7766,31.37
IXMtest_N23_s2_w16380EDDA-E5B8-4168-8BE7-F83AD9810680.tif,15,944,429.39,170.43,0.824,34.67
IXMtest_N23_s2_w16380EDDA-E5B8-4168-8BE7-F83AD9810680.tif,16,898,360.11,124.21,0.8686,33.81
IXMtest_N23_s2_w16380EDDA-E5B8-4168-8BE7-F83AD9810680.tif,17,615,275.79,199.89,0.898,27.98
IXMtest_N23_s2_w16380EDDA-E5B8-4168-8BE7-F83AD9810680.tif,18,814,225.75,484.44,0.7846,32.19
IXMtest_N23_s2_w16380EDDA-E5B8-4168-8BE7-F83AD9810680.tif,19,388,104.56,509.99,0.8755,22.23
IXMtest_N23_s2_w16380EDDA-E5B8-4168-8BE7-F83AD9810680.tif,20,561,664.26,217.63,0.8878,26.73
IXMtest_N23_s2_w16380EDDA-E5B8-4168-8BE7-F83AD9810680.tif,21,870,565.73,158.13,0.8385,33.28
IXMtest_N23_s2_w16380EDDA-E5B8-4168-8BE7-F83AD9810680.tif,22,533,684.45,192.15,0.8826,26.05
IXMtest_N23_s2_w16380EDDA-E5B8-4168-8BE7-F83AD9810680.tif,23,815,180.97,435.53,0.8712,32.21
IXMtest_N23_s2_w16380EDDA-E5B8-4168-8BE7-F83AD9810680.tif,24,798,525.97,72.31,0.8546,31.88
IXMtest_N23_s2_w16380EDDA-E5B8-4168-8BE7-F83AD9810680.tif,25,769,499.33,222.33,0.892,31.29
IXMtest_N23_s2_w16380EDDA-E5B8-4168-8BE7-F83AD9810680.tif,26,762,139.66,165.37,0.8007,31.15
IXMtest_N23_s2_w16380EDDA-E5B8-4168-8BE7-F83AD9810680.tif,27,219,283.22,515.6,0.5555,16.7
IXMtest_N23_s2_w16380EDDA-E5B8-4168-8BE7-F83AD9810680.tif,28,836,96.84,221.81,0.9293,32.63
IXMtest_N23_s2_w16380EDDA-E5B8-4168-8BE7-F83AD9810680.tif,29,553,580.46,51.29,0.923,26.53
IXMtest_N23_s2_w16380EDDA-E5B8-4168-8BE7-F83AD9810680.tif,30,791,628.06,76.89,0.8224,31.74
IXMtest_N23_s2_w16380EDDA-E5B8-4168-8BE7-F83AD9810680.tif,31,708,558.3,449.25,0.9049,30.02
IXMtest_N23_s2_w16380EDDA-E5B8-4168-8BE7-F83AD9810680.tif,32,998,279.2,447.68,0.9031,35.65
IXMtest_N23_s2_w16380EDDA-E5B8-4168-8BE7-F83AD9810680.tif,33,504,589.75,313.0,0.9377,25.33
IXMtest_N23_s2_w16380EDDA-E5B8-4168-8BE7-F83AD9810680.tif,34,486,556.66,320.15,0.9698,24.88
IXMtest_N23_s2_w16380EDDA-E5B8-4168-8BE7-F83AD9810680.tif,35,718,339.3,342.69,0.8251,30.24
IXMtest_N23_s2_w16380EDDA-E5B8-4168-8BE7-F83AD9810680.tif,36,604,431.07,441.46,0.9233,27.73
IXMtest_N23_s2_w16380EDDA-E5B8-4168-8BE7-F83AD9810680.tif,37,941,286.04,127.33,0.879,34.61
IXMtest_N23_s2_w16380EDDA-E5B8-4168-8BE7-F83AD9810680.tif,38,627,448.33,254.04,0.9441,28.25
IXMtest_N23_s2_w16380EDDA-E5B8-4168-8BE7-F83AD9810680.tif,39,823,117.82,295.44,0.8974,32.37
IXMtest_N23_s2_w16380EDDA-E5B8-4168-8BE7-F83AD9810680.tif,40,611,407.39,462.79,0.765,27.89
IXMtest_N23_s2_w16380EDDA-E5B8-4168-8BE7-F83AD9810680.tif,41,817,328.42,469.3,0.8367,32.25
IXMtest_N23_s2_w16380EDDA-E5B8-4168-8BE7-F83AD9810680.tif,42,440,58.09,508.44,0.8333,23.67
IXMtest_N23_s2_w16380EDDA-E5B8-4168-8BE7-F83AD9810680.tif,43,649,406.28,31.7,0.8879,28.75
IXMtest_N23_s2_w16380EDDA-E5B8-4168-8BE7-F83AD9810680.tif,44,873,518.34,285.89,0.8501,33.34
IXMtest_N23_s2_w16380EDDA-E5B8-4168-8BE7-F83AD9810680.tif,45,713,168.74,192.24,0.8722,30.13
IXMtest_N23_s2_w16380EDDA-E5B8-4168-8BE7-F83AD9810680.tif,46,696,537.49,410.38,0.7772,29.77
IXMtest_N23_s2_w16380EDDA-E5B8-4168-8BE7-F83AD9810680.tif,47,619,32.28,293.13,0.9513,28.07
IXMtest_N23_s2_w16380EDDA-E5B8-4168-8BE7-F83AD9810680.tif,48,668,156.26,13.13,0.8751,29.16
IXMtest_N23_s2_w16380EDDA-E5B8-4168-8BE7-F83AD9810680.tif,49,1013,74.57,329.44,0.6839,35.91
IXMtest_N23_s2_w16380EDDA-E5B8-4168-8BE7-F83AD9810680.tif,50,572,410.63,72.41,0.8459,26.99
IXMtest_N23_s2_w16380EDDA-E5B8-4168-8BE7-F83AD9810680.tif,51,649,231.34,223.6,0.8709,28.75
IXMtest_N23_s2_w16380EDDA-E5B8-4168-8BE7-F83AD9810680.tif,52,834,633.85,283.13,0.8557,32.59
IXMtest_N23_s2_w16380EDDA-E5B8-4168-8BE7-F83AD9810680.tif,53,775,233.16,91.02,0.9178,31.41
IXMtest_N23_s2_w16380EDDA-E5B8-4168-8BE7-F83AD9810680.tif,54,625,259.06,346.87,0.9431,28.21
IXMtest_N23_s2_w16380EDDA-E5B8-4168-8BE7-F83AD9810680.tif,55,964,219.82,409.02,0.9252,35.03
IXMtest_N23_s2_w16380EDDA-E5B8-4168-8BE7-F83AD9810680.tif,56,752,554.14,213.37,0.8147,30.94
IXMtest_N23_s2_w16380EDDA-E5B8-4168-8BE7-F83AD9810680.tif,57,1240,311.48,54.31,0.7456,39.73
IXMtest_N23_s2_w16380EDDA-E5B8-4168-8BE7-F83AD9810680.tif,58,795,207.3,274.98,0.8107,31.82
IXMtest_N23_s2_w16380EDDA-E5B8-4168-8BE7-F83AD9810680.tif,59,689,597.29,258.77,0.8388,29.62
IXMtest_N23_s2_w16380EDDA-E5B8-4168-8BE7-F83AD9810680.tif,60,707,162.67,84.03,0.9018,30.0
IXMtest_N23_s2_w16380EDDA-E5B8-4168-8BE7-F83AD9810680.tif,61,820,468.96,295.59,0.8013,32.31
IXMtest_N23_s2_w16380EDDA-E5B8-4168-8BE7-F83AD9810680.tif,62,722,569.87,410.92,0.8849,30.32
IXMtest_N23_s2_w16380EDDA-E5B8-4168-8BE7-F83AD9810680.tif,63,591,101.58,173.84,0.874,27.43
IXMtest_N23_s2_w16380EDDA-E5B8-4168-8BE7-F83AD9810680.tif,64,639,154.32,503.65,0.8593,28.52
IXMtest_N23_s2_w16380EDDA-E5B8-4168-8BE7-F83AD9810680.tif,65,718,344.48,155.23,0.8843,30.24
IXMtest_N23_s2_w16380EDDA-E5B8-4168-8BE7-F83AD9810680.tif,66,622,492.08,404.6,0.9436,28.14
IXMtest_N23_s2_w16380EDDA-E5B8-4168-8BE7-F83AD9810680.tif,67,491,480.99,445.73,0.9378,25.0
IXMtest_N23_s2_w16380EDDA-E5B8-4168-8BE7-F83AD9810680.tif,68,1147,177.19,355.32,0.715,38.22
IXMtest_N23_s2_w16380EDDA-E5B8-4168-8BE7-F83AD9810680.tif,69,545,260.35,309.27,0.8402,26.34
IXMtest_N23_s2_w16380EDDA-E5B8-4168-8BE7-F83AD9810680.tif,70,704,210.76,20.05,0.8243,29.94
IXMtest_N23_s2_w16380EDDA-E5B8-4168-8BE7-F83AD9810680.tif,71,727,401.75,318.03,0.8512,30.42
IXMtest_N23_s2_w16380EDDA-E5B8-4168-8BE7-F83AD9810680.tif,72,704,585.37,215.88,0.8712,29.94
IXMtest_N23_s2_w16380EDDA-E5B8-4168-8BE7-F83AD9810680.tif,73,837,195.84,138.57,0.8286,32.65
IXMtest_N23_s2_w16380EDDA-E5B8-4168-8BE7-F83AD9810680.tif,74,594,506.36,471.79,0.9298,27.5
IXMtest_N23_s2_w16380EDDA-E5B8-4168-8BE7-F83AD9810680.tif,75,254,7.0,100.07,0.9073,17.98
IXMtest_N23_s2_w16380EDDA-E5B8-4168-8BE7-F83AD9810680.tif,76,1020,22.3,222.57,0.6221,36.04
IXMtest_N23_s2_w16380EDDA-E5B8-4168-8BE7-F83AD9810680.tif,77,597,136.47,368.81,0.9274,27.57
IXMtest_N23_s2_w16380EDDA-E5B8-4168-8BE7-F83AD9810680.tif,78,1017,375.86,404.76,0.8114,35.98
IXMtest_N23_s2_w16380EDDA-E5B8-4168-8BE7-F83AD9810680.tif,79,610,622.28,196.92,0.9304,27.87
IXMtest_N23_s2_w16380EDDA-E5B8-4168-8BE7-F83AD9810680.tif,80,606,254.36,17.6,0.8961,27.78
IXMtest_N23_s2_w16380EDDA-E5B8-4168-8BE7-F83AD9810680.tif,81,610,487.25,53.3,0.7391,27.87
IXMtest_N23_s2_w16380EDDA-E5B8-4168-8BE7-F83AD9810680.tif,82,461,620.18,507.14,0.8783,24.23
IXMtest_N23_s2_w16380EDDA-E5B8-4168-8BE7-F83AD9810680.tif,83,722,411.93,121.36,0.9478,30.32
IXMtest_N23_s2_w16380EDDA-E5B8-4168-8BE7-F83AD9810680.tif,84,251,688.69,249.83,0.8324,17.88
IXMtest_N23_s2_w16380EDDA-E5B8-4168-8BE7-F83AD9810680.tif,85,1346,345.31,234.27,0.5288,41.4
IXMtest_N23_s2_w16380EDDA-E5B8-4168-8BE7-F83AD9810680.tif,86,651,53.55,146.87,0.8798,28.79
IXMtest_N23_s2_w16380EDDA-E5B8-4168-8BE7-F83AD9810680.tif,87,1541,295.9,266.08,0.552,44.3
IXMtest_N23_s2_w16380EDDA-E5B8-4168-8BE7-F83AD9810680.tif,88,405,459.33,507.06,0.537,22.71
IXMtest_N23_s2_w16380EDDA-E5B8-4168-8BE7-F83AD9810680.tif,89,590,348.68,270.4,0.78,27.41
IXMtest_N23_s2_w16380EDDA-E5B8-4168-8BE7-F83AD9810680.tif,90,572,360.56,498.13,0.7946,26.99
IXMtest_N23_s2_w16380EDDA-E5B8-4168-8BE7-F83AD9810680.tif,91,577,49.0,318.82,0.9685,27.1
IXMtest_N23_s2_w16380EDDA-E5B8-4168-8BE7-F83AD9810680.tif,92,628,496.84,25.56,0.5429,28.28
IXMtest_N23_s2_w16380EDDA-E5B8-4168-8BE7-F83AD9810680.tif,93,1074,238.37,172.09,0.5806,36.98
IXMtest_N23_s2_w16380EDDA-E5B8-4168-8BE7-F83AD9810680.tif,94,285,312.87,7.16,0.8771,19.05
IXMtest_N23_s2_w16380EDDA-E5B8-4168-8BE7-F83AD9810680.tif,95,201,690.29,54.0,0.854,16.0
IXMtest_N23_s2_w16380EDDA-E5B8-4168-8BE7-F83AD9810680.tif,96,1346,107.51,103.19,0.5868,41.4
IXMtest_N23_s2_w16380EDDA-E5B8-4168-8BE7-F83AD9810680.tif,97,184,564.78,512.96,0.8699,15.31
IXMtest_N23_s2_w16380EDDA-E5B8-4168-8BE7-F83AD9810680.tif,98,725,149.82,286.38,0.8065,30.38
IXMtest_N23_s2_w16380EDDA-E5B8-4168-8BE7-F83AD9810680.tif,99,681,15.6,507.86,0.4862,29.45
IXMtest_N23_s2_w16380EDDA-E5B8-4168-8BE7-F83AD9810680.tif,100,545,176.58,308.37,0.7548,26.34
IXMtest_N24_s7_w1AC0733FE-E0FD-45B2-930B-FEEAB052DB36.tif,1,709,681.66,138.4,0.8208,30.05
IXMtest_N24_s7_w1AC0733FE-E0FD-45B2-930B-FEEAB052DB36.tif,2,721,400.7,195.54,0.8347,30.3
IXMtest_N24_s7_w1AC0733FE-E0FD-45B2-930B-FEEAB052DB36.tif,3,689,530.64,349.95,0.78,29.62
IXMtest_N24_s7_w1AC0733FE-E0FD-45B2-930B-FEEAB052DB36.tif,4,851,222.27,396.33,0.6377,32.92
IXMtest_N24_s7_w1AC0733FE-E0FD-45B2-930B-FEEAB052DB36.tif,5,333,628.95,514.33,0.4903,20.59
IXMtest_N24_s7_w1AC0733FE-E0FD-45B2-930B-FEEAB052DB36.tif,6,1169,26.6,480.46,0.7419,38.58
IXMtest_N24_s7_w1AC0733FE-E0FD-45B2-930B-FEEAB052DB36.tif,7,1100,370.19,61.01,0.8676,37.42
IXMtest_N24_s7_w1AC0733FE-E0FD-45B2-930B-FEEAB052DB36.tif,8,694,654.78,394.13,0.8489,29.73
IXMtest_N24_s7_w1AC0733FE-E0FD-45B2-930B-FEEAB052DB36.tif,9,963,612.03,103.41,0.8372,35.02
IXMtest_N24_s7_w1AC0733FE-E0FD-45B2-930B-FEEAB052DB36.tif,10,682,143.51,506.77,0.8169,29.47
IXMtest_N24_s7_w1AC0733FE-E0FD-45B2-930B-FEEAB052DB36.tif,11,602,596.68,400.83,0.879,27.69
IXMtest_N24_s7_w1AC0733FE-E0FD-45B2-930B-FEEAB052DB36.tif,12,591,291.01,21.56,0.7379,27.43
IXMtest_N24_s7_w1AC0733FE-E0FD-45B2-930B-FEEAB052DB36.tif,13,1171,65.87,31.59,0.7411,38.61
IXMtest_N24_s7_w1AC0733FE-E0FD-45B2-930B-FEEAB052DB36.tif,14,1483,532.96,256.59,0.8618,43.45
IXMtest_N24_s7_w1AC0733FE-E0FD-45B2-930B-FEEAB052DB36.tif,15,844,541.15,505.02,0.8319,32.78
IXMtest_N24_s7_w1AC0733FE-E0FD-45B2-930B-FEEAB052DB36.tif,16,1213,24.51,350.22,0.8302,39.3
IXMtest_N24_s7_w1AC0733FE-E0FD-45B2-930B-FEEAB052DB36.tif,17,661,519.19,391.95,0.8415,29.01
IXMtest_N24_s7_w1AC0733FE-E0FD-45B2-930B-FEEAB052DB36.tif,18,1141,449.61,137.32,0.9034,38.12
IXMtest_N24_s7_w1AC0733FE-E0FD-45B2-930B-FEEAB052DB36.tif,19,889,199.7,383.99,0.7598,33.64
IXMtest_N24_s7_w1AC0733FE-E0FD-45B2-930B-FEEAB052DB36.tif,20,1293,167.46,462.46,0.8547,40.57
IXMtest_N24_s7_w1AC0733FE-E0FD-45B2-930B-FEEAB052DB36.tif,21,815,30.19,243.12,0.9042,32.21
IXMtest_N24_s7_w1AC0733FE-E0FD-45B2-930B-FEEAB052DB36.tif,22,641,292.64,217.17,0.8373,28.57
IXMtest_N24_s7_w1AC0733FE-E0FD-45B2-930B-FEEAB052DB36.tif,23,622,377.73,18.36,0.8125,28.14
IXMtest_N24_s7_w1AC0733FE-E0FD-45B2-930B-FEEAB052DB36.tif,24,889,620.26,350.91,0.8657,33.64
IXMtest_N24_s7_w1AC0733FE-E0FD-45B2-930B-FEEAB052DB36.tif,25,1026,624.88,190.82,0.8295,36.14
IXMtest_N24_s7_w1AC0733FE-E0FD-45B2-930B-FEEAB052DB36.tif,26,654,672.92,83.53,0.8585,28.86
IXMtest_N24_s7_w1AC0733FE-E0FD-45B2-930B-FEEAB052DB36.tif,27,1016,596.2,301.94,0.8649,35.97
IXMtest_N24_s7_w1AC0733FE-E0FD-45B2-930B-FEEAB052DB36.tif,28,741,358.82,157.08,0.9082,30.72
IXMtest_N24_s7_w1AC0733FE-E0FD-45B2-930B-FEEAB052DB36.tif,29,727,24.54,91.61,0.8911,30.42
IXMtest_N24_s7_w1AC0733FE-E0FD-45B2-930B-FEEAB052DB36.tif,30,1295,104.28,396.93,0.7636,40.61
IXMtest_N24_s7_w1AC0733FE-E0FD-45B2-930B-FEEAB052DB36.tif,31,821,330.45,120.69,0.8643,32.33
IXMtest_N24_s7_w1AC0733FE-E0FD-45B2-930B-FEEAB052DB36.tif,32,625,320.14,169.3,0.9126,28.21
IXMtest_N24_s7_w1AC0733FE-E0FD-45B2-930B-FEEAB052DB36.tif,33,553,168.35,12.04,0.926,26.53
IXMtest_N24_s7_w1AC0733FE-E0FD-45B2-930B-FEEAB052DB36.tif,34,458,687.57,212.89,0.7425,24.15
IXMtest_N24_s7_w1AC0733FE-E0FD-45B2-930B-FEEAB052DB36.tif,35,657,666.27,44.26,0.8463,28.92
IXMtest_N24_s7_w1AC0733FE-E0FD-45B2-930B-FEEAB052DB36.tif,36,381,129.22,7.54,0.8518,22.03
IXMtest_N24_s7_w1AC0733FE-E0FD-45B2-930B-FEEAB052DB36.tif,37,727,247.22,132.22,0.8911,30.42
IXMtest_N24_s7_w1AC0733FE-E0FD-45B2-930B-FEEAB052DB36.tif,38,1334,524.59,96.42,0.7914,41.21
IXMtest_N24_s7_w1AC0733FE-E0FD-45B2-930B-FEEAB052DB36.tif,39,807,200.47,114.28,0.828,32.05
IXMtest_N24_s7_w1AC0733FE-E0FD-45B2-930B-FEEAB052DB36.tif,40,232,87.45,3.65,0.6434,17.19
IXMtest_N24_s7_w1AC0733FE-E0FD-45B2-930B-FEEAB052DB36.tif,41,580,208.23,52.88,0.8407,27.17
IXMtest_N24_s7_w1AC0733FE-E0FD-45B2-930B-FEEAB052DB36.tif,42,700,269.36,88.36,0.8458,29.85
IXMtest_N24_s7_w1AC0733FE-E0FD-45B2-930B-FEEAB052DB36.tif,43,164,3.55,52.97,0.7827,14.45
IXMtest_N24_s7_w1AC0733FE-E0FD-45B2-930B-FEEAB052DB36.tif,44,113,691.49,368.6,0.892,11.99
IXMtest_N24_s7_w1AC0733FE-E0FD-45B2-930B-FEEAB052DB36.tif,45,956,438.82,481.05,0.8379,34.89
IXMtest_N24_s7_w1AC0733FE-E0FD-45B2-930B-FEEAB052DB36.tif,46,698,475.83,501.4,0.7881,29.81
IXMtest_N24_s7_w1AC0733FE-E0FD-45B2-930B-FEEAB052DB36.tif,47,1273,139.48,82.66,0.5636,40.26
IXMtest_N24_s7_w1AC0733FE-E0FD-45B2-930B-FEEAB052DB36.tif,48,613,291.12,71.18,0.9065,27.94
IXMtest_N24_s7_w1AC0733FE-E0FD-45B2-930B-FEEAB052DB36.tif,49,257,16.8,3.33,0.5355,18.09
IXMtest_N24_s7_w1AC0733FE-E0FD-45B2-930B-FEEAB052DB36.tif,50,559,650.53,317.14,0.933,26.68
IXMtest_N24_s7_w1AC0733FE-E0FD-45B2-930B-FEEAB052DB36.tif,51,504,678.29,311.61,0.8989,25.33
IXMtest_N24_s7_w1AC0733FE-E0FD-45B2-930B-FEEAB052DB36.tif,52,598,117.4,84.5,0.9433,27.59
IXMtest_N24_s7_w1AC0733FE-E0FD-45B2-930B-FEEAB052DB36.tif,53,61,232.18,1.89,0.8381,8.81
IXMtest_O01_s6_w11A23978B-BAAD-4287-B1F6-FFBCF45C5E2F.tif,1,3160,120.59,338.86,0.4838,63.43
IXMtest_O01_s6_w11A23978B-BAAD-4287-B1F6-FFBCF45C5E2F.tif,2,635,197.45,72.2,0.7104,28.43
IXMtest_O01_s6_w11A23978B-BAAD-4287-B1F6-FFBCF45C5E2F.tif,3,759,487.13,123.98,0.7354,31.09
IXMtest_O01_s6_w11A23978B-BAAD-4287-B1F6-FFBCF45C5E2F.tif,4,701,609.5,110.35,0.6587,29.88
IXMtest_O01_s6_w11A23978B-BAAD-4287-B1F6-FFBCF45C5E2F.tif,5,340,4.28,374.87,0.5804,20.81
IXMtest_O01_s6_w11A23978B-BAAD-4287-B1F6-FFBCF45C5E2F.tif,6,938,500.39,351.77,0.8873,34.56
IXMtest_O01_s6_w11A23978B-BAAD-4287-B1F6-FFBCF45C5E2F.tif,7,539,254.5,172.76,0.7929,26.2
IXMtest_O01_s6_w11A23978B-BAAD-4287-B1F6-FFBCF45C5E2F.tif,8,727,393.63,250.43,0.8008,30.42
IXMtest_O01_s6_w11A23978B-BAAD-4287-B1F6-FFBCF45C5E2F.tif,9,917,425.88,80.61,0.8764,34.17
IXMtest_O01_s6_w11A23978B-BAAD-4287-B1F6-FFBCF45C5E2F.tif,10,670,467.25,284.91,0.8795,29.21
IXMtest_O01_s6_w11A23978B-BAAD-4287-B1F6-FFBCF45C5E2F.tif,11,738,340.05,172.88,0.8561,30.65
IXMtest_O01_s6_w11A23978B-BAAD-4287-B1F6-FFBCF45C5E2F.tif,12,341,4.96,111.97,0.6404,20.84
IXMtest_O01_s6_w11A23978B-BAAD-4287-B1F6-FFBCF45C5E2F.tif,13,943,241.35,59.41,0.9295,34.65
IXMtest_O01_s6_w11A23978B-BAAD-4287-B1F6-FFBCF45C5E2F.tif,14,486,686.75,78.48,0.7263,24.88
IXMtest_O01_s6_w11A23978B-BAAD-4287-B1F6-FFBCF45C5E2F.tif,15,412,37.81,507.08,0.8841,22.9
IXMtest_O01_s6_w11A23978B-BAAD-4287-B1F6-FFBCF45C5E2F.tif,16,733,496.82,447.75,0.878,30.55
IXMtest_O01_s6_w11A23978B-BAAD-4287-B1F6-FFBCF45C5E2F.tif,17,849,304.17,70.04,0.7857,32.88
IXMtest_O01_s6_w11A23978B-BAAD-4287-B1F6-FFBCF45C5E2F.tif,18,862,395.22,461.13,0.8183,33.13
IXMtest_O01_s6_w11A23978B-BAAD-4287-B1F6-FFBCF45C5E2F.tif,19,687,588.38,272.9,0.6987,29.58
IXMtest_O01_s6_w11A23978B-BAAD-4287-B1F6-FFBCF45C5E2F.tif,20,949,542.63,476.47,0.7863,34.76
IXMtest_O01_s6_w11A23978B-BAAD-4287-B1F6-FFBCF45C5E2F.tif,21,743,557.05,143.87,0.7927,30.76
IXMtest_O01_s6_w11A23978B-BAAD-4287-B1F6-FFBCF45C5E2F.tif,22,628,497.12,14.5,0.8343,28.28
IXMtest_O01_s6_w11A23978B-BAAD-4287-B1F6-FFBCF45C5E2F.tif,23,695,393.62,147.48,0.7606,29.75
IXMtest_O01_s6_w11A23978B-BAAD-4287-B1F6-FFBCF45C5E2F.tif,24,942,583.69,345.98,0.9229,34.63
IXMtest_O01_s6_w11A23978B-BAAD-4287-B1F6-FFBCF45C5E2F.tif,25,695,272.91,432.46,0.8364,29.75
IXMtest_O01_s6_w11A23978B-BAAD-4287-B1F6-FFBCF45C5E2F.tif,26,1204,525.2,208.5,0.4227,39.15
IXMtest_O01_s6_w11A23978B-BAAD-4287-B1F6-FFBCF45C5E2F.tif,27,1047,309.24,119.09,0.9,36.51
IXMtest_O01_s6_w11A23978B-BAAD-4287-B1F6-FFBCF45C5E2F.tif,28,551,684.87,496.09,0.7147,26.49
IXMtest_O01_s6_w11A23978B-BAAD-4287-B1F6-FFBCF45C5E2F.tif,29,809,407.08,347.81,0.8517,32.09
IXMtest_O01_s6_w11A23978B-BAAD-4287-B1F6-FFBCF45C5E2F.tif,30,812,34.98,93.5,0.9067,32.15
IXMtest_O01_s6_w11A23978B-BAAD-4287-B1F6-FFBCF45C5E2F.tif,31,505,366.37,27.01,0.827,25.36
IXMtest_O01_s6_w11A23978B-BAAD-4287-B1F6-FFBCF45C5E2F.tif,32,717,625.97,309.57,0.8028,30.21
IXMtest_O01_s6_w11A23978B-BAAD-4287-B1F6-FFBCF45C5E2F.tif,33,677,683.95,222.08,0.8002,29.36
IXMtest_O01_s6_w11A23978B-BAAD-4287-B1F6-FFBCF45C5E2F.tif,34,983,92.47,90.55,0.8288,35.38
IXMtest_O01_s6_w11A23978B-BAAD-4287-B1F6-FFBCF45C5E2F.tif,35,412,11.1,459.75,0.8576,22.9
IXMtest_O01_s6_w11A23978B-BAAD-4287-B1F6-FFBCF45C5E2F.tif,36,1047,61.34,473.5,0.9,36.51
IXMtest_O01_s6_w11A23978B-BAAD-4287-B1F6-FFBCF45C5E2F.tif,37,834,622.55,504.4,0.8819,32.59
IXMtest_O01_s6_w11A23978B-BAAD-4287-B1F6-FFBCF45C5E2F.tif,38,796,432.62,29.79,0.8433,31.84
IXMtest_O01_s6_w11A23978B-BAAD-4287-B1F6-FFBCF45C5E2F.tif,39,701,188.99,106.5,0.936,29.88
IXMtest_O01_s6_w11A23978B-BAAD-4287-B1F6-FFBCF45C5E2F.tif,40,788,320.99,17.37,0.6263,31.68
IXMtest_O01_s6_w11A23978B-BAAD-4287-B1F6-FFBCF45C5E2F.tif,41,898,671.12,261.3,0.7209,33.81
IXMtest_O01_s6_w11A23978B-BAAD-4287-B1F6-FFBCF45C5E2F.tif,42,702,153.16,118.4,0.9261,29.9
IXMtest_O01_s6_w11A23978B-BAAD-4287-B1F6-FFBCF45C5E2F.tif,43,453,54.4,180.23,0.904,24.02
IXMtest_O01_s6_w11A23978B-BAAD-4287-B1F6-FFBCF45C5E2F.tif,44,599,28.26,10.4,0.8885,27.62
IXMtest_O01_s6_w11A23978B-BAAD-4287-B1F6-FFBCF45C5E2F.tif,45,793,647.15,73.61,0.8569,31.78
IXMtest_O01_s6_w11A23978B-BAAD-4287-B1F6-FFBCF45C5E2F.tif,46,627,252.51,496.66,0.8474,28.25
IXMtest_O01_s6_w11A23978B-BAAD-4287-B1F6-FFBCF45C5E2F.tif,47,711,449.05,354.55,0.9159,30.09
IXMtest_O01_s6_w11A23978B-BAAD-4287-B1F6-FFBCF45C5E2F.tif,48,942,656.32,408.23,0.8469,34.63
IXMtest_O01_s6_w11A23978B-BAAD-4287-B1F6-FFBCF45C5E2F.tif,49,740,533.69,28.32,0.7294,30.7
IXMtest_O01_s6_w11A23978B-BAAD-4287-B1F6-FFBCF45C5E2F.tif,50,850,655.12,344.4,0.8041,32.9
IXMtest_O01_s6_w11A23978B-BAAD-4287-B1F6-FFBCF45C5E2F.tif,51,527,444.06,398.75,0.8747,25.9
IXMtest_O01_s6_w11A23978B-BAAD-4287-B1F6-FFBCF45C5E2F.tif,52,810,127.33,32.18,0.944,32.11
IXMtest_O01_s6_w11A23978B-BAAD-4287-B1F6-FFBCF45C5E2F.tif,53,330,601.08,152.93,0.9679,20.5
IXMtest_O01_s6_w11A23978B-BAAD-4287-B1F6-FFBCF45C5E2F.tif,54,578,618.25,201.3,0.8931,27.13
IXMtest_O01_s6_w11A23978B-BAAD-4287-B1F6-FFBCF45C5E2F.tif,55,688,379.12,115.36,0.8241,29.6
IXMtest_O01_s6_w11A23978B-BAAD-4287-B1F6-FFBCF45C5E2F.tif,56,309,89.65,7.99,0.8811,19.84
IXMtest_O01_s6_w11A23978B-BAAD-4287-B1F6-FFBCF45C5E2F.tif,57,888,579.21,29.07,0.8553,33.62
IXMtest_O01_s6_w11A23978B-BAAD-4287-B1F6-FFBCF45C5E2F.tif,58,496,82.93,142.05,0.9228,25.13
IXMtest_O01_s6_w11A23978B-BAAD-4287-B1F6-FFBCF45C5E2F.tif,59,461,624.81,157.72,0.8858,24.23
IXMtest_O01_s6_w11A23978B-BAAD-4287-B1F6-FFBCF45C5E2F.tif,60,1203,87.76,275.12,0.4841,39.14
IXMtest_O01_s6_w11A23978B-BAAD-4287-B1F6-FFBCF45C5E2F.tif,61,216,5.5,170.33,0.8983,16.58
IXMtest_O01_s6_w11A23978B-BAAD-4287-B1F6-FFBCF45C5E2F.tif,62,470,685.49,169.64,0.888,24.46
IXMtest_O01_s6_w11A23978B-BAAD-4287-B1F6-FFBCF45C5E2F.tif,63,1322,298.28,491.93,0.547,41.03
IXMtest_O01_s6_w11A23978B-BAAD-4287-B1F6-FFBCF45C5E2F.tif,64,1439,548.33,269.88,0.5423,42.8
IXMtest_O01_s6_w11A23978B-BAAD-4287-B1F6-FFBCF45C5E2F.tif,65,57,347.32,516.37,0.7147,8.52
IXMtest_O01_s6_w11A23978B-BAAD-4287-B1F6-FFBCF45C5E2F.tif,66,75,267.6,1.88,0.7175,9.77
IXMtest_O02_s4_w1814603DA-DD56-44EF-98C5-AFF3B636F986.tif,1,656,339.8,9.24,0.797,28.9
IXMtest_O02_s4_w1814603DA-DD56-44EF-98C5-AFF3B636F986.tif,2,1742,197.44,198.55,0.7073,47.1
IXMtest_O02_s4_w1814603DA-DD56-44EF-98C5-AFF3B636F986.tif,3,1067,545.38,454.03,0.6726,36.86
IXMtest_O02_s4_w1814603DA-DD56-44EF-98C5-AFF3B636F986.tif,4,708,109.47,108.06,0.872,30.02
IXMtest_O02_s4_w1814603DA-DD56-44EF-98C5-AFF3B636F986.tif,5,1078,633.6,203.12,0.7558,37.05
IXMtest_O02_s4_w1814603DA-DD56-44EF-98C5-AFF3B636F986.tif,6,757,70.53,484.08,0.8247,31.05
IXMtest_O02_s4_w1814603DA-DD56-44EF-98C5-AFF3B636F986.tif,7,872,332.99,360.8,0.784,33.32
IXMtest_O02_s4_w1814603DA-DD56-44EF-98C5-AFF3B636F986.tif,8,822,400.57,156.77,0.8524,32.35
IXMtest_O02_s4_w1814603DA-DD56-44EF-98C5-AFF3B636F986.tif,9,709,326.37,132.6,0.8469,30.05
IXMtest_O02_s4_w1814603DA-DD56-44EF-98C5-AFF3B636F986.tif,10,1367,536.1,228.41,0.8871,41.72
IXMtest_O02_s4_w1814603DA-DD56-44EF-98C5-AFF3B636F986.tif,11,825,36.81,78.8,0.8339,32.41
IXMtest_O02_s4_w1814603DA-DD56-44EF-98C5-AFF3B636F986.tif,12,761,332.39,416.11,0.881,31.13
IXMtest_O02_s4_w1814603DA-DD56-44EF-98C5-AFF3B636F986.tif,13,692,377.72,116.37,0.7748,29.68
IXMtest_O02_s4_w1814603DA-DD56-44EF-98C5-AFF3B636F986.tif,14,675,201.64,322.67,0.9348,29.32
IXMtest_O02_s4_w1814603DA-DD56-44EF-98C5-AFF3B636F986.tif,15,1412,295.37,176.56,0.7888,42.4
IXMtest_O02_s4_w1814603DA-DD56-44EF-98C5-AFF3B636F986.tif,16,1078,332.58,59.05,0.9266,37.05
IXMtest_O02_s4_w1814603DA-DD56-44EF-98C5-AFF3B636F986.tif,17,664,386.75,220.43,0.8974,29.08
IXMtest_O02_s4_w1814603DA-DD56-44EF-98C5-AFF3B636F986.tif,18,406,686.15,154.76,0.7984,22.74
IXMtest_O02_s4_w1814603DA-DD56-44EF-98C5-AFF3B636F986.tif,19,1007,100.57,463.0,0.8964,35.81
IXMtest_O02_s4_w1814603DA-DD56-44EF-98C5-AFF3B636F986.tif,20,784,60.51,351.38,0.7583,31.59
IXMtest_O02_s4_w1814603DA-DD56-44EF-98C5-AFF3B636F986.tif,21,933,462.08,212.19,0.8578,34.47
IXMtest_O02_s4_w1814603DA-DD56-44EF-98C5-AFF3B636F986.tif,22,696,631.51,252.66,0.7829,29.77
IXMtest_O02_s4_w1814603DA-DD56-44EF-98C5-AFF3B636F986.tif,23,1031,551.85,167.34,0.7454,36.23
IXMtest_O02_s4_w1814603DA-DD56-44EF-98C5-AFF3B636F986.tif,24,853,183.92,41.3,0.9217,32.96
IXMtest_O02_s4_w1814603DA-DD56-44EF-98C5-AFF3B636F986.tif,25,794,495.66,463.07,0.7634,31.8
IXMtest_O02_s4_w1814603DA-DD56-44EF-98C5-AFF3B636F986.tif,26,976,268.2,321.67,0.8068,35.25
IXMtest_O02_s4_w1814603DA-DD56-44EF-98C5-AFF3B636F986.tif,27,791,290.07,503.37,0.8602,31.74
IXMtest_O02_s4_w1814603DA-DD56-44EF-98C5-AFF3B636F986.tif,28,1114,81.21,203.0,0.884,37.66
IXMtest_O02_s4_w1814603DA-DD56-44EF-98C5-AFF3B636F986.tif,29,857,255.32,390.22,0.9526,33.03
IXMtest_O02_s4_w1814603DA-DD56-44EF-98C5-AFF3B636F986.tif,30,753,478.26,60.9,0.9185,30.96
IXMtest_O02_s4_w1814603DA-DD56-44EF-98C5-AFF3B636F986.tif,31,967,440.69,420.21,0.7128,35.09
IXMtest_O02_s4_w1814603DA-DD56-44EF-98C5-AFF3B636F986.tif,32,885,444.91,57.9,0.9218,33.57
IXMtest_O02_s4_w1814603DA-DD56-44EF-98C5-AFF3B636F986.tif,33,1707,264.49,451.72,0.8044,46.62
IXMtest_O02_s4_w1814603DA-DD56-44EF-98C5-AFF3B636F986.tif,34,989,489.79,261.29,0.9317,35.49
IXMtest_O02_s4_w1814603DA-DD56-44EF-98C5-AFF3B636F986.tif,35,739,658.81,80.61,0.9519,30.67
IXMtest_O02_s4_w1814603DA-DD56-44EF-98C5-AFF3B636F986.tif,36,568,534.08,62.42,0.948,26.89
IXMtest_O02_s4_w1814603DA-DD56-44EF-98C5-AFF3B636F986.tif,37,856,395.9,303.23,0.9559,33.01
IXMtest_O02_s4_w1814603DA-DD56-44EF-98C5-AFF3B636F986.tif,38,326,254.52,7.28,0.8612,20.37
IXMtest_O02_s4_w1814603DA-DD56-44EF-98C5-AFF3B636F986.tif,39,801,103.0,405.25,0.8671,31.94
IXMtest_O02_s4_w1814603DA-DD56-44EF-98C5-AFF3B636F986.tif,40,634,521.81,9.84,0.8347,28.41
IXMtest_O02_s4_w1814603DA-DD56-44EF-98C5-AFF3B636F986.tif,41,831,319.47,265.96,0.9178,32.53
IXMtest_O02_s4_w1814603DA-DD56-44EF-98C5-AFF3B636F986.tif,42,911,432.17,504.08,0.841,34.06
IXMtest_O02_s4_w1814603DA-DD56-44EF-98C5-AFF3B636F986.tif,43,882,557.08,116.99,0.9285,33.51
IXMtest_O02_s4_w1814603DA-DD56-44EF-98C5-AFF3B636F986.tif,44,1031,464.26,313.17,0.8304,36.23
IXMtest_O02_s4_w1814603DA-DD56-44EF-98C5-AFF3B636F986.tif,45,981,156.5,249.07,0.9336,35.34
IXMtest_O02_s4_w1814603DA-DD56-44EF-98C5-AFF3B636F986.tif,46,906,192.58,404.01,0.9255,33.96
IXMtest_O02_s4_w1814603DA-DD56-44EF-98C5-AFF3B636F986.tif,47,803,646.39,155.05,0.9358,31.98
IXMtest_O02_s4_w1814603DA-DD56-44EF-98C5-AFF3B636F986.tif,48,603,342.78,486.99,0.9616,27.71
IXMtest_O02_s4_w1814603DA-DD56-44EF-98C5-AFF3B636F986.tif,49,680,162.57,506.38,0.8597,29.42
IXMtest_O02_s4_w1814603DA-DD56-44EF-98C5-AFF3B636F986.tif,50,1208,17.27,165.63,0.7458,39.22
IXMtest_O02_s4_w1814603DA-DD56-44EF-98C5-AFF3B636F986.tif,51,1216,67.73,30.38,0.9294,39.35
IXMtest_O02_s4_w1814603DA-DD56-44EF-98C5-AFF3B636F986.tif,52,745,12.33,496.9,0.907,30.8
IXMtest_O02_s4_w1814603DA-DD56-44EF-98C5-AFF3B636F986.tif,53,682,601.27,103.7,0.7911,29.47
IXMtest_O02_s4_w1814603DA-DD56-44EF-98C5-AFF3B636F986.tif,54,548,603.79,56.54,0.9583,26.41
IXMtest_O02_s4_w1814603DA-DD56-44EF-98C5-AFF3B636F986.tif,55,814,149.8,441.81,0.8949,32.19
IXMtest_O02_s4_w1814603DA-DD56-44EF-98C5-AFF3B636F986.tif,56,239,498.84,514.49,0.7516,17.44
IXMtest_O02_s4_w1814603DA-DD56-44EF-98C5-AFF3B636F986.tif,57,215,685.37,514.19,0.6996,16.55
IXMtest_O02_s4_w1814603DA-DD56-44EF-98C5-AFF3B636F986.tif,58,1592,395.83,456.59,0.3838,45.02
IXMtest_O02_s4_w1814603DA-DD56-44EF-98C5-AFF3B636F986.tif,59,289,5.58,110.2,0.854,19.18
IXMtest_O02_s4_w1814603DA-DD56-44EF-98C5-AFF3B636F986.tif,60,1373,377.59,389.53,0.58,41.81
IXMtest_O02_s4_w1814603DA-DD56-44EF-98C5-AFF3B636F986.tif,61,179,4.77,401.41,0.8741,15.1
IXMtest_O02_s4_w1814603DA-DD56-44EF-98C5-AFF3B636F986.tif,62,631,417.26,379.43,0.7125,28.34
IXMtest_O02_s4_w1814603DA-DD56-44EF-98C5-AFF3B636F986.tif,63,122,3.31,367.41,0.8397,12.46
IXMtest_O02_s4_w1814603DA-DD56-44EF-98C5-AFF3B636F986.tif,64,111,213.16,516.83,0.5934,11.89
IXMtest_O02_s4_w1814603DA-DD56-44EF-98C5-AFF3B636F986.tif,65,64,693.41,16.92,0.6539,9.03
IXMtest_O02_s4_w1814603DA-DD56-44EF-98C5-AFF3B636F986.tif,66,63,569.48,516.95,0.82,8.96
IXMtest_O04_s2_w19A18B0D8-8E8B-4572-A5C0-5C678F3AD54C.tif,1,421,10.89,275.16,0.8158,23.15
IXMtest_O04_s2_w19A18B0D8-8E8B-4572-A5C0-5C678F3AD54C.tif,2,971,662.1,44.05,0.6783,35.16
IXMtest_O04_s2_w19A18B0D8-8E8B-4572-A5C0-5C678F3AD54C.tif,3,631,29.94,46.62,0.7579,28.34
IXMtest_O04_s2_w19A18B0D8-8E8B-4572-A5C0-5C678F3AD54C.tif,4,699,295.42,289.31,0.8916,29.83
IXMtest_O04_s2_w19A18B0D8-8E8B-4572-A5C0-5C678F3AD54C.tif,5,617,17.24,224.72,0.7688,28.03
IXMtest_O04_s2_w19A18B0D8-8E8B-4572-A5C0-5C678F3AD54C.tif,6,481,92.88,231.19,0.8529,24.75
IXMtest_O04_s2_w19A18B0D8-8E8B-4572-A5C0-5C678F3AD54C.tif,7,338,554.05,510.82,0.8375,20.74
IXMtest_O04_s2_w19A18B0D8-8E8B-4572-A5C0-5C678F3AD54C.tif,8,779,182.08,249.1,0.838,31.49
IXMtest_O04_s2_w19A18B0D8-8E8B-4572-A5C0-5C678F3AD54C.tif,9,831,495.02,504.51,0.8866,32.53
IXMtest_O04_s2_w19A18B0D8-8E8B-4572-A5C0-5C678F3AD54C.tif,10,919,252.83,164.44,0.7657,34.21
IXMtest_O04_s2_w19A18B0D8-8E8B-4572-A5C0-5C678F3AD54C.tif,11,563,355.51,410.7,0.8344,26.77
IXMtest_O04_s2_w19A18B0D8-8E8B-4572-A5C0-5C678F3AD54C.tif,12,822,516.23,438.93,0.9078,32.35
IXMtest_O04_s2_w19A18B0D8-8E8B-4572-A5C0-5C678F3AD54C.tif,13,750,262.75,234.29,0.9501,30.9
IXMtest_O04_s2_w19A18B0D8-8E8B-4572-A5C0-5C678F3AD54C.tif,14,1030,326.44,372.2,0.8467,36.21
IXMtest_O04_s2_w19A18B0D8-8E8B-4572-A5C0-5C678F3AD54C.tif,15,640,311.38,311.6,0.7681,28.55
IXMtest_O04_s2_w19A18B0D8-8E8B-4572-A5C0-5C678F3AD54C.tif,16,810,203.2,187.83,0.8604,32.11
IXMtest_O04_s2_w19A18B0D8-8E8B-4572-A5C0-5C678F3AD54C.tif,17,509,79.99,445.59,0.7189,25.46
IXMtest_O04_s2_w19A18B0D8-8E8B-4572-A5C0-5C678F3AD54C.tif,18,743,160.49,158.98,0.89,30.76
IXMtest_O04_s2_w19A18B0D8-8E8B-4572-A5C0-5C678F3AD54C.tif,19,962,114.3,98.55,0.8302,35.0
IXMtest_O04_s2_w19A18B0D8-8E8B-4572-A5C0-5C678F3AD54C.tif,20,762,519.83,270.19,0.8043,31.15
IXMtest_O04_s2_w19A18B0D8-8E8B-4572-A5C0-5C678F3AD54C.tif,21,942,553.58,51.83,0.8874,34.63
IXMtest_O04_s2_w19A18B0D8-8E8B-4572-A5C0-5C678F3AD54C.tif,22,711,215.7,468.92,0.7532,30.09
IXMtest_O04_s2_w19A18B0D8-8E8B-4572-A5C0-5C678F3AD54C.tif,23,686,499.28,185.43,0.9271,29.55
IXMtest_O04_s2_w19A18B0D8-8E8B-4572-A5C0-5C678F3AD54C.tif,24,726,180.52,379.22,0.8461,30.4
IXMtest_O04_s2_w19A18B0D8-8E8B-4572-A5C0-5C678F3AD54C.tif,25,886,672.73,416.01,0.7646,33.59
IXMtest_O04_s2_w19A18B0D8-8E8B-4572-A5C0-5C678F3AD54C.tif,26,781,502.67,26.9,0.8941,31.53
IXMtest_O04_s2_w19A18B0D8-8E8B-4572-A5C0-5C678F3AD54C.tif,27,806,17.84,350.29,0.8561,32.03
IXMtest_O04_s2_w19A18B0D8-8E8B-4572-A5C0-5C678F3AD54C.tif,28,824,133.54,457.22,0.9018,32.39
IXMtest_O04_s2_w19A18B0D8-8E8B-4572-A5C0-5C678F3AD54C.tif,29,858,62.96,348.28,0.923,33.05
IXMtest_O04_s2_w19A18B0D8-8E8B-4572-A5C0-5C678F3AD54C.tif,30,791,296.92,98.4,0.7042,31.74
IXMtest_O04_s2_w19A18B0D8-8E8B-4572-A5C0-5C678F3AD54C.tif,31,877,424.0,110.17,0.8697,33.42
IXMtest_O04_s2_w19A18B0D8-8E8B-4572-A5C0-5C678F3AD54C.tif,32,761,413.56,433.93,0.966,31.13
IXMtest_O04_s2_w19A18B0D8-8E8B-4572-A5C0-5C678F3AD54C.tif,33,859,271.79,72.98,0.78,33.07
IXMtest_O04_s2_w19A18B0D8-8E8B-4572-A5C0-5C678F3AD54C.tif,34,570,340.82,191.66,0.8367,26.94
IXMtest_O04_s2_w19A18B0D8-8E8B-4572-A5C0-5C678F3AD54C.tif,35,716,77.09,135.66,0.9133,30.19
IXMtest_O04_s2_w19A18B0D8-8E8B-4572-A5C0-5C678F3AD54C.tif,36,974,344.55,27.18,0.9137,35.22
IXMtest_O04_s2_w19A18B0D8-8E8B-4572-A5C0-5C678F3AD54C.tif,37,720,451.65,354.44,0.8724,30.28
IXMtest_O04_s2_w19A18B0D8-8E8B-4572-A5C0-5C678F3AD54C.tif,38,731,627.39,195.64,0.8715,30.51
IXMtest_O04_s2_w19A18B0D8-8E8B-4572-A5C0-5C678F3AD54C.tif,39,856,433.12,211.74,0.8181,33.01
IXMtest_O04_s2_w19A18B0D8-8E8B-4572-A5C0-5C678F3AD54C.tif,40,656,609.04,334.75,0.7339,28.9
IXMtest_O04_s2_w19A18B0D8-8E8B-4572-A5C0-5C678F3AD54C.tif,41,680,666.62,187.2,0.8572,29.42
IXMtest_O04_s2_w19A18B0D8-8E8B-4572-A5C0-5C678F3AD54C.tif,42,984,486.14,94.99,0.8458,35.4
IXMtest_O04_s2_w19A18B0D8-8E8B-4572-A5C0-5C678F3AD54C.tif,43,642,606.45,446.27,0.8369,28.59
IXMtest_O04_s2_w19A18B0D8-8E8B-4572-A5C0-5C678F3AD54C.tif,44,879,596.58,144.98,0.9075,33.45
IXMtest_O04_s2_w19A18B0D8-8E8B-4572-A5C0-5C678F3AD54C.tif,45,347,689.54,212.03,0.7589,21.02
IXMtest_O04_s2_w19A18B0D8-8E8B-4572-A5C0-5C678F3AD54C.tif,46,657,611.61,481.11,0.8772,28.92
IXMtest_O04_s2_w19A18B0D8-8E8B-4572-A5C0-5C678F3AD54C.tif,47,924,356.88,82.14,0.8793,34.3
IXMtest_O04_s2_w19A18B0D8-8E8B-4572-A5C0-5C678F3AD54C.tif,48,886,493.52,58.3,0.9051,33.59
IXMtest_O04_s2_w19A18B0D8-8E8B-4572-A5C0-5C678F3AD54C.tif,49,673,82.7,381.34,0.9254,29.27
IXMtest_O04_s2_w19A18B0D8-8E8B-4572-A5C0-5C678F3AD54C.tif,50,1108,20.99,435.38,0.6198,37.56
IXMtest_O04_s2_w19A18B0D8-8E8B-4572-A5C0-5C678F3AD54C.tif,51,698,394.08,203.35,0.8514,29.81
IXMtest_O04_s2_w19A18B0D8-8E8B-4572-A5C0-5C678F3AD54C.tif,52,842,465.22,303.58,0.8299,32.74
IXMtest_O04_s2_w19A18B0D8-8E8B-4572-A5C0-5C678F3AD54C.tif,53,789,536.88,358.02,0.9152,31.7
IXMtest_O04_s2_w19A18B0D8-8E8B-4572-A5C0-5C678F3AD54C.tif,54,1236,664.06,283.46,0.8021,39.67
IXMtest_O04_s2_w19A18B0D8-8E8B-4572-A5C0-5C678F3AD54C.tif,55,571,50.98,473.45,0.9403,26.96
IXMtest_O04_s2_w19A18B0D8-8E8B-4572-A5C0-5C678F3AD54C.tif,56,602,592.14,386.56,0.6855,27.69
IXMtest_O04_s2_w19A18B0D8-8E8B-4572-A5C0-5C678F3AD54C.tif,57,918,304.13,14.09,0.6198,34.19
IXMtest_O04_s2_w19A18B0D8-8E8B-4572-A5C0-5C678F3AD54C.tif,58,865,534.92,147.98,0.849,33.19
IXMtest_O04_s2_w19A18B0D8-8E8B-4572-A5C0-5C678F3AD54C.tif,59,618,409.23,324.72,0.8113,28.05
IXMtest_O04_s2_w19A18B0D8-8E8B-4572-A5C0-5C678F3AD54C.tif,60,865,449.17,24.99,0.893,33.19
IXMtest_O04_s2_w19A18B0D8-8E8B-4572-A5C0-5C678F3AD54C.tif,61,1128,581.5,221.36,0.8594,37.9
IXMtest_O04_s2_w19A18B0D8-8E8B-4572-A5C0-5C678F3AD54C.tif,62,682,505.0,344.67,0.9106,29.47
IXMtest_O04_s2_w19A18B0D8-8E8B-4572-A5C0-5C678F3AD54C.tif,63,766,597.15,292.25,0.6691,31.23
IXMtest_O04_s2_w19A18B0D8-8E8B-4572-A5C0-5C678F3AD54C.tif,64,1832,359.82,150.86,0.4186,48.3
IXMtest_O04_s2_w19A18B0D8-8E8B-4572-A5C0-5C678F3AD54C.tif,65,758,569.31,290.33,0.8102,31.07
IXMtest_O04_s2_w19A18B0D8-8E8B-4572-A5C0-5C678F3AD54C.tif,66,795,235.3,319.04,0.8057,31.82
IXMtest_O04_s2_w19A18B0D8-8E8B-4572-A5C0-5C678F3AD54C.tif,67,586,283.14,352.1,0.8217,27.32
IXMtest_O04_s2_w19A18B0D8-8E8B-4572-A5C0-5C678F3AD54C.tif,68,721,634.45,385.11,0.7897,30.3
IXMtest_O04_s2_w19A18B0D8-8E8B-4572-A5C0-5C678F3AD54C.tif,69,708,560.43,89.13,0.8678,30.02
IXMtest_O04_s2_w19A18B0D8-8E8B-4572-A5C0-5C678F3AD54C.tif,70,766,646.85,132.59,0.8537,31.23
IXMtest_O04_s2_w19A18B0D8-8E8B-4572-A5C0-5C678F3AD54C.tif,71,472,60.79,280.55,0.9678,24.51
IXMtest_O04_s2_w19A18B0D8-8E8B-4572-A5C0-5C678F3AD54C.tif,72,614,357.67,461.71,0.7209,27.96
IXMtest_O04_s2_w19A18B0D8-8E8B-4572-A5C0-5C678F3AD54C.tif,73,732,476.75,254.93,0.7483,30.53
IXMtest_O04_s2_w19A18B0D8-8E8B-4572-A5C0-5C678F3AD54C.tif,74,535,445.98,274.26,0.8713,26.1
IXMtest_O04_s2_w19A18B0D8-8E8B-4572-A5C0-5C678F3AD54C.tif,75,547,442.94,247.68,0.913,26.39
IXMtest_O04_s2_w19A18B0D8-8E8B-4572-A5C0-5C678F3AD54C.tif,76,181,391.88,514.83,0.8106,15.18
IXMtest_O04_s2_w19A18B0D8-8E8B-4572-A5C0-5C678F3AD54C.tif,77,1520,596.14,59.55,0.5987,43.99
IXMtest_O04_s2_w19A18B0D8-8E8B-4572-A5C0-5C678F3AD54C.tif,78,239,649.93,511.85,0.9066,17.44
IXMtest_O04_s2_w19A18B0D8-8E8B-4572-A5C0-5C678F3AD54C.tif,79,1406,551.37,204.29,0.5251,42.31
IXMtest_O04_s2_w19A18B0D8-8E8B-4572-A5C0-5C678F3AD54C.tif,80,93,86.01,517.31,0.5146,10.88
IXMtest_O04_s2_w19A18B0D8-8E8B-4572-A5C0-5C678F3AD54C.tif,81,221,691.65,150.9,0.5181,16.77
IXMtest_O04_s2_w19A18B0D8-8E8B-4572-A5C0-5C678F3AD54C.tif,82,612,687.75,134.79,0.4402,27.91
IXMtest_O04_s2_w19A18B0D8-8E8B-4572-A5C0-5C678F3AD54C.tif,83,368,684.65,126.2,0.9492,21.65
IXMtest_O04_s2_w19A18B0D8-8E8B-4572-A5C0-5C678F3AD54C.tif,84,688,555.77,187.42,0.9298,29.6
IXMtest_O07_s2_w148B3D2F0-D4D6-4F1A-88D3-F18574F52153.tif,1,773,23.66,230.28,0.6893,31.37
IXMtest_O07_s2_w148B3D2F0-D4D6-4F1A-88D3-F18574F52153.tif,2,520,477.18,507.42,0.7043,25.73
IXMtest_O07_s2_w148B3D2F0-D4D6-4F1A-88D3-F18574F52153.tif,3,414,324.26,507.71,0.7383,22.96
IXMtest_O07_s2_w148B3D2F0-D4D6-4F1A-88D3-F18574F52153.tif,4,800,301.77,342.95,0.6972,31.92
IXMtest_O07_s2_w148B3D2F0-D4D6-4F1A-88D3-F18574F52153.tif,5,619,284.67,373.2,0.65,28.07
IXMtest_O07_s2_w148B3D2F0-D4D6-4F1A-88D3-F18574F52153.tif,6,881,567.74,444.21,0.8434,33.49
IXMtest_O07_s2_w148B3D2F0-D4D6-4F1A-88D3-F18574F52153.tif,7,788,633.57,86.27,0.7003,31.68
IXMtest_O07_s2_w148B3D2F0-D4D6-4F1A-88D3-F18574F52153.tif,8,1244,167.89,56.48,0.8677,39.8
IXMtest_O07_s2_w148B3D2F0-D4D6-4F1A-88D3-F18574F52153.tif,9,611,124.28,509.02,0.7871,27.89
IXMtest_O07_s2_w148B3D2F0-D4D6-4F1A-88D3-F18574F52153.tif,10,819,110.17,148.0,0.9045,32.29
IXMtest_O07_s2_w148B3D2F0-D4D6-4F1A-88D3-F18574F52153.tif,11,693,18.69,92.09,0.8001,29.7
IXMtest_O07_s2_w148B3D2F0-D4D6-4F1A-88D3-F18574F52153.tif,12,787,523.51,462.3,0.7757,31.66
IXMtest_O07_s2_w148B3D2F0-D4D6-4F1A-88D3-F18574F52153.tif,13,542,582.65,169.88,0.7484,26.27
IXMtest_O07_s2_w148B3D2F0-D4D6-4F1A-88D3-F18574F52153.tif,14,621,552.77,506.31,0.7883,28.12
IXMtest_O07_s2_w148B3D2F0-D4D6-4F1A-88D3-F18574F52153.tif,15,687,456.46,28.36,0.8619,29.58
IXMtest_O07_s2_w148B3D2F0-D4D6-4F1A-88D3-F18574F52153.tif,16,1121,251.35,84.74,0.9114,37.78
IXMtest_O07_s2_w148B3D2F0-D4D6-4F1A-88D3-F18574F52153.tif,17,919,661.95,439.25,0.8657,34.21
IXMtest_O07_s2_w148B3D2F0-D4D6-4F1A-88D3-F18574F52153.tif,18,278,4.64,153.05,0.6561,18.81
IXMtest_O07_s2_w148B3D2F0-D4D6-4F1A-88D3-F18574F52153.tif,19,979,51.52,163.71,0.8926,35.31
IXMtest_O07_s2_w148B3D2F0-D4D6-4F1A-88D3-F18574F52153.tif,20,1519,99.45,108.53,0.4405,43.98
IXMtest_O07_s2_w148B3D2F0-D4D6-4F1A-88D3-F18574F52153.tif,21,1141,330.64,314.81,0.6082,38.12
IXMtest_O07_s2_w148B3D2F0-D4D6-4F1A-88D3-F18574F52153.tif,22,991,265.6,435.34,0.8552,35.52
IXMtest_O07_s2_w148B3D2F0-D4D6-4F1A-88D3-F18574F52153.tif,23,656,424.7,345.27,0.8911,28.9
IXMtest_O07_s2_w148B3D2F0-D4D6-4F1A-88D3-F18574F52153.tif,24,510,689.5,155.12,0.6184,25.48
IXMtest_O07_s2_w148B3D2F0-D4D6-4F1A-88D3-F18574F52153.tif,25,669,347.83,247.02,0.7043,29.19
IXMtest_O07_s2_w148B3D2F0-D4D6-4F1A-88D3-F18574F52153.tif,26,827,555.22,10.66,0.4439,32.45
IXMtest_O07_s2_w148B3D2F0-D4D6-4F1A-88D3-F18574F52153.tif,27,1434,609.76,36.06,0.5129,42.73
IXMtest_O07_s2_w148B3D2F0-D4D6-4F1A-88D3-F18574F52153.tif,28,573,454.27,464.16,0.8693,27.01
IXMtest_O07_s2_w148B3D2F0-D4D6-4F1A-88D3-F18574F52153.tif,29,960,533.86,87.14,0.8483,34.96
IXMtest_O07_s2_w148B3D2F0-D4D6-4F1A-88D3-F18574F52153.tif,30,893,222.47,185.35,0.9162,33.72
IXMtest_O07_s2_w148B3D2F0-D4D6-4F1A-88D3-F18574F52153.tif,31,1208,298.64,484.85,0.7604,39.22
IXMtest_O07_s2_w148B3D2F0-D4D6-4F1A-88D3-F18574F52153.tif,32,929,295.4,21.11,0.8338,34.39
IXMtest_O07_s2_w148B3D2F0-D4D6-4F1A-88D3-F18574F52153.tif,33,798,41.24,56.21,0.8188,31.88
IXMtest_O07_s2_w148B3D2F0-D4D6-4F1A-88D3-F18574F52153.tif,34,339,78.59,6.69,0.7415,20.78
IXMtest_O07_s2_w148B3D2F0-D4D6-4F1A-88D3-F18574F52153.tif,35,750,455.44,70.11,0.9193,30.9
IXMtest_O07_s2_w148B3D2F0-D4D6-4F1A-88D3-F18574F52153.tif,36,870,412.36,392.22,0.8364,33.28
IXMtest_O07_s2_w148B3D2F0-D4D6-4F1A-88D3-F18574F52153.tif,37,962,656.3,180.44,0.8452,35.0
IXMtest_O07_s2_w148B3D2F0-D4D6-4F1A-88D3-F18574F52153.tif,38,713,135.2,276.27,0.9249,30.13
IXMtest_O07_s2_w148B3D2F0-D4D6-4F1A-88D3-F18574F52153.tif,39,806,476.43,333.27,0.9142,32.03
IXMtest_O07_s2_w148B3D2F0-D4D6-4F1A-88D3-F18574F52153.tif,40,754,488.92,400.95,0.9395,30.98
IXMtest_O07_s2_w148B3D2F0-D4D6-4F1A-88D3-F18574F52153.tif,41,287,680.68,510.94,0.87,19.12
IXMtest_O07_s2_w148B3D2F0-D4D6-4F1A-88D3-F18574F52153.tif,42,1005,370.93,453.79,0.8107,35.77
IXMtest_O07_s2_w148B3D2F0-D4D6-4F1A-88D3-F18574F52153.tif,43,814,61.83,456.08,0.8367,32.19
IXMtest_O07_s2_w148B3D2F0-D4D6-4F1A-88D3-F18574F52153.tif,44,769,284.96,155.05,0.8075,31.29
IXMtest_O07_s2_w148B3D2F0-D4D6-4F1A-88D3-F18574F52153.tif,45,545,213.85,275.66,0.8807,26.34
IXMtest_O07_s2_w148B3D2F0-D4D6-4F1A-88D3-F18574F52153.tif,46,689,32.29,357.11,0.6716,29.62
IXMtest_O07_s2_w148B3D2F0-D4D6-4F1A-88D3-F18574F52153.tif,47,606,554.95,141.3,0.7259,27.78
IXMtest_O07_s2_w148B3D2F0-D4D6-4F1A-88D3-F18574F52153.tif,48,996,344.92,387.37,0.9029,35.61
IXMtest_O07_s2_w148B3D2F0-D4D6-4F1A-88D3-F18574F52153.tif,49,662,474.88,113.84,0.8503,29.03
IXMtest_O07_s2_w148B3D2F0-D4D6-4F1A-88D3-F18574F52153.tif,50,480,359.64,198.8,0.8279,24.72
IXMtest_O07_s2_w148B3D2F0-D4D6-4F1A-88D3-F18574F52153.tif,51,786,104.63,71.59,0.8417,31.63
IXMtest_O07_s2_w148B3D2F0-D4D6-4F1A-88D3-F18574F52153.tif,52,568,644.56,250.44,0.9179,26.89
IXMtest_O07_s2_w148B3D2F0-D4D6-4F1A-88D3-F18574F52153.tif,53,768,100.84,228.62,0.9261,31.27
IXMtest_O07_s2_w148B3D2F0-D4D6-4F1A-88D3-F18574F52153.tif,54,1246,293.46,77.51,0.6125,39.83
IXMtest_O07_s2_w148B3D2F0-D4D6-4F1A-88D3-F18574F52153.tif,55,453,135.35,440.78,0.8652,24.02
IXMtest_O07_s2_w148B3D2F0-D4D6-4F1A-88D3-F18574F52153.tif,56,713,318.51,213.46,0.7824,30.13
IXMtest_O07_s2_w148B3D2F0-D4D6-4F1A-88D3-F18574F52153.tif,57,1059,197.11,478.53,0.7035,36.72
IXMtest_O07_s2_w148B3D2F0-D4D6-4F1A-88D3-F18574F52153.tif,58,794,173.48,214.57,0.8471,31.8
IXMtest_O07_s2_w148B3D2F0-D4D6-4F1A-88D3-F18574F52153.tif,59,866,100.07,332.95,0.9316,33.21
IXMtest_O07_s2_w148B3D2F0-D4D6-4F1A-88D3-F18574F52153.tif,60,694,252.5,230.24,0.8164,29.73
IXMtest_O07_s2_w148B3D2F0-D4D6-4F1A-88D3-F18574F52153.tif,61,509,273.45,289.94,0.8117,25.46
IXMtest_O07_s2_w148B3D2F0-D4D6-4F1A-88D3-F18574F52153.tif,62,749,625.34,119.1,0.7651,30.88
IXMtest_O07_s2_w148B3D2F0-D4D6-4F1A-88D3-F18574F52153.tif,63,1483,245.46,362.08,0.5185,43.45
IXMtest_O07_s2_w148B3D2F0-D4D6-4F1A-88D3-F18574F52153.tif,64,771,34.38,301.93,0.8257,31.33
IXMtest_O07_s2_w148B3D2F0-D4D6-4F1A-88D3-F18574F52153.tif,65,1114,155.44,348.01,0.4782,37.66
IXMtest_O07_s2_w148B3D2F0-D4D6-4F1A-88D3-F18574F52153.tif,66,374,117.39,470.09,0.958,21.82
IXMtest_O07_s2_w148B3D2F0-D4D6-4F1A-88D3-F18574F52153.tif,67,965,174.38,461.78,0.7933,35.05
IXMtest_O07_s2_w148B3D2F0-D4D6-4F1A-88D3-F18574F52153.tif,68,561,301.47,275.72,0.9166,26.73
IXMtest_O07_s2_w148B3D2F0-D4D6-4F1A-88D3-F18574F52153.tif,69,492,100.87,384.47,0.9341,25.03
IXMtest_O07_s2_w148B3D2F0-D4D6-4F1A-88D3-F18574F52153.tif,70,749,667.47,17.48,0.7871,30.88
IXMtest_O07_s2_w148B3D2F0-D4D6-4F1A-88D3-F18574F52153.tif,71,306,23.21,446.52,1.0,19.74
IXMtest_O07_s2_w148B3D2F0-D4D6-4F1A-88D3-F18574F52153.tif,72,256,34.44,419.01,0.9711,18.05
IXMtest_O07_s2_w148B3D2F0-D4D6-4F1A-88D3-F18574F52153.tif,73,589,127.72,391.12,0.8284,27.38
IXMtest_O07_s2_w148B3D2F0-D4D6-4F1A-88D3-F18574F52153.tif,74,117,635.14,515.11,0.9513,12.21
IXMtest_O07_s2_w148B3D2F0-D4D6-4F1A-88D3-F18574F52153.tif,75,260,629.62,6.93,0.8859,18.19
IXMtest_O07_s2_w148B3D2F0-D4D6-4F1A-88D3-F18574F52153.tif,76,182,471.09,3.9,0.7802,15.22
IXMtest_O07_s2_w148B3D2F0-D4D6-4F1A-88D3-F18574F52153.tif,77,180,692.71,32.52,0.3988,15.14
IXMtest_O07_s2_w148B3D2F0-D4D6-4F1A-88D3-F18574F52153.tif,78,70,203.43,1.39,0.5432,9.44
IXMtest_O07_s2_w148B3D2F0-D4D6-4F1A-88D3-F18574F52153.tif,79,48,1.4,248.23,0.7562,7.82
IXMtest_O07_s2_w148B3D2F0-D4D6-4F1A-88D3-F18574F52153.tif,80,95,63.62,90.95,0.9899,11.0
IXMtest_O07_s2_w148B3D2F0-D4D6-4F1A-88D3-F18574F52153.tif,81,112,279.06,57.13,1.0,11.94
IXMtest_O07_s6_w17884A281-85EA-4DD8-9D5A-42427988AE36.tif,1,798,281.91,445.56,0.6697,31.88
IXMtest_O07_s6_w17884A281-85EA-4DD8-9D5A-42427988AE36.tif,2,833,111.84,505.14,0.8009,32.57
IXMtest_O07_s6_w17884A281-85EA-4DD8-9D5A-42427988AE36.tif,3,776,301.06,500.06,0.6758,31.43
IXMtest_O07_s6_w17884A281-85EA-4DD8-9D5A-42427988AE36.tif,4,844,190.17,34.0,0.7871,32.78
IXMtest_O07_s6_w17884A281-85EA-4DD8-9D5A-42427988AE36.tif,5,905,20.13,195.95,0.7528,33.95
IXMtest_O07_s6_w17884A281-85EA-4DD8-9D5A-42427988AE36.tif,6,975,440.42,360.64,0.7774,35.23
IXMtest_O07_s6_w17884A281-85EA-4DD8-9D5A-42427988AE36.tif,7,1073,454.28,461.24,0.8463,36.96
IXMtest_O07_s6_w17884A281-85EA-4DD8-9D5A-42427988AE36.tif,8,797,181.16,224.81,0.9611,31.86
IXMtest_O07_s6_w17884A281-85EA-4DD8-9D5A-42427988AE36.tif,9,739,410.74,130.31,0.7885,30.67
IXMtest_O07_s6_w17884A281-85EA-4DD8-9D5A-42427988AE36.tif,10,876,72.77,180.76,0.747,33.4
IXMtest_O07_s6_w17884A281-85EA-4DD8-9D5A-42427988AE36.tif,11,956,486.83,438.83,0.801,34.89
IXMtest_O07_s6_w17884A281-85EA-4DD8-9D5A-42427988AE36.tif,12,850,320.08,448.53,0.726,32.9
IXMtest_O07_s6_w17884A281-85EA-4DD8-9D5A-42427988AE36.tif,13,815,624.4,44.62,0.8846,32.21
IXMtest_O07_s6_w17884A281-85EA-4DD8-9D5A-42427988AE36.tif,14,906,321.25,92.95,0.8622,33.96
IXMtest_O07_s6_w17884A281-85EA-4DD8-9D5A-42427988AE36.tif,15,683,503.22,355.27,0.8569,29.49
IXMtest_O07_s6_w17884A281-85EA-4DD8-9D5A-42427988AE36.tif,16,568,606.89,104.58,0.9354,26.89
IXMtest_O07_s6_w17884A281-85EA-4DD8-9D5A-42427988AE36.tif,17,842,410.68,250.6,0.8754,32.74
IXMtest_O07_s6_w17884A281-85EA-4DD8-9D5A-42427988AE36.tif,18,563,671.25,326.09,0.83,26.77
IXMtest_O07_s6_w17884A281-85EA-4DD8-9D5A-42427988AE36.tif,19,551,389.55,209.79,0.8271,26.49
IXMtest_O07_s6_w17884A281-85EA-4DD8-9D5A-42427988AE36.tif,20,637,443.75,253.26,0.8591,28.48
IXMtest_O07_s6_w17884A281-85EA-4DD8-9D5A-42427988AE36.tif,21,762,355.0,162.68,0.8964,31.15
IXMtest_O07_s6_w17884A281-85EA-4DD8-9D5A-42427988AE36.tif,22,882,561.74,433.63,0.9428,33.51
IXMtest_O07_s6_w17884A281-85EA-4DD8-9D5A-42427988AE36.tif,23,637,230.48,219.53,0.9185,28.48
IXMtest_O07_s6_w17884A281-85EA-4DD8-9D5A-42427988AE36.tif,24,726,549.86,43.2,0.9352,30.4
IXMtest_O07_s6_w17884A281-85EA-4DD8-9D5A-42427988AE36.tif,25,794,245.05,128.97,0.8359,31.8
IXMtest_O07_s6_w17884A281-85EA-4DD8-9D5A-42427988AE36.tif,26,589,624.52,294.93,0.8869,27.38
IXMtest_O07_s6_w17884A281-85EA-4DD8-9D5A-42427988AE36.tif,27,304,690.01,282.14,0.7127,19.67
IXMtest_O07_s6_w17884A281-85EA-4DD8-9D5A-42427988AE36.tif,28,803,94.63,282.97,0.9211,31.98
IXMtest_O07_s6_w17884A281-85EA-4DD8-9D5A-42427988AE36.tif,29,768,205.1,356.08,0.7702,31.27
IXMtest_O07_s6_w17884A281-85EA-4DD8-9D5A-42427988AE36.tif,30,593,667.9,215.34,0.9636,27.48
IXMtest_O07_s6_w17884A281-85EA-4DD8-9D5A-42427988AE36.tif,31,982,503.89,134.9,0.8976,35.36
IXMtest_O07_s6_w17884A281-85EA-4DD8-9D5A-42427988AE36.tif,32,928,124.82,22.73,0.7599,34.37
IXMtest_O07_s6_w17884A281-85EA-4DD8-9D5A-42427988AE36.tif,33,622,332.34,34.21,0.8509,28.14
IXMtest_O07_s6_w17884A281-85EA-4DD8-9D5A-42427988AE36.tif,34,811,320.34,346.93,0.8998,32.13
IXMtest_O07_s6_w17884A281-85EA-4DD8-9D5A-42427988AE36.tif,35,755,236.1,293.69,0.9298,31.0
IXMtest_O07_s6_w17884A281-85EA-4DD8-9D5A-42427988AE36.tif,36,825,87.45,118.04,0.6597,32.41
IXMtest_O07_s6_w17884A281-85EA-4DD8-9D5A-42427988AE36.tif,37,612,10.18,382.73,0.7451,27.91
IXMtest_O07_s6_w17884A281-85EA-4DD8-9D5A-42427988AE36.tif,38,850,572.12,118.53,0.8144,32.9
IXMtest_O07_s6_w17884A281-85EA-4DD8-9D5A-42427988AE36.tif,39,813,253.68,382.88,0.8357,32.17
IXMtest_O07_s6_w17884A281-85EA-4DD8-9D5A-42427988AE36.tif,40,729,29.25,328.09,0.7434,30.47
IXMtest_O07_s6_w17884A281-85EA-4DD8-9D5A-42427988AE36.tif,41,731,469.54,98.97,0.8424,30.51
IXMtest_O07_s6_w17884A281-85EA-4DD8-9D5A-42427988AE36.tif,42,763,363.47,437.94,0.8388,31.17
IXMtest_O07_s6_w17884A281-85EA-4DD8-9D5A-42427988AE36.tif,43,915,184.4,305.56,0.9249,34.13
IXMtest_O07_s6_w17884A281-85EA-4DD8-9D5A-42427988AE36.tif,44,774,166.39,415.74,0.7723,31.39
IXMtest_O07_s6_w17884A281-85EA-4DD8-9D5A-42427988AE36.tif,45,946,387.05,359.13,0.8277,34.71
IXMtest_O07_s6_w17884A281-85EA-4DD8-9D5A-42427988AE36.tif,46,948,649.91,79.86,0.8701,34.74
IXMtest_O07_s6_w17884A281-85EA-4DD8-9D5A-42427988AE36.tif,47,1589,263.93,57.67,0.585,44.98
IXMtest_O07_s6_w17884A281-85EA-4DD8-9D5A-42427988AE36.tif,48,530,676.12,378.2,0.9586,25.98
IXMtest_O07_s6_w17884A281-85EA-4DD8-9D5A-42427988AE36.tif,49,944,180.52,457.75,0.8643,34.67
IXMtest_O07_s6_w17884A281-85EA-4DD8-9D5A-42427988AE36.tif,50,849,268.38,173.31,0.8163,32.88
IXMtest_O07_s6_w17884A281-85EA-4DD8-9D5A-42427988AE36.tif,51,568,554.87,328.99,0.789,26.89
IXMtest_O07_s6_w17884A281-85EA-4DD8-9D5A-42427988AE36.tif,52,537,203.99,506.47,0.8892,26.15
IXMtest_O07_s6_w17884A281-85EA-4DD8-9D5A-42427988AE36.tif,53,728,190.48,119.15,0.6197,30.45
IXMtest_O07_s6_w17884A281-85EA-4DD8-9D5A-42427988AE36.tif,54,103,629.92,515.74,0.647,11.45
IXMtest_O07_s6_w17884A281-85EA-4DD8-9D5A-42427988AE36.tif,55,550,607.75,351.51,0.9618,26.46
IXMtest_O07_s6_w17884A281-85EA-4DD8-9D5A-42427988AE36.tif,56,405,661.03,499.06,0.7002,22.71
IXMtest_O07_s6_w17884A281-85EA-4DD8-9D5A-42427988AE36.tif,57,648,560.6,361.29,0.9705,28.72
IXMtest_O07_s6_w17884A281-85EA-4DD8-9D5A-42427988AE36.tif,58,504,629.33,132.69,0.9245,25.33
IXMtest_O07_s6_w17884A281-85EA-4DD8-9D5A-42427988AE36.tif,59,1623,281.74,223.38,0.6119,45.46
IXMtest_O07_s6_w17884A281-85EA-4DD8-9D5A-42427988AE36.tif,60,484,624.81,194.86,0.9493,24.82
IXMtest_O07_s6_w17884A281-85EA-4DD8-9D5A-42427988AE36.tif,61,1639,494.59,42.93,0.3852,45.68
IXMtest_O07_s6_w17884A281-85EA-4DD8-9D5A-42427988AE36.tif,62,635,383.11,18.71,0.822,28.43
IXMtest_O07_s6_w17884A281-85EA-4DD8-9D5A-42427988AE36.tif,63,498,367.79,278.56,0.8759,25.18
IXMtest_O07_s6_w17884A281-85EA-4DD8-9D5A-42427988AE36.tif,64,542,321.12,193.32,0.7997,26.27
IXMtest_O07_s6_w17884A281-85EA-4DD8-9D5A-42427988AE36.tif,65,485,668.58,115.46,0.8823,24.85
IXMtest_O07_s6_w17884A281-85EA-4DD8-9D5A-42427988AE36.tif,66,375,652.35,473.66,0.9673,21.85
IXMtest_O07_s6_w17884A281-85EA-4DD8-9D5A-42427988AE36.tif,67,425,610.16,470.69,0.9441,23.26
IXMtest_O07_s6_w17884A281-85EA-4DD8-9D5A-42427988AE36.tif,68,556,316.77,292.88,0.8915,26.61
IXMtest_O07_s6_w17884A281-85EA-4DD8-9D5A-42427988AE36.tif,69,335,137.26,188.06,0.9483,20.65
IXMtest_O07_s6_w17884A281-85EA-4DD8-9D5A-42427988AE36.tif,70,296,339.67,60.87,0.9453,19.41
IXMtest_O07_s6_w17884A281-85EA-4DD8-9D5A-42427988AE36.tif,71,514,165.03,99.91,0.8916,25.58
IXMtest_O07_s6_w17884A281-85EA-4DD8-9D5A-42427988AE36.tif,72,444,243.21,508.56,0.9081,23.78
IXMtest_O07_s6_w17884A281-85EA-4DD8-9D5A-42427988AE36.tif,73,415,246.68,11.25,0.8803,22.99
IXMtest_O07_s6_w17884A281-85EA-4DD8-9D5A-42427988AE36.tif,74,257,149.39,165.32,0.9364,18.09
IXMtest_O07_s6_w17884A281-85EA-4DD8-9D5A-42427988AE36.tif,75,511,676.33,135.85,0.922,25.51
IXMtest_O07_s6_w17884A281-85EA-4DD8-9D5A-42427988AE36.tif,76,397,219.61,10.55,0.9075,22.48
IXMtest_O07_s6_w17884A281-85EA-4DD8-9D5A-42427988AE36.tif,77,161,307.99,3.15,0.6815,14.32
IXMtest_O07_s6_w17884A281-85EA-4DD8-9D5A-42427988AE36.tif,78,1851,405.17,74.53,0.5155,48.55
IXMtest_O07_s6_w17884A281-85EA-4DD8-9D5A-42427988AE36.tif,79,71,420.54,515.72,0.8039,9.51
IXMtest_O07_s6_w17884A281-85EA-4DD8-9D5A-42427988AE36.tif,80,1263,431.98,43.84,0.5977,40.1
IXMtest_O07_s6_w17884A281-85EA-4DD8-9D5A-42427988AE36.tif,81,215,563.19,2.75,0.487,16.55
IXMtest_O07_s6_w17884A281-85EA-4DD8-9D5A-42427988AE36.tif,82,1235,560.47,504.12,0.5965,39.65
IXMtest_O07_s6_w17884A281-85EA-4DD8-9D5A-42427988AE36.tif,83,97,144.32,107.11,1.0,11.11
IXMtest_O07_s6_w17884A281-85EA-4DD8-9D5A-42427988AE36.tif,84,609,479.15,35.77,0.8231,27.85
IXMtest_O07_s6_w17884A281-85EA-4DD8-9D5A-42427988AE36.tif,85,458,545.62,509.85,0.85,24.15
IXMtest_O09_s2_w133C7EDCE-1C7C-41A6-9E52-7AD499E7CDC8.tif,1,1763,339.99,58.96,0.708,47.38
IXMtest_O09_s2_w133C7EDCE-1C7C-41A6-9E52-7AD499E7CDC8.tif,2,515,9.15,361.2,0.7939,25.61
IXMtest_O09_s2_w133C7EDCE-1C7C-41A6-9E52-7AD499E7CDC8.tif,3,529,590.22,511.09,0.6688,25.95
IXMtest_O09_s2_w133C7EDCE-1C7C-41A6-9E52-7AD499E7CDC8.tif,4,917,662.36,66.47,0.8347,34.17
IXMtest_O09_s2_w133C7EDCE-1C7C-41A6-9E52-7AD499E7CDC8.tif,5,698,668.23,401.53,0.8134,29.81
IXMtest_O09_s2_w133C7EDCE-1C7C-41A6-9E52-7AD499E7CDC8.tif,6,1880,455.12,151.99,0.8229,48.93
IXMtest_O09_s2_w133C7EDCE-1C7C-41A6-9E52-7AD499E7CDC8.tif,7,825,239.9,488.56,0.8631,32.41
IXMtest_O09_s2_w133C7EDCE-1C7C-41A6-9E52-7AD499E7CDC8.tif,8,698,582.53,330.59,0.6768,29.81
IXMtest_O09_s2_w133C7EDCE-1C7C-41A6-9E52-7AD499E7CDC8.tif,9,710,93.68,443.67,0.7672,30.07
IXMtest_O09_s2_w133C7EDCE-1C7C-41A6-9E52-7AD499E7CDC8.tif,10,446,9.03,494.38,0.8748,23.83
IXMtest_O09_s2_w133C7EDCE-1C7C-41A6-9E52-7AD499E7CDC8.tif,11,619,568.56,83.88,0.8679,28.07
IXMtest_O09_s2_w133C7EDCE-1C7C-41A6-9E52-7AD499E7CDC8.tif,12,510,149.44,510.5,0.7084,25.48
IXMtest_O09_s2_w133C7EDCE-1C7C-41A6-9E52-7AD499E7CDC8.tif,13,657,53.93,460.07,0.8817,28.92
IXMtest_O09_s2_w133C7EDCE-1C7C-41A6-9E52-7AD499E7CDC8.tif,14,1714,428.28,67.37,0.877,46.72
IXMtest_O09_s2_w133C7EDCE-1C7C-41A6-9E52-7AD499E7CDC8.tif,15,683,498.25,11.61,0.8695,29.49
IXMtest_O09_s2_w133C7EDCE-1C7C-41A6-9E52-7AD499E7CDC8.tif,16,647,302.66,421.1,0.7765,28.7
IXMtest_O09_s2_w133C7EDCE-1C7C-41A6-9E52-7AD499E7CDC8.tif,17,737,582.73,374.26,0.7629,30.63
IXMtest_O09_s2_w133C7EDCE-1C7C-41A6-9E52-7AD499E7CDC8.tif,18,948,82.15,489.24,0.7482,34.74
IXMtest_O09_s2_w133C7EDCE-1C7C-41A6-9E52-7AD499E7CDC8.tif,19,634,293.69,361.23,0.7002,28.41
IXMtest_O09_s2_w133C7EDCE-1C7C-41A6-9E52-7AD499E7CDC8.tif,20,790,87.65,173.79,0.902,31.72
IXMtest_O09_s2_w133C7EDCE-1C7C-41A6-9E52-7AD499E7CDC8.tif,21,889,29.86,322.75,0.769,33.64
IXMtest_O09_s2_w133C7EDCE-1C7C-41A6-9E52-7AD499E7CDC8.tif,22,626,586.99,301.91,0.8626,28.23
IXMtest_O09_s2_w133C7EDCE-1C7C-41A6-9E52-7AD499E7CDC8.tif,23,662,63.41,235.18,0.9215,29.03
IXMtest_O09_s2_w133C7EDCE-1C7C-41A6-9E52-7AD499E7CDC8.tif,24,612,44.67,283.22,0.8313,27.91
IXMtest_O09_s2_w133C7EDCE-1C7C-41A6-9E52-7AD499E7CDC8.tif,25,717,630.0,457.36,0.7727,30.21
IXMtest_O09_s2_w133C7EDCE-1C7C-41A6-9E52-7AD499E7CDC8.tif,26,536,8.09,243.73,0.743,26.12
IXMtest_O09_s2_w133C7EDCE-1C7C-41A6-9E52-7AD499E7CDC8.tif,27,885,175.94,429.28,0.8649,33.57
IXMtest_O09_s2_w133C7EDCE-1C7C-41A6-9E52-7AD499E7CDC8.tif,28,938,540.28,124.57,0.9041,34.56
IXMtest_O09_s2_w133C7EDCE-1C7C-41A6-9E52-7AD499E7CDC8.tif,29,755,132.07,185.58,0.7969,31.0
IXMtest_O09_s2_w133C7EDCE-1C7C-41A6-9E52-7AD499E7CDC8.tif,30,709,516.35,320.55,0.8373,30.05
IXMtest_O09_s2_w133C7EDCE-1C7C-41A6-9E52-7AD499E7CDC8.tif,31,595,544.71,262.49,0.9489,27.52
IXMtest_O09_s2_w133C7EDCE-1C7C-41A6-9E52-7AD499E7CDC8.tif,32,309,684.78,374.17,0.8303,19.84
IXMtest_O09_s2_w133C7EDCE-1C7C-41A6-9E52-7AD499E7CDC8.tif,33,678,445.43,332.71,0.7228,29.38
IXMtest_O09_s2_w133C7EDCE-1C7C-41A6-9E52-7AD499E7CDC8.tif,34,699,387.35,308.44,0.865,29.83
IXMtest_O09_s2_w133C7EDCE-1C7C-41A6-9E52-7AD499E7CDC8.tif,35,1030,214.68,244.23,0.7609,36.21
IXMtest_O09_s2_w133C7EDCE-1C7C-41A6-9E52-7AD499E7CDC8.tif,36,653,596.21,61.62,0.7539,28.83
IXMtest_O09_s2_w133C7EDCE-1C7C-41A6-9E52-7AD499E7CDC8.tif,37,899,333.92,172.42,0.9224,33.83
IXMtest_O09_s2_w133C7EDCE-1C7C-41A6-9E52-7AD499E7CDC8.tif,38,234,3.91,139.11,0.649,17.26
IXMtest_O09_s2_w133C7EDCE-1C7C-41A6-9E52-7AD499E7CDC8.tif,39,444,452.53,278.19,0.9527,23.78
IXMtest_O09_s2_w133C7EDCE-1C7C-41A6-9E52-7AD499E7CDC8.tif,40,880,525.11,432.38,0.7461,33.47
IXMtest_O09_s2_w133C7EDCE-1C7C-41A6-9E52-7AD499E7CDC8.tif,41,1204,506.68,486.88,0.8428,39.15
IXMtest_O09_s2_w133C7EDCE-1C7C-41A6-9E52-7AD499E7CDC8.tif,42,580,661.56,321.1,0.8752,27.17
IXMtest_O09_s2_w133C7EDCE-1C7C-41A6-9E52-7AD499E7CDC8.tif,43,726,376.8,223.65,0.7663,30.4
IXMtest_O09_s2_w133C7EDCE-1C7C-41A6-9E52-7AD499E7CDC8.tif,44,909,78.94,406.18,0.8442,34.02
IXMtest_O09_s2_w133C7EDCE-1C7C-41A6-9E52-7AD499E7CDC8.tif,45,1048,462.83,480.28,0.8177,36.53
IXMtest_O09_s2_w133C7EDCE-1C7C-41A6-9E52-7AD499E7CDC8.tif,46,737,480.79,364.04,0.8437,30.63
IXMtest_O09_s2_w133C7EDCE-1C7C-41A6-9E52-7AD499E7CDC8.tif,47,1025,397.22,495.71,0.8473,36.13
IXMtest_O09_s2_w133C7EDCE-1C7C-41A6-9E52-7AD499E7CDC8.tif,48,993,369.55,449.17,0.9076,35.56
IXMtest_O09_s2_w133C7EDCE-1C7C-41A6-9E52-7AD499E7CDC8.tif,49,720,106.67,277.32,0.8867,30.28
IXMtest_O09_s2_w133C7EDCE-1C7C-41A6-9E52-7AD499E7CDC8.tif,50,409,685.44,340.14,0.9027,22.82
IXMtest_O09_s2_w133C7EDCE-1C7C-41A6-9E52-7AD499E7CDC8.tif,51,811,211.23,373.11,0.6091,32.13
IXMtest_O09_s2_w133C7EDCE-1C7C-41A6-9E52-7AD499E7CDC8.tif,52,576,621.48,274.03,0.7599,27.08
IXMtest_O09_s2_w133C7EDCE-1C7C-41A6-9E52-7AD499E7CDC8.tif,53,641,268.74,435.08,0.936,28.57
IXMtest_O09_s2_w133C7EDCE-1C7C-41A6-9E52-7AD499E7CDC8.tif,54,706,591.91,215.23,0.8361,29.98
IXMtest_O09_s2_w133C7EDCE-1C7C-41A6-9E52-7AD499E7CDC8.tif,55,686,638.31,224.72,0.9338,29.55
IXMtest_O09_s2_w133C7EDCE-1C7C-41A6-9E52-7AD499E7CDC8.tif,56,552,500.61,244.58,0.9141,26.51
IXMtest_O09_s2_w133C7EDCE-1C7C-41A6-9E52-7AD499E7CDC8.tif,57,1010,580.29,16.07,0.65,35.86
IXMtest_O09_s2_w133C7EDCE-1C7C-41A6-9E52-7AD499E7CDC8.tif,58,649,259.2,373.8,0.6987,28.75
IXMtest_O09_s2_w133C7EDCE-1C7C-41A6-9E52-7AD499E7CDC8.tif,59,839,233.73,329.58,0.6762,32.68
IXMtest_O09_s2_w133C7EDCE-1C7C-41A6-9E52-7AD499E7CDC8.tif,60,848,316.66,501.31,0.8609,32.86
IXMtest_O09_s2_w133C7EDCE-1C7C-41A6-9E52-7AD499E7CDC8.tif,61,1876,594.8,133.8,0.5022,48.87
IXMtest_O09_s2_w133C7EDCE-1C7C-41A6-9E52-7AD499E7CDC8.tif,62,260,26.38,166.95,0.9863,18.19
IXMtest_O09_s2_w133C7EDCE-1C7C-41A6-9E52-7AD499E7CDC8.tif,63,914,634.58,13.15,0.5514,34.11
IXMtest_O09_s2_w133C7EDCE-1C7C-41A6-9E52-7AD499E7CDC8.tif,64,709,551.0,180.51,0.9354,30.05
IXMtest_O09_s2_w133C7EDCE-1C7C-41A6-9E52-7AD499E7CDC8.tif,65,729,528.39,204.51,0.8875,30.47
IXMtest_O09_s2_w133C7EDCE-1C7C-41A6-9E52-7AD499E7CDC8.tif,66,1411,488.95,204.72,0.6414,42.39
IXMtest_O10_s8_w18F4DB020-BFB7-4F13-B99C-C39F8E54F85D.tif,1,575,9.48,22.38,0.8011,27.06
IXMtest_O10_s8_w18F4DB020-BFB7-4F13-B99C-C39F8E54F85D.tif,2,929,30.78,444.4,0.8642,34.39
IXMtest_O10_s8_w18F4DB020-BFB7-4F13-B99C-C39F8E54F85D.tif,3,778,261.28,404.14,0.9319,31.47
IXMtest_O10_s8_w18F4DB020-BFB7-4F13-B99C-C39F8E54F85D.tif,4,1181,315.61,315.14,0.6384,38.78
IXMtest_O10_s8_w18F4DB020-BFB7-4F13-B99C-C39F8E54F85D.tif,5,839,139.01,368.66,0.7543,32.68
IXMtest_O10_s8_w18F4DB020-BFB7-4F13-B99C-C39F8E54F85D.tif,6,909,77.93,42.27,0.8883,34.02
IXMtest_O10_s8_w18F4DB020-BFB7-4F13-B99C-C39F8E54F85D.tif,7,874,126.46,209.69,0.9007,33.36
IXMtest_O10_s8_w18F4DB020-BFB7-4F13-B99C-C39F8E54F85D.tif,8,759,54.67,88.53,0.9303,31.09
IXMtest_O10_s8_w18F4DB020-BFB7-4F13-B99C-C39F8E54F85D.tif,9,935,127.16,261.66,0.9028,34.5
IXMtest_O10_s8_w18F4DB020-BFB7-4F13-B99C-C39F8E54F85D.tif,10,1343,352.59,138.85,0.668,41.35
IXMtest_O10_s8_w18F4DB020-BFB7-4F13-B99C-C39F8E54F85D.tif,11,996,38.66,269.03,0.8816,35.61
IXMtest_O10_s8_w18F4DB020-BFB7-4F13-B99C-C39F8E54F85D.tif,12,1175,380.73,412.38,0.6721,38.68
IXMtest_O10_s8_w18F4DB020-BFB7-4F13-B99C-C39F8E54F85D.tif,13,960,42.1,340.01,0.8602,34.96
IXMtest_O10_s8_w18F4DB020-BFB7-4F13-B99C-C39F8E54F85D.tif,14,968,594.36,273.65,0.9173,35.11
IXMtest_O10_s8_w18F4DB020-BFB7-4F13-B99C-C39F8E54F85D.tif,15,55,600.47,517.09,0.8518,8.37
IXMtest_O10_s8_w18F4DB020-BFB7-4F13-B99C-C39F8E54F85D.tif,16,48,594.75,1.46,0.7562,7.82
IXMtest_O13_s3_w12D9C1C9C-C582-4080-B9BE-4807FA3E0843.tif,1,658,581.17,155.0,0.8938,28.94
IXMtest_O13_s3_w12D9C1C9C-C582-4080-B9BE-4807FA3E0843.tif,2,839,524.98,489.43,0.8038,32.68
IXMtest_O13_s3_w12D9C1C9C-C582-4080-B9BE-4807FA3E0843.tif,3,591,602.92,348.76,0.7836,27.43
IXMtest_O13_s3_w12D9C1C9C-C582-4080-B9BE-4807FA3E0843.tif,4,1395,611.94,114.98,0.716,42.14
IXMtest_O13_s3_w12D9C1C9C-C582-4080-B9BE-4807FA3E0843.tif,5,691,663.49,434.49,0.8754,29.66
IXMtest_O13_s3_w12D9C1C9C-C582-4080-B9BE-4807FA3E0843.tif,6,559,648.4,509.45,0.8205,26.68
IXMtest_O13_s3_w12D9C1C9C-C582-4080-B9BE-4807FA3E0843.tif,7,543,107.71,158.16,0.955,26.29
IXMtest_O13_s3_w12D9C1C9C-C582-4080-B9BE-4807FA3E0843.tif,8,751,432.29,455.69,0.8614,30.92
IXMtest_O13_s3_w12D9C1C9C-C582-4080-B9BE-4807FA3E0843.tif,9,761,203.02,490.51,0.8689,31.13
IXMtest_O13_s3_w12D9C1C9C-C582-4080-B9BE-4807FA3E0843.tif,10,817,604.54,421.05,0.8346,32.25
IXMtest_O13_s3_w12D9C1C9C-C582-4080-B9BE-4807FA3E0843.tif,11,669,352.71,70.55,0.8721,29.19
IXMtest_O13_s3_w12D9C1C9C-C582-4080-B9BE-4807FA3E0843.tif,12,901,178.42,139.55,0.9147,33.87
IXMtest_O13_s3_w12D9C1C9C-C582-4080-B9BE-4807FA3E0843.tif,13,574,477.91,434.81,0.8755,27.03
IXMtest_O13_s3_w12D9C1C9C-C582-4080-B9BE-4807FA3E0843.tif,14,340,463.16,513.7,0.7553,20.81
IXMtest_O13_s3_w12D9C1C9C-C582-4080-B9BE-4807FA3E0843.tif,15,724,275.65,497.96,0.7216,30.36
IXMtest_O13_s3_w12D9C1C9C-C582-4080-B9BE-4807FA3E0843.tif,16,731,602.68,503.34,0.8773,30.51
IXMtest_O13_s3_w12D9C1C9C-C582-4080-B9BE-4807FA3E0843.tif,17,452,684.5,478.93,0.8737,23.99
IXMtest_O13_s3_w12D9C1C9C-C582-4080-B9BE-4807FA3E0843.tif,18,724,295.02,70.95,0.7725,30.36
IXMtest_O13_s3_w12D9C1C9C-C582-4080-B9BE-4807FA3E0843.tif,19,662,674.76,351.03,0.9011,29.03
IXMtest_O13_s3_w12D9C1C9C-C582-4080-B9BE-4807FA3E0843.tif,20,241,548.79,515.27,0.6013,17.52
IXMtest_O13_s3_w12D9C1C9C-C582-4080-B9BE-4807FA3E0843.tif,21,1849,542.17,438.17,0.6596,48.52
IXMtest_O13_s3_w12D9C1C9C-C582-4080-B9BE-4807FA3E0843.tif,22,71,238.37,2.31,0.8903,9.51
IXMtest_O15_s6_w1A4844AB3-6D66-4B9A-8212-758E061C349F.tif,1,1814,576.49,188.25,0.6092,48.06
IXMtest_O15_s6_w1A4844AB3-6D66-4B9A-8212-758E061C349F.tif,2,1479,659.2,438.48,0.516,43.39
IXMtest_O15_s6_w1A4844AB3-6D66-4B9A-8212-758E061C349F.tif,3,2937,270.52,29.26,0.7614,61.15
IXMtest_O15_s6_w1A4844AB3-6D66-4B9A-8212-758E061C349F.tif,4,591,404.59,6.65,0.5321,27.43
IXMtest_O15_s6_w1A4844AB3-6D66-4B9A-8212-758E061C349F.tif,5,716,24.81,26.74,0.4923,30.19
IXMtest_O15_s6_w1A4844AB3-6D66-4B9A-8212-758E061C349F.tif,6,1360,208.79,216.81,0.7163,41.61
IXMtest_O15_s6_w1A4844AB3-6D66-4B9A-8212-758E061C349F.tif,7,1788,568.19,421.55,0.501,47.71
IXMtest_O15_s6_w1A4844AB3-6D66-4B9A-8212-758E061C349F.tif,8,1073,429.29,296.51,0.5409,36.96
IXMtest_O15_s6_w1A4844AB3-6D66-4B9A-8212-758E061C349F.tif,9,704,29.67,478.13,0.9353,29.94
IXMtest_O15_s6_w1A4844AB3-6D66-4B9A-8212-758E061C349F.tif,10,943,182.92,494.54,0.8152,34.65
IXMtest_O15_s6_w1A4844AB3-6D66-4B9A-8212-758E061C349F.tif,11,820,590.6,486.96,0.7679,32.31
IXMtest_O15_s6_w1A4844AB3-6D66-4B9A-8212-758E061C349F.tif,12,1031,487.33,504.28,0.8088,36.23
IXMtest_O15_s6_w1A4844AB3-6D66-4B9A-8212-758E061C349F.tif,13,1147,232.78,408.23,0.8861,38.22
IXMtest_O15_s6_w1A4844AB3-6D66-4B9A-8212-758E061C349F.tif,14,1082,493.15,363.05,0.9211,37.12
IXMtest_O15_s6_w1A4844AB3-6D66-4B9A-8212-758E061C349F.tif,15,799,161.41,262.14,0.957,31.9
IXMtest_O15_s6_w1A4844AB3-6D66-4B9A-8212-758E061C349F.tif,16,1703,464.4,445.46,0.8901,46.57
IXMtest_O15_s6_w1A4844AB3-6D66-4B9A-8212-758E061C349F.tif,17,215,445.04,15.75,0.902,16.55
IXMtest_O15_s6_w1A4844AB3-6D66-4B9A-8212-758E061C349F.tif,18,247,557.59,503.23,0.9449,17.73
IXMtest_O15_s6_w1A4844AB3-6D66-4B9A-8212-758E061C349F.tif,19,190,678.81,411.46,0.9589,15.55
IXMtest_O15_s6_w1A4844AB3-6D66-4B9A-8212-758E061C349F.tif,20,88,602.69,186.16,0.8991,10.59
IXMtest_O15_s6_w1A4844AB3-6D66-4B9A-8212-758E061C349F.tif,21,104,236.88,169.13,0.8983,11.51
IXMtest_O16_s2_w1F6F6A3A1-99E4-4029-B734-022806CF6D42.tif,1,1880,393.47,102.36,0.6052,48.93
IXMtest_O16_s2_w1F6F6A3A1-99E4-4029-B734-022806CF6D42.tif,2,642,564.67,222.46,0.8529,28.59
IXMtest_O16_s2_w1F6F6A3A1-99E4-4029-B734-022806CF6D42.tif,3,1506,581.91,491.64,0.5169,43.79
IXMtest_O16_s2_w1F6F6A3A1-99E4-4029-B734-022806CF6D42.tif,4,443,325.65,510.93,0.6882,23.75
IXMtest_O16_s2_w1F6F6A3A1-99E4-4029-B734-022806CF6D42.tif,5,982,664.58,353.01,0.8976,35.36
IXMtest_O16_s2_w1F6F6A3A1-99E4-4029-B734-022806CF6D42.tif,6,1184,157.97,341.83,0.7695,38.83
IXMtest_O16_s2_w1F6F6A3A1-99E4-4029-B734-022806CF6D42.tif,7,702,508.81,215.08,0.8546,29.9
IXMtest_O16_s2_w1F6F6A3A1-99E4-4029-B734-022806CF6D42.tif,8,656,12.8,401.69,0.9001,28.9
IXMtest_O16_s2_w1F6F6A3A1-99E4-4029-B734-022806CF6D42.tif,9,876,168.47,63.47,0.7505,33.4
IXMtest_O16_s2_w1F6F6A3A1-99E4-4029-B734-022806CF6D42.tif,10,673,373.74,368.82,0.8265,29.27
IXMtest_O16_s2_w1F6F6A3A1-99E4-4029-B734-022806CF6D42.tif,11,915,200.2,100.99,0.6709,34.13
IXMtest_O16_s2_w1F6F6A3A1-99E4-4029-B734-022806CF6D42.tif,12,751,473.75,455.65,0.8241,30.92
IXMtest_O16_s2_w1F6F6A3A1-99E4-4029-B734-022806CF6D42.tif,13,796,270.6,129.24,0.8011,31.84
IXMtest_O16_s2_w1F6F6A3A1-99E4-4029-B734-022806CF6D42.tif,14,925,100.28,377.73,0.8699,34.32
IXMtest_O16_s2_w1F6F6A3A1-99E4-4029-B734-022806CF6D42.tif,15,904,564.32,69.08,0.7982,33.93
IXMtest_O16_s2_w1F6F6A3A1-99E4-4029-B734-022806CF6D42.tif,16,603,211.14,510.96,0.6739,27.71
IXMtest_O16_s2_w1F6F6A3A1-99E4-4029-B734-022806CF6D42.tif,17,773,453.01,285.6,0.9154,31.37
IXMtest_O16_s2_w1F6F6A3A1-99E4-4029-B734-022806CF6D42.tif,18,606,137.4,418.2,0.8849,27.78
IXMtest_O16_s2_w1F6F6A3A1-99E4-4029-B734-022806CF6D42.tif,19,480,379.87,8.75,0.826,24.72
IXMtest_O16_s2_w1F6F6A3A1-99E4-4029-B734-022806CF6D42.tif,20,1197,655.37,38.73,0.4494,39.04
IXMtest_O16_s2_w1F6F6A3A1-99E4-4029-B734-022806CF6D42.tif,21,1463,534.76,370.62,0.8738,43.16
IXMtest_O16_s2_w1F6F6A3A1-99E4-4029-B734-022806CF6D42.tif,22,714,534.27,479.74,0.9581,30.15
IXMtest_O16_s2_w1F6F6A3A1-99E4-4029-B734-022806CF6D42.tif,23,518,652.7,188.21,0.7876,25.68
IXMtest_O16_s2_w1F6F6A3A1-99E4-4029-B734-022806CF6D42.tif,24,503,29.18,294.23,0.9045,25.31
IXMtest_O16_s2_w1F6F6A3A1-99E4-4029-B734-022806CF6D42.tif,25,1574,70.64,450.27,0.7994,44.77
IXMtest_O16_s2_w1F6F6A3A1-99E4-4029-B734-022806CF6D42.tif,26,800,69.41,60.32,0.76,31.92
IXMtest_O16_s2_w1F6F6A3A1-99E4-4029-B734-022806CF6D42.tif,27,976,444.67,39.03,0.8884,35.25
IXMtest_O16_s2_w1F6F6A3A1-99E4-4029-B734-022806CF6D42.tif,28,995,517.54,49.4,0.7733,35.59
IXMtest_O16_s2_w1F6F6A3A1-99E4-4029-B734-022806CF6D42.tif,29,910,307.44,254.58,0.8712,34.04
IXMtest_O16_s2_w1F6F6A3A1-99E4-4029-B734-022806CF6D42.tif,30,1318,421.91,387.36,0.5635,40.96
IXMtest_O16_s2_w1F6F6A3A1-99E4-4029-B734-022806CF6D42.tif,31,543,342.13,386.31,0.9013,26.29
IXMtest_O16_s2_w1F6F6A3A1-99E4-4029-B734-022806CF6D42.tif,32,783,280.22,357.08,0.9065,31.57
IXMtest_O16_s2_w1F6F6A3A1-99E4-4029-B734-022806CF6D42.tif,33,581,687.47,498.06,0.6255,27.2
IXMtest_O16_s2_w1F6F6A3A1-99E4-4029-B734-022806CF6D42.tif,34,269,376.06,514.63,0.6777,18.51
IXMtest_O16_s2_w1F6F6A3A1-99E4-4029-B734-022806CF6D42.tif,35,720,392.57,463.89,0.9294,30.28
IXMtest_O16_s2_w1F6F6A3A1-99E4-4029-B734-022806CF6D42.tif,36,792,111.65,239.86,0.8323,31.76
IXMtest_O16_s2_w1F6F6A3A1-99E4-4029-B734-022806CF6D42.tif,37,924,92.08,318.55,0.8975,34.3
IXMtest_O16_s2_w1F6F6A3A1-99E4-4029-B734-022806CF6D42.tif,38,1292,317.09,172.56,0.7148,40.56
IXMtest_O16_s2_w1F6F6A3A1-99E4-4029-B734-022806CF6D42.tif,39,1345,350.83,201.35,0.8125,41.38
IXMtest_O16_s2_w1F6F6A3A1-99E4-4029-B734-022806CF6D42.tif,40,692,14.68,503.13,0.8749,29.68
IXMtest_O16_s2_w1F6F6A3A1-99E4-4029-B734-022806CF6D42.tif,41,798,217.12,146.7,0.853,31.88
IXMtest_O16_s2_w1F6F6A3A1-99E4-4029-B734-022806CF6D42.tif,42,884,249.35,68.13,0.7779,33.55
IXMtest_O16_s2_w1F6F6A3A1-99E4-4029-B734-022806CF6D42.tif,43,536,25.09,241.44,0.8778,26.12
IXMtest_O16_s2_w1F6F6A3A1-99E4-4029-B734-022806CF6D42.tif,44,1146,634.25,480.78,0.8298,38.2
IXMtest_O16_s2_w1F6F6A3A1-99E4-4029-B734-022806CF6D42.tif,45,894,95.47,89.95,0.8544,33.74
IXMtest_O16_s2_w1F6F6A3A1-99E4-4029-B734-022806CF6D42.tif,46,727,671.6,231.66,0.9319,30.42
IXMtest_O16_s2_w1F6F6A3A1-99E4-4029-B734-022806CF6D42.tif,47,493,66.91,237.52,0.936,25.05
IXMtest_O16_s2_w1F6F6A3A1-99E4-4029-B734-022806CF6D42.tif,48,730,626.25,140.81,0.9203,30.49
IXMtest_O16_s2_w1F6F6A3A1-99E4-4029-B734-022806CF6D42.tif,49,898,493.13,329.97,0.7948,33.81
IXMtest_O16_s2_w1F6F6A3A1-99E4-4029-B734-022806CF6D42.tif,50,630,14.51,107.9,0.8733,28.32
IXMtest_O16_s2_w1F6F6A3A1-99E4-4029-B734-022806CF6D42.tif,51,271,691.43,417.41,0.4782,18.58
IXMtest_O16_s2_w1F6F6A3A1-99E4-4029-B734-022806CF6D42.tif,52,331,688.59,282.47,0.7353,20.53
IXMtest_O16_s2_w1F6F6A3A1-99E4-4029-B734-022806CF6D42.tif,53,750,629.72,422.19,0.9149,30.9
IXMtest_O16_s2_w1F6F6A3A1-99E4-4029-B734-022806CF6D42.tif,54,820,623.5,360.44,0.7884,32.31
IXMtest_O16_s2_w1F6F6A3A1-99E4-4029-B734-022806CF6D42.tif,55,661,492.69,507.95,0.8473,29.01
IXMtest_O16_s2_w1F6F6A3A1-99E4-4029-B734-022806CF6D42.tif,56,560,476.42,182.17,0.8746,26.7
IXMtest_O16_s2_w1F6F6A3A1-99E4-4029-B734-022806CF6D42.tif,57,816,542.23,120.46,0.7446,32.23
IXMtest_O16_s2_w1F6F6A3A1-99E4-4029-B734-022806CF6D42.tif,58,728,666.77,93.1,0.9053,30.45
IXMtest_O16_s2_w1F6F6A3A1-99E4-4029-B734-022806CF6D42.tif,59,944,630.06,86.21,0.9076,34.67
IXMtest_O16_s2_w1F6F6A3A1-99E4-4029-B734-022806CF6D42.tif,60,1328,480.32,115.41,0.6434,41.12
IXMtest_O16_s2_w1F6F6A3A1-99E4-4029-B734-022806CF6D42.tif,61,869,131.18,151.9,0.9091,33.26
IXMtest_O16_s2_w1F6F6A3A1-99E4-4029-B734-022806CF6D42.tif,62,944,567.66,425.47,0.8593,34.67
IXMtest_O16_s2_w1F6F6A3A1-99E4-4029-B734-022806CF6D42.tif,63,480,319.89,335.01,0.9697,24.72
IXMtest_O16_s2_w1F6F6A3A1-99E4-4029-B734-022806CF6D42.tif,64,760,559.21,265.91,0.8717,31.11
IXMtest_O16_s2_w1F6F6A3A1-99E4-4029-B734-022806CF6D42.tif,65,661,519.33,279.99,0.9155,29.01
IXMtest_O16_s2_w1F6F6A3A1-99E4-4029-B734-022806CF6D42.tif,66,679,660.8,288.18,0.8851,29.4
IXMtest_O16_s2_w1F6F6A3A1-99E4-4029-B734-022806CF6D42.tif,67,818,554.27,154.53,0.6991,32.27
IXMtest_O16_s2_w1F6F6A3A1-99E4-4029-B734-022806CF6D42.tif,68,650,124.43,17.17,0.9256,28.77
IXMtest_O16_s2_w1F6F6A3A1-99E4-4029-B734-022806CF6D42.tif,69,833,614.98,263.04,0.8786,32.57
IXMtest_O16_s2_w1F6F6A3A1-99E4-4029-B734-022806CF6D42.tif,70,522,685.38,196.43,0.7472,25.78
IXMtest_O16_s2_w1F6F6A3A1-99E4-4029-B734-022806CF6D42.tif,71,793,63.15,149.51,0.9138,31.78
IXMtest_O16_s2_w1F6F6A3A1-99E4-4029-B734-022806CF6D42.tif,72,964,585.35,21.5,0.8638,35.03
IXMtest_O16_s2_w1F6F6A3A1-99E4-4029-B734-022806CF6D42.tif,73,851,234.52,321.24,0.8919,32.92
IXMtest_O16_s2_w1F6F6A3A1-99E4-4029-B734-022806CF6D42.tif,74,775,328.42,102.45,0.7772,31.41
IXMtest_O16_s2_w1F6F6A3A1-99E4-4029-B734-022806CF6D42.tif,75,659,296.75,78.1,0.7489,28.97
IXMtest_O16_s2_w1F6F6A3A1-99E4-4029-B734-022806CF6D42.tif,76,441,20.57,332.73,0.9379,23.7
IXMtest_O16_s2_w1F6F6A3A1-99E4-4029-B734-022806CF6D42.tif,77,750,120.41,499.53,0.8781,30.9
IXMtest_O16_s2_w1F6F6A3A1-99E4-4029-B734-022806CF6D42.tif,78,1401,420.97,217.61,0.7873,42.24
IXMtest_O16_s2_w1F6F6A3A1-99E4-4029-B734-022806CF6D42.tif,79,534,594.71,186.3,0.9524,26.08
IXMtest_O16_s2_w1F6F6A3A1-99E4-4029-B734-022806CF6D42.tif,80,187,449.58,515.16,0.7613,15.43
IXMtest_O16_s2_w1F6F6A3A1-99E4-4029-B734-022806CF6D42.tif,81,747,272.83,493.55,0.8213,30.84
IXMtest_O16_s2_w1F6F6A3A1-99E4-4029-B734-022806CF6D42.tif,82,713,243.4,227.43,0.842,30.13
IXMtest_O16_s2_w1F6F6A3A1-99E4-4029-B734-022806CF6D42.tif,83,846,185.92,234.28,0.9284,32.82
IXMtest_O16_s2_w1F6F6A3A1-99E4-4029-B734-022806CF6D42.tif,84,524,41.15,210.53,0.94,25.83
IXMtest_O16_s2_w1F6F6A3A1-99E4-4029-B734-022806CF6D42.tif,85,588,86.03,196.93,0.9554,27.36
IXMtest_O16_s2_w1F6F6A3A1-99E4-4029-B734-022806CF6D42.tif,86,1040,17.48,457.12,0.7318,36.39
IXMtest_O16_s2_w1F6F6A3A1-99E4-4029-B734-022806CF6D42.tif,87,886,200.52,466.45,0.7585,33.59
IXMtest_O16_s2_w1F6F6A3A1-99E4-4029-B734-022806CF6D42.tif,88,603,196.66,425.23,0.9079,27.71
IXMtest_O16_s2_w1F6F6A3A1-99E4-4029-B734-022806CF6D42.tif,89,276,403.38,284.87,0.9621,18.75
IXMtest_O16_s2_w1F6F6A3A1-99E4-4029-B734-022806CF6D42.tif,90,680,193.41,383.74,0.935,29.42
IXMtest_O16_s2_w1F6F6A3A1-99E4-4029-B734-022806CF6D42.tif,91,291,149.12,514.81,0.6189,19.25
IXMtest_O16_s2_w1F6F6A3A1-99E4-4029-B734-022806CF6D42.tif,92,320,277.2,282.2,0.9879,20.19
IXMtest_O16_s2_w1F6F6A3A1-99E4-4029-B734-022806CF6D42.tif,93,568,233.97,18.89,0.9179,26.89
IXMtest_O16_s2_w1F6F6A3A1-99E4-4029-B734-022806CF6D42.tif,94,287,304.34,292.81,0.9443,19.12
IXMtest_O16_s2_w1F6F6A3A1-99E4-4029-B734-022806CF6D42.tif,95,1542,157.61,293.56,0.5507,44.31
IXMtest_O16_s2_w1F6F6A3A1-99E4-4029-B734-022806CF6D42.tif,96,175,692.31,28.02,0.5117,14.93
IXMtest_O16_s2_w1F6F6A3A1-99E4-4029-B734-022806CF6D42.tif,97,943,304.97,26.06,0.8655,34.65
IXMtest_O16_s2_w1F6F6A3A1-99E4-4029-B734-022806CF6D42.tif,98,1888,300.5,443.03,0.5627,49.03
IXMtest_O16_s2_w1F6F6A3A1-99E4-4029-B734-022806CF6D42.tif,99,541,162.48,379.68,0.9205,26.25
IXMtest_O16_s2_w1F6F6A3A1-99E4-4029-B734-022806CF6D42.tif,100,1425,216.38,275.02,0.7014,42.6
IXMtest_O16_s3_w129E61E12-E398-496E-9408-092D2D70E74B.tif,1,877,467.17,20.74,0.9015,33.42
IXMtest_O16_s3_w129E61E12-E398-496E-9408-092D2D70E74B.tif,2,517,566.63,508.43,0.6693,25.66
IXMtest_O16_s3_w129E61E12-E398-496E-9408-092D2D70E74B.tif,3,632,212.06,411.49,0.8798,28.37
IXMtest_O16_s3_w129E61E12-E398-496E-9408-092D2D70E74B.tif,4,705,147.39,348.98,0.7233,29.96
IXMtest_O16_s3_w129E61E12-E398-496E-9408-092D2D70E74B.tif,5,537,502.45,10.08,0.7384,26.15
IXMtest_O16_s3_w129E61E12-E398-496E-9408-092D2D70E74B.tif,6,678,167.45,208.35,0.7571,29.38
IXMtest_O16_s3_w129E61E12-E398-496E-9408-092D2D70E74B.tif,7,596,12.69,290.89,0.9431,27.55
IXMtest_O16_s3_w129E61E12-E398-496E-9408-092D2D70E74B.tif,8,478,333.9,99.22,0.8476,24.67
IXMtest_O16_s3_w129E61E12-E398-496E-9408-092D2D70E74B.tif,9,657,354.9,75.85,0.8625,28.92
IXMtest_O16_s3_w129E61E12-E398-496E-9408-092D2D70E74B.tif,10,714,172.53,131.95,0.8793,30.15
IXMtest_O16_s3_w129E61E12-E398-496E-9408-092D2D70E74B.tif,11,704,238.3,330.27,0.8918,29.94
IXMtest_O16_s3_w129E61E12-E398-496E-9408-092D2D70E74B.tif,12,1141,354.61,303.06,0.7364,38.12
IXMtest_O16_s3_w129E61E12-E398-496E-9408-092D2D70E74B.tif,13,889,636.66,156.28,0.8747,33.64
IXMtest_O16_s3_w129E61E12-E398-496E-9408-092D2D70E74B.tif,14,560,412.38,126.82,0.8496,26.7
IXMtest_O16_s3_w129E61E12-E398-496E-9408-092D2D70E74B.tif,15,1096,22.37,113.68,0.7936,37.36
IXMtest_O16_s3_w129E61E12-E398-496E-9408-092D2D70E74B.tif,16,876,201.64,86.26,0.9084,33.4
IXMtest_O16_s3_w129E61E12-E398-496E-9408-092D2D70E74B.tif,17,729,13.16,365.51,0.8943,30.47
IXMtest_O16_s3_w129E61E12-E398-496E-9408-092D2D70E74B.tif,18,978,491.1,139.86,0.7463,35.29
IXMtest_O16_s3_w129E61E12-E398-496E-9408-092D2D70E74B.tif,19,704,576.34,421.38,0.8449,29.94
IXMtest_O16_s3_w129E61E12-E398-496E-9408-092D2D70E74B.tif,20,512,520.94,369.36,0.8274,25.53
IXMtest_O16_s3_w129E61E12-E398-496E-9408-092D2D70E74B.tif,21,623,545.96,342.87,0.7309,28.16
IXMtest_O16_s3_w129E61E12-E398-496E-9408-092D2D70E74B.tif,22,685,126.96,72.91,0.8948,29.53
IXMtest_O16_s3_w129E61E12-E398-496E-9408-092D2D70E74B.tif,23,675,77.8,412.51,0.7636,29.32
IXMtest_O16_s3_w129E61E12-E398-496E-9408-092D2D70E74B.tif,24,706,147.54,237.56,0.905,29.98
IXMtest_O16_s3_w129E61E12-E398-496E-9408-092D2D70E74B.tif,25,754,398.08,481.63,0.8553,30.98
IXMtest_O16_s3_w129E61E12-E398-496E-9408-092D2D70E74B.tif,26,600,41.12,187.33,0.8456,27.64
IXMtest_O16_s3_w129E61E12-E398-496E-9408-092D2D70E74B.tif,27,867,680.84,205.9,0.7859,33.22
IXMtest_O16_s3_w129E61E12-E398-496E-9408-092D2D70E74B.tif,28,642,149.95,503.97,0.7567,28.59
IXMtest_O16_s3_w129E61E12-E398-496E-9408-092D2D70E74B.tif,29,920,557.11,95.17,0.8271,34.23
IXMtest_O16_s3_w129E61E12-E398-496E-9408-092D2D70E74B.tif,30,657,386.54,72.39,0.8988,28.92
IXMtest_O16_s3_w129E61E12-E398-496E-9408-092D2D70E74B.tif,31,822,550.32,176.75,0.6947,32.35
IXMtest_O16_s3_w129E61E12-E398-496E-9408-092D2D70E74B.tif,32,882,435.99,398.3,0.8954,33.51
IXMtest_O16_s3_w129E61E12-E398-496E-9408-092D2D70E74B.tif,33,645,446.48,223.9,0.8655,28.66
IXMtest_O16_s3_w129E61E12-E398-496E-9408-092D2D70E74B.tif,34,882,594.3,211.29,0.9344,33.51
IXMtest_O16_s3_w129E61E12-E398-496E-9408-092D2D70E74B.tif,35,582,220.07,447.05,0.7962,27.22
IXMtest_O16_s3_w129E61E12-E398-496E-9408-092D2D70E74B.tif,36,667,464.66,506.64,0.9218,29.14
IXMtest_O16_s3_w129E61E12-E398-496E-9408-092D2D70E74B.tif,37,679,54.78,230.34,0.8808,29.4
IXMtest_O16_s3_w129E61E12-E398-496E-9408-092D2D70E74B.tif,38,773,265.3,441.43,0.9009,31.37
IXMtest_O16_s3_w129E61E12-E398-496E-9408-092D2D70E74B.tif,39,687,243.19,228.75,0.8955,29.58
IXMtest_O16_s3_w129E61E12-E398-496E-9408-092D2D70E74B.tif,40,625,216.59,479.24,0.8919,28.21
IXMtest_O16_s3_w129E61E12-E398-496E-9408-092D2D70E74B.tif,41,674,250.99,121.6,0.8019,29.29
IXMtest_O16_s3_w129E61E12-E398-496E-9408-092D2D70E74B.tif,42,823,315.01,281.8,0.9089,32.37
IXMtest_O16_s3_w129E61E12-E398-496E-9408-092D2D70E74B.tif,43,991,420.32,189.69,0.9165,35.52
IXMtest_O16_s3_w129E61E12-E398-496E-9408-092D2D70E74B.tif,44,625,192.93,174.59,0.8854,28.21
IXMtest_O16_s3_w129E61E12-E398-496E-9408-092D2D70E74B.tif,45,682,442.74,431.91,0.6864,29.47
IXMtest_O16_s3_w129E61E12-E398-496E-9408-092D2D70E74B.tif,46,744,496.99,415.09,0.9014,30.78
IXMtest_O16_s3_w129E61E12-E398-496E-9408-092D2D70E74B.tif,47,756,252.9,201.68,0.916,31.03
IXMtest_O16_s3_w129E61E12-E398-496E-9408-092D2D70E74B.tif,48,687,183.87,256.3,0.7539,29.58
IXMtest_O16_s3_w129E61E12-E398-496E-9408-092D2D70E74B.tif,49,764,308.93,238.75,0.8058,31.19
IXMtest_O16_s3_w129E61E12-E398-496E-9408-092D2D70E74B.tif,50,1009,336.94,491.28,0.9019,35.84
IXMtest_O16_s3_w129E61E12-E398-496E-9408-092D2D70E74B.tif,51,672,126.97,154.84,0.9639,29.25
IXMtest_O16_s3_w129E61E12-E398-496E-9408-092D2D70E74B.tif,52,707,64.82,92.41,0.9018,30.0
IXMtest_O16_s3_w129E61E12-E398-496E-9408-092D2D70E74B.tif,53,1002,634.53,75.44,0.8368,35.72
IXMtest_O16_s3_w129E61E12-E398-496E-9408-092D2D70E74B.tif,54,640,198.79,344.53,0.792,28.55
IXMtest_O16_s3_w129E61E12-E398-496E-9408-092D2D70E74B.tif,55,813,456.46,326.98,0.8613,32.17
IXMtest_O16_s3_w129E61E12-E398-496E-9408-092D2D70E74B.tif,56,504,534.0,448.38,0.9433,25.33
IXMtest_O16_s3_w129E61E12-E398-496E-9408-092D2D70E74B.tif,57,444,317.95,8.62,0.8058,23.78
IXMtest_O16_s3_w129E61E12-E398-496E-9408-092D2D70E74B.tif,58,622,21.02,505.44,0.8949,28.14
IXMtest_O16_s3_w129E61E12-E398-496E-9408-092D2D70E74B.tif,59,896,484.99,210.44,0.925,33.78
IXMtest_O16_s3_w129E61E12-E398-496E-9408-092D2D70E74B.tif,60,757,651.5,395.93,0.799,31.05
IXMtest_O16_s3_w129E61E12-E398-496E-9408-092D2D70E74B.tif,61,587,294.12,386.47,0.9666,27.34
IXMtest_O16_s3_w129E61E12-E398-496E-9408-092D2D70E74B.tif,62,901,123.85,440.66,0.9485,33.87
IXMtest_O16_s3_w129E61E12-E398-496E-9408-092D2D70E74B.tif,63,792,292.6,474.32,0.8264,31.76
IXMtest_O16_s3_w129E61E12-E398-496E-9408-092D2D70E74B.tif,64,734,413.07,359.7,0.9616,30.57
IXMtest_O16_s3_w129E61E12-E398-496E-9408-092D2D70E74B.tif,65,877,245.66,371.48,0.8811,33.42
IXMtest_O16_s3_w129E61E12-E398-496E-9408-092D2D70E74B.tif,66,1695,482.53,106.85,0.6266,46.46
IXMtest_O16_s3_w129E61E12-E398-496E-9408-092D2D70E74B.tif,67,681,398.35,36.55,0.8627,29.45
IXMtest_O16_s3_w129E61E12-E398-496E-9408-092D2D70E74B.tif,68,1566,278.83,66.88,0.6369,44.65
IXMtest_O16_s3_w129E61E12-E398-496E-9408-092D2D70E74B.tif,69,585,224.82,295.45,0.736,27.29
IXMtest_O16_s3_w129E61E12-E398-496E-9408-092D2D70E74B.tif,70,678,53.82,492.27,0.839,29.38
IXMtest_O16_s3_w129E61E12-E398-496E-9408-092D2D70E74B.tif,71,665,368.07,361.21,0.9421,29.1
IXMtest_O16_s3_w129E61E12-E398-496E-9408-092D2D70E74B.tif,72,147,610.13,516.04,0.6246,13.68
IXMtest_O16_s3_w129E61E12-E398-496E-9408-092D2D70E74B.tif,73,668,88.03,135.37,0.9415,29.16
IXMtest_O16_s3_w129E61E12-E398-496E-9408-092D2D70E74B.tif,74,744,615.0,242.48,0.7423,30.78
IXMtest_O16_s3_w129E61E12-E398-496E-9408-092D2D70E74B.tif,75,647,91.96,26.85,0.9329,28.7
IXMtest_O16_s3_w129E61E12-E398-496E-9408-092D2D70E74B.tif,76,497,166.12,12.87,0.9334,25.16
IXMtest_O16_s3_w129E61E12-E398-496E-9408-092D2D70E74B.tif,77,110,691.41,151.34,0.9216,11.83
IXMtest_O16_s3_w129E61E12-E398-496E-9408-092D2D70E74B.tif,78,728,625.43,442.05,0.8484,30.45
IXMtest_O16_s3_w129E61E12-E398-496E-9408-092D2D70E74B.tif,79,583,396.75,407.15,0.9526,27.25
IXMtest_O16_s3_w129E61E12-E398-496E-9408-092D2D70E74B.tif,80,642,279.4,165.18,0.9095,28.59
IXMtest_O16_s3_w129E61E12-E398-496E-9408-092D2D70E74B.tif,81,296,524.46,512.13,0.7898,19.41
IXMtest_O16_s3_w129E61E12-E398-496E-9408-092D2D70E74B.tif,82,541,45.89,47.44,0.9438,26.25
IXMtest_O16_s3_w129E61E12-E398-496E-9408-092D2D70E74B.tif,83,173,3.95,263.31,0.8071,14.84
IXMtest_O16_s3_w129E61E12-E398-496E-9408-092D2D70E74B.tif,84,597,199.64,39.22,0.9573,27.57
IXMtest_O16_s3_w129E61E12-E398-496E-9408-092D2D70E74B.tif,85,1082,177.83,420.83,0.7618,37.12
IXMtest_O16_s3_w129E61E12-E398-496E-9408-092D2D70E74B.tif,86,1184,102.34,490.0,0.5523,38.83
IXMtest_O16_s3_w129E61E12-E398-496E-9408-092D2D70E74B.tif,87,176,690.15,109.56,0.9095,14.97
IXMtest_O16_s3_w129E61E12-E398-496E-9408-092D2D70E74B.tif,88,559,640.44,502.0,0.9565,26.68
IXMtest_O16_s3_w129E61E12-E398-496E-9408-092D2D70E74B.tif,89,697,380.25,226.61,0.9373,29.79
IXMtest_O16_s3_w129E61E12-E398-496E-9408-092D2D70E74B.tif,90,529,631.7,279.24,0.8711,25.95
IXMtest_O16_s3_w129E61E12-E398-496E-9408-092D2D70E74B.tif,91,899,61.44,277.21,0.7134,33.83
IXMtest_O16_s3_w129E61E12-E398-496E-9408-092D2D70E74B.tif,92,632,677.24,303.77,0.8338,28.37
IXMtest_O16_s3_w129E61E12-E398-496E-9408-092D2D70E74B.tif,93,1056,101.52,323.22,0.8954,36.67
IXMtest_O16_s3_w129E61E12-E398-496E-9408-092D2D70E74B.tif,94,1229,48.18,373.71,0.5432,39.56
IXMtest_O16_s3_w129E61E12-E398-496E-9408-092D2D70E74B.tif,95,298,6.08,11.53,0.8472,19.48
IXMtest_O16_s3_w129E61E12-E398-496E-9408-092D2D70E74B.tif,96,205,222.93,4.69,0.8346,16.16
IXMtest_O16_s3_w129E61E12-E398-496E-9408-092D2D70E74B.tif,97,1637,602.24,356.23,0.5399,45.65
IXMtest_O16_s3_w129E61E12-E398-496E-9408-092D2D70E74B.tif,98,1192,419.01,310.47,0.5594,38.96
IXMtest_O16_s3_w129E61E12-E398-496E-9408-092D2D70E74B.tif,99,417,34.36,9.33,0.9038,23.04
IXMtest_O16_s3_w129E61E12-E398-496E-9408-092D2D70E74B.tif,100,1779,516.52,311.44,0.4097,47.59
IXMtest_O18_s1_w1C2EE9CCF-5055-4E56-BB3A-212A63545A90.tif,1,1240,19.25,404.76,0.7741,39.73
IXMtest_O18_s1_w1C2EE9CCF-5055-4E56-BB3A-212A63545A90.tif,2,765,13.08,331.45,0.8054,31.21
IXMtest_O18_s1_w1C2EE9CCF-5055-4E56-BB3A-212A63545A90.tif,3,333,370.89,512.26,0.7127,20.59
IXMtest_O18_s1_w1C2EE9CCF-5055-4E56-BB3A-212A63545A90.tif,4,595,155.36,44.23,0.7465,27.52
IXMtest_O18_s1_w1C2EE9CCF-5055-4E56-BB3A-212A63545A90.tif,5,1066,530.27,190.62,0.8147,36.84
IXMtest_O18_s1_w1C2EE9CCF-5055-4E56-BB3A-212A63545A90.tif,6,948,426.77,484.02,0.7961,34.74
IXMtest_O18_s1_w1C2EE9CCF-5055-4E56-BB3A-212A63545A90.tif,7,1037,157.17,454.83,0.866,36.34
IXMtest_O18_s1_w1C2EE9CCF-5055-4E56-BB3A-212A63545A90.tif,8,775,659.11,175.92,0.8321,31.41
IXMtest_O18_s1_w1C2EE9CCF-5055-4E56-BB3A-212A63545A90.tif,9,1143,502.97,213.51,0.7184,38.15
IXMtest_O18_s1_w1C2EE9CCF-5055-4E56-BB3A-212A63545A90.tif,10,660,172.66,309.49,0.8019,28.99
IXMtest_O18_s1_w1C2EE9CCF-5055-4E56-BB3A-212A63545A90.tif,11,1202,91.25,325.23,0.8111,39.12
IXMtest_O18_s1_w1C2EE9CCF-5055-4E56-BB3A-212A63545A90.tif,12,516,680.39,460.44,0.763,25.63
IXMtest_O18_s1_w1C2EE9CCF-5055-4E56-BB3A-212A63545A90.tif,13,1300,146.72,105.58,0.6039,40.68
IXMtest_O18_s1_w1C2EE9CCF-5055-4E56-BB3A-212A63545A90.tif,14,1329,387.33,105.39,0.6679,41.14
IXMtest_O18_s1_w1C2EE9CCF-5055-4E56-BB3A-212A63545A90.tif,15,899,375.63,40.26,0.8877,33.83
IXMtest_O18_s1_w1C2EE9CCF-5055-4E56-BB3A-212A63545A90.tif,16,628,214.28,289.07,0.7184,28.28
IXMtest_O18_s1_w1C2EE9CCF-5055-4E56-BB3A-212A63545A90.tif,17,946,195.84,344.15,0.823,34.71
IXMtest_O18_s1_w1C2EE9CCF-5055-4E56-BB3A-212A63545A90.tif,18,744,495.13,365.3,0.7763,30.78
IXMtest_O18_s1_w1C2EE9CCF-5055-4E56-BB3A-212A63545A90.tif,19,636,386.01,422.22,0.8764,28.46
IXMtest_O18_s1_w1C2EE9CCF-5055-4E56-BB3A-212A63545A90.tif,20,621,333.37,248.03,0.9001,28.12
IXMtest_O18_s1_w1C2EE9CCF-5055-4E56-BB3A-212A63545A90.tif,21,682,251.34,243.53,0.9171,29.47
IXMtest_O18_s1_w1C2EE9CCF-5055-4E56-BB3A-212A63545A90.tif,22,606,230.8,494.91,0.8648,27.78
IXMtest_O18_s1_w1C2EE9CCF-5055-4E56-BB3A-212A63545A90.tif,23,579,589.44,310.97,0.8784,27.15
IXMtest_O18_s1_w1C2EE9CCF-5055-4E56-BB3A-212A63545A90.tif,24,608,531.8,85.33,0.8569,27.82
IXMtest_O18_s1_w1C2EE9CCF-5055-4E56-BB3A-212A63545A90.tif,25,753,434.88,197.93,0.8677,30.96
IXMtest_O18_s1_w1C2EE9CCF-5055-4E56-BB3A-212A63545A90.tif,26,810,503.18,93.7,0.9045,32.11
IXMtest_O18_s1_w1C2EE9CCF-5055-4E56-BB3A-212A63545A90.tif,27,831,646.82,314.29,0.8107,32.53
IXMtest_O18_s1_w1C2EE9CCF-5055-4E56-BB3A-212A63545A90.tif,28,998,97.05,499.54,0.8642,35.65
IXMtest_O18_s1_w1C2EE9CCF-5055-4E56-BB3A-212A63545A90.tif,29,964,194.51,12.23,0.7095,35.03
IXMtest_O18_s1_w1C2EE9CCF-5055-4E56-BB3A-212A63545A90.tif,30,1006,503.54,406.87,0.8058,35.79
IXMtest_O18_s1_w1C2EE9CCF-5055-4E56-BB3A-212A63545A90.tif,31,1905,328.44,140.06,0.8025,49.25
IXMtest_O18_s1_w1C2EE9CCF-5055-4E56-BB3A-212A63545A90.tif,32,839,231.49,381.49,0.8466,32.68
IXMtest_O18_s1_w1C2EE9CCF-5055-4E56-BB3A-212A63545A90.tif,33,815,169.07,413.48,0.8504,32.21
IXMtest_O18_s1_w1C2EE9CCF-5055-4E56-BB3A-212A63545A90.tif,34,586,425.68,450.72,0.8494,27.32
IXMtest_O18_s1_w1C2EE9CCF-5055-4E56-BB3A-212A63545A90.tif,35,611,459.87,130.0,0.9369,27.89
IXMtest_O18_s1_w1C2EE9CCF-5055-4E56-BB3A-212A63545A90.tif,36,798,173.47,264.31,0.9274,31.88
IXMtest_O18_s1_w1C2EE9CCF-5055-4E56-BB3A-212A63545A90.tif,37,477,9.92,239.73,0.8208,24.64
IXMtest_O18_s1_w1C2EE9CCF-5055-4E56-BB3A-212A63545A90.tif,38,639,545.99,296.06,0.9379,28.52
IXMtest_O18_s1_w1C2EE9CCF-5055-4E56-BB3A-212A63545A90.tif,39,716,668.71,271.72,0.7639,30.19
IXMtest_O18_s1_w1C2EE9CCF-5055-4E56-BB3A-212A63545A90.tif,40,777,341.23,83.16,0.8996,31.45
IXMtest_O18_s1_w1C2EE9CCF-5055-4E56-BB3A-212A63545A90.tif,41,620,469.63,389.63,0.9053,28.1
IXMtest_O18_s1_w1C2EE9CCF-5055-4E56-BB3A-212A63545A90.tif,42,775,93.13,16.53,0.8359,31.41
IXMtest_O18_s1_w1C2EE9CCF-5055-4E56-BB3A-212A63545A90.tif,43,1247,277.86,127.15,0.5534,39.85
IXMtest_O18_s1_w1C2EE9CCF-5055-4E56-BB3A-212A63545A90.tif,44,488,637.69,446.68,0.835,24.93
IXMtest_O18_s1_w1C2EE9CCF-5055-4E56-BB3A-212A63545A90.tif,45,749,74.6,267.62,0.9075,30.88
IXMtest_O18_s1_w1C2EE9CCF-5055-4E56-BB3A-212A63545A90.tif,46,558,317.29,508.6,0.881,26.65
IXMtest_O18_s1_w1C2EE9CCF-5055-4E56-BB3A-212A63545A90.tif,47,542,532.29,138.87,0.6805,26.27
IXMtest_O18_s1_w1C2EE9CCF-5055-4E56-BB3A-212A63545A90.tif,48,788,277.79,55.61,0.8663,31.68
IXMtest_O18_s1_w1C2EE9CCF-5055-4E56-BB3A-212A63545A90.tif,49,725,183.48,113.79,0.9077,30.38
IXMtest_O18_s1_w1C2EE9CCF-5055-4E56-BB3A-212A63545A90.tif,50,566,238.47,191.88,0.9197,26.84
IXMtest_O18_s1_w1C2EE9CCF-5055-4E56-BB3A-212A63545A90.tif,51,742,35.46,501.59,0.8705,30.74
IXMtest_O18_s1_w1C2EE9CCF-5055-4E56-BB3A-212A63545A90.tif,52,705,510.02,292.01,0.9037,29.96
IXMtest_O18_s1_w1C2EE9CCF-5055-4E56-BB3A-212A63545A90.tif,53,586,263.2,315.25,0.814,27.32
IXMtest_O18_s1_w1C2EE9CCF-5055-4E56-BB3A-212A63545A90.tif,54,662,538.11,32.05,0.746,29.03
IXMtest_O18_s1_w1C2EE9CCF-5055-4E56-BB3A-212A63545A90.tif,55,519,555.29,158.53,0.9181,25.71
IXMtest_O18_s1_w1C2EE9CCF-5055-4E56-BB3A-212A63545A90.tif,56,334,661.6,509.77,0.8472,20.62
IXMtest_O18_s1_w1C2EE9CCF-5055-4E56-BB3A-212A63545A90.tif,57,726,594.03,447.63,0.8898,30.4
IXMtest_O18_s1_w1C2EE9CCF-5055-4E56-BB3A-212A63545A90.tif,58,947,204.43,78.87,0.85,34.72
IXMtest_O18_s1_w1C2EE9CCF-5055-4E56-BB3A-212A63545A90.tif,59,937,578.32,251.11,0.9047,34.54
IXMtest_O18_s1_w1C2EE9CCF-5055-4E56-BB3A-212A63545A90.tif,60,596,585.78,509.12,0.8575,27.55
IXMtest_O18_s1_w1C2EE9CCF-5055-4E56-BB3A-212A63545A90.tif,61,423,96.29,156.11,0.9696,23.21
IXMtest_O18_s1_w1C2EE9CCF-5055-4E56-BB3A-212A63545A90.tif,62,922,611.62,209.78,0.8562,34.26
IXMtest_O18_s1_w1C2EE9CCF-5055-4E56-BB3A-212A63545A90.tif,63,741,417.47,377.65,0.8851,30.72
IXMtest_O18_s1_w1C2EE9CCF-5055-4E56-BB3A-212A63545A90.tif,64,664,178.66,490.97,0.9196,29.08
IXMtest_O18_s1_w1C2EE9CCF-5055-4E56-BB3A-212A63545A90.tif,65,609,358.44,406.93,0.9585,27.85
IXMtest_O18_s1_w1C2EE9CCF-5055-4E56-BB3A-212A63545A90.tif,66,860,518.36,494.44,0.8498,33.09
IXMtest_O18_s1_w1C2EE9CCF-5055-4E56-BB3A-212A63545A90.tif,67,1343,560.87,418.53,0.7227,41.35
IXMtest_O18_s1_w1C2EE9CCF-5055-4E56-BB3A-212A63545A90.tif,68,987,676.36,389.7,0.9204,35.45
IXMtest_O18_s1_w1C2EE9CCF-5055-4E56-BB3A-212A63545A90.tif,69,732,471.4,274.27,0.8768,30.53
IXMtest_O18_s1_w1C2EE9CCF-5055-4E56-BB3A-212A63545A90.tif,70,680,453.38,11.87,0.8555,29.42
IXMtest_O18_s1_w1C2EE9CCF-5055-4E56-BB3A-212A63545A90.tif,71,640,106.24,74.92,0.8712,28.55
IXMtest_O18_s1_w1C2EE9CCF-5055-4E56-BB3A-212A63545A90.tif,72,275,645.11,6.25,0.7842,18.71
IXMtest_O18_s1_w1C2EE9CCF-5055-4E56-BB3A-212A63545A90.tif,73,479,591.85,105.77,0.9204,24.7
IXMtest_O18_s1_w1C2EE9CCF-5055-4E56-BB3A-212A63545A90.tif,74,800,441.87,324.56,0.9116,31.92
IXMtest_O18_s1_w1C2EE9CCF-5055-4E56-BB3A-212A63545A90.tif,75,243,690.72,310.19,0.7366,17.59
IXMtest_O18_s1_w1C2EE9CCF-5055-4E56-BB3A-212A63545A90.tif,76,427,209.02,129.13,0.9788,23.32
IXMtest_O18_s1_w1C2EE9CCF-5055-4E56-BB3A-212A63545A90.tif,77,659,202.44,209.99,0.8291,28.97
IXMtest_O18_s1_w1C2EE9CCF-5055-4E56-BB3A-212A63545A90.tif,78,654,305.98,439.02,0.8883,28.86
IXMtest_O18_s1_w1C2EE9CCF-5055-4E56-BB3A-212A63545A90.tif,79,597,613.86,35.07,0.7084,27.57
IXMtest_O18_s1_w1C2EE9CCF-5055-4E56-BB3A-212A63545A90.tif,80,899,59.17,70.91,0.8036,33.83
IXMtest_O18_s1_w1C2EE9CCF-5055-4E56-BB3A-212A63545A90.tif,81,579,293.32,261.26,0.7532,27.15
IXMtest_O18_s1_w1C2EE9CCF-5055-4E56-BB3A-212A63545A90.tif,82,450,110.84,192.72,0.8422,23.94
IXMtest_O18_s1_w1C2EE9CCF-5055-4E56-BB3A-212A63545A90.tif,83,414,580.48,84.93,0.8694,22.96
IXMtest_O18_s1_w1C2EE9CCF-5055-4E56-BB3A-212A63545A90.tif,84,609,420.13,267.2,0.7883,27.85
IXMtest_O18_s1_w1C2EE9CCF-5055-4E56-BB3A-212A63545A90.tif,85,250,689.53,72.16,0.8857,17.84
IXMtest_O18_s1_w1C2EE9CCF-5055-4E56-BB3A-212A63545A90.tif,86,865,251.7,427.89,0.8875,33.19
IXMtest_O18_s1_w1C2EE9CCF-5055-4E56-BB3A-212A63545A90.tif,87,327,20.71,7.7,0.8238,20.4
IXMtest_O18_s1_w1C2EE9CCF-5055-4E56-BB3A-212A63545A90.tif,88,297,590.73,4.4,0.664,19.45
IXMtest_O18_s1_w1C2EE9CCF-5055-4E56-BB3A-212A63545A90.tif,89,508,251.07,100.05,0.8986,25.43
IXMtest_O18_s1_w1C2EE9CCF-5055-4E56-BB3A-212A63545A90.tif,90,627,68.6,106.42,0.7943,28.25
IXMtest_O18_s1_w1C2EE9CCF-5055-4E56-BB3A-212A63545A90.tif,91,264,688.16,35.89,0.8591,18.33
IXMtest_O18_s1_w1C2EE9CCF-5055-4E56-BB3A-212A63545A90.tif,92,753,98.49,421.17,0.6923,30.96
IXMtest_O18_s1_w1C2EE9CCF-5055-4E56-BB3A-212A63545A90.tif,93,114,405.06,515.36,0.6493,12.05
IXMtest_O18_s1_w1C2EE9CCF-5055-4E56-BB3A-212A63545A90.tif,94,223,381.12,5.26,0.8891,16.85
IXMtest_O18_s1_w1C2EE9CCF-5055-4E56-BB3A-212A63545A90.tif,95,604,273.64,198.08,0.6197,27.73
IXMtest_O18_s1_w1C2EE9CCF-5055-4E56-BB3A-212A63545A90.tif,96,1151,376.35,315.41,0.4686,38.28
IXMtest_O18_s1_w1C2EE9CCF-5055-4E56-BB3A-212A63545A90.tif,97,516,61.87,161.08,0.8338,25.63
IXMtest_O18_s1_w1C2EE9CCF-5055-4E56-BB3A-212A63545A90.tif,98,655,611.18,67.62,0.8314,28.88
IXMtest_O18_s1_w1C2EE9CCF-5055-4E56-BB3A-212A63545A90.tif,99,1407,377.44,233.91,0.4702,42.33
IXMtest_O18_s1_w1C2EE9CCF-5055-4E56-BB3A-212A63545A90.tif,100,76,691.32,213.36,0.8606,9.84
IXMtest_O18_s7_w19C30A212-58D3-4030-AA4F-B0C4482F1F8A.tif,1,735,592.19,324.36,0.8704,30.59
IXMtest_O18_s7_w19C30A212-58D3-4030-AA4F-B0C4482F1F8A.tif,2,1956,366.87,47.44,0.6305,49.9
IXMtest_O18_s7_w19C30A212-58D3-4030-AA4F-B0C4482F1F8A.tif,3,964,267.8,462.59,0.8387,35.03
IXMtest_O18_s7_w19C30A212-58D3-4030-AA4F-B0C4482F1F8A.tif,4,604,276.29,404.25,0.8451,27.73
IXMtest_O18_s7_w19C30A212-58D3-4030-AA4F-B0C4482F1F8A.tif,5,752,672.91,197.68,0.8905,30.94
IXMtest_O18_s7_w19C30A212-58D3-4030-AA4F-B0C4482F1F8A.tif,6,725,41.73,28.66,0.8784,30.38
IXMtest_O18_s7_w19C30A212-58D3-4030-AA4F-B0C4482F1F8A.tif,7,552,242.86,428.66,0.9141,26.51
IXMtest_O18_s7_w19C30A212-58D3-4030-AA4F-B0C4482F1F8A.tif,8,572,601.68,505.2,0.7809,26.99
IXMtest_O18_s7_w19C30A212-58D3-4030-AA4F-B0C4482F1F8A.tif,9,576,184.17,441.91,0.9136,27.08
IXMtest_O18_s7_w19C30A212-58D3-4030-AA4F-B0C4482F1F8A.tif,10,814,524.83,146.74,0.8243,32.19
IXMtest_O18_s7_w19C30A212-58D3-4030-AA4F-B0C4482F1F8A.tif,11,674,344.49,282.73,0.8358,29.29
IXMtest_O18_s7_w19C30A212-58D3-4030-AA4F-B0C4482F1F8A.tif,12,770,386.99,180.95,0.8598,31.31
IXMtest_O18_s7_w19C30A212-58D3-4030-AA4F-B0C4482F1F8A.tif,13,686,637.7,398.71,0.8733,29.55
IXMtest_O18_s7_w19C30A212-58D3-4030-AA4F-B0C4482F1F8A.tif,14,780,295.0,201.72,0.83,31.51
IXMtest_O18_s7_w19C30A212-58D3-4030-AA4F-B0C4482F1F8A.tif,15,859,536.71,61.57,0.8852,33.07
IXMtest_O18_s7_w19C30A212-58D3-4030-AA4F-B0C4482F1F8A.tif,16,856,632.49,131.88,0.9028,33.01
IXMtest_O18_s7_w19C30A212-58D3-4030-AA4F-B0C4482F1F8A.tif,17,688,531.02,480.41,0.8125,29.6
IXMtest_O18_s7_w19C30A212-58D3-4030-AA4F-B0C4482F1F8A.tif,18,877,351.88,406.27,0.8016,33.42
IXMtest_O18_s7_w19C30A212-58D3-4030-AA4F-B0C4482F1F8A.tif,19,615,207.05,156.06,0.8868,27.98
IXMtest_O18_s7_w19C30A212-58D3-4030-AA4F-B0C4482F1F8A.tif,20,676,385.64,437.81,0.8481,29.34
IXMtest_O18_s7_w19C30A212-58D3-4030-AA4F-B0C4482F1F8A.tif,21,713,489.62,46.09,0.936,30.13
IXMtest_O18_s7_w19C30A212-58D3-4030-AA4F-B0C4482F1F8A.tif,22,881,423.46,122.1,0.8684,33.49
IXMtest_O18_s7_w19C30A212-58D3-4030-AA4F-B0C4482F1F8A.tif,23,837,419.69,376.29,0.8445,32.65
IXMtest_O18_s7_w19C30A212-58D3-4030-AA4F-B0C4482F1F8A.tif,24,363,346.3,6.64,0.747,21.5
IXMtest_O18_s7_w19C30A212-58D3-4030-AA4F-B0C4482F1F8A.tif,25,650,151.95,242.59,0.9002,28.77
IXMtest_O18_s7_w19C30A212-58D3-4030-AA4F-B0C4482F1F8A.tif,26,713,435.22,248.17,0.8739,30.13
IXMtest_O18_s7_w19C30A212-58D3-4030-AA4F-B0C4482F1F8A.tif,27,769,290.0,246.44,0.7939,31.29
IXMtest_O18_s7_w19C30A212-58D3-4030-AA4F-B0C4482F1F8A.tif,28,869,175.6,502.18,0.8746,33.26
IXMtest_O18_s7_w19C30A212-58D3-4030-AA4F-B0C4482F1F8A.tif,29,772,509.77,425.54,0.8855,31.35
IXMtest_O18_s7_w19C30A212-58D3-4030-AA4F-B0C4482F1F8A.tif,30,1002,581.98,413.22,0.9046,35.72
IXMtest_O18_s7_w19C30A212-58D3-4030-AA4F-B0C4482F1F8A.tif,31,621,524.75,332.11,0.7813,28.12
IXMtest_O18_s7_w19C30A212-58D3-4030-AA4F-B0C4482F1F8A.tif,32,755,332.31,469.41,0.8226,31.0
IXMtest_O18_s7_w19C30A212-58D3-4030-AA4F-B0C4482F1F8A.tif,33,674,183.5,372.47,0.8398,29.29
IXMtest_O18_s7_w19C30A212-58D3-4030-AA4F-B0C4482F1F8A.tif,34,789,521.56,195.9,0.8233,31.7
IXMtest_O18_s7_w19C30A212-58D3-4030-AA4F-B0C4482F1F8A.tif,35,655,18.19,134.38,0.8051,28.88
IXMtest_O18_s7_w19C30A212-58D3-4030-AA4F-B0C4482F1F8A.tif,36,778,441.2,146.58,0.9127,31.47
IXMtest_O18_s7_w19C30A212-58D3-4030-AA4F-B0C4482F1F8A.tif,37,823,574.66,274.03,0.8626,32.37
IXMtest_O18_s7_w19C30A212-58D3-4030-AA4F-B0C4482F1F8A.tif,38,613,42.17,456.8,0.8839,27.94
IXMtest_O18_s7_w19C30A212-58D3-4030-AA4F-B0C4482F1F8A.tif,39,662,344.28,108.06,0.8858,29.03
IXMtest_O18_s7_w19C30A212-58D3-4030-AA4F-B0C4482F1F8A.tif,40,548,201.54,9.22,0.8233,26.41
IXMtest_O18_s7_w19C30A212-58D3-4030-AA4F-B0C4482F1F8A.tif,41,754,427.21,84.74,0.9395,30.98
IXMtest_O18_s7_w19C30A212-58D3-4030-AA4F-B0C4482F1F8A.tif,42,589,115.86,454.89,0.8756,27.38
IXMtest_O18_s7_w19C30A212-58D3-4030-AA4F-B0C4482F1F8A.tif,43,722,369.09,488.51,0.7669,30.32
IXMtest_O18_s7_w19C30A212-58D3-4030-AA4F-B0C4482F1F8A.tif,44,664,18.45,102.31,0.8822,29.08
IXMtest_O18_s7_w19C30A212-58D3-4030-AA4F-B0C4482F1F8A.tif,45,739,683.69,71.83,0.846,30.67
IXMtest_O18_s7_w19C30A212-58D3-4030-AA4F-B0C4482F1F8A.tif,46,665,336.56,232.23,0.9033,29.1
IXMtest_O18_s7_w19C30A212-58D3-4030-AA4F-B0C4482F1F8A.tif,47,1436,307.81,166.66,0.7539,42.76
IXMtest_O18_s7_w19C30A212-58D3-4030-AA4F-B0C4482F1F8A.tif,48,649,673.62,489.82,0.8879,28.75
IXMtest_O18_s7_w19C30A212-58D3-4030-AA4F-B0C4482F1F8A.tif,49,1353,447.28,439.97,0.5932,41.51
IXMtest_O18_s7_w19C30A212-58D3-4030-AA4F-B0C4482F1F8A.tif,50,515,197.61,198.18,0.9424,25.61
IXMtest_O18_s7_w19C30A212-58D3-4030-AA4F-B0C4482F1F8A.tif,51,774,649.31,56.88,0.8097,31.39
IXMtest_O18_s7_w19C30A212-58D3-4030-AA4F-B0C4482F1F8A.tif,52,1143,572.76,218.12,0.9015,38.15
IXMtest_O18_s7_w19C30A212-58D3-4030-AA4F-B0C4482F1F8A.tif,53,619,664.23,297.61,0.9222,28.07
IXMtest_O18_s7_w19C30A212-58D3-4030-AA4F-B0C4482F1F8A.tif,54,775,292.91,30.02,0.8559,31.41
IXMtest_O18_s7_w19C30A212-58D3-4030-AA4F-B0C4482F1F8A.tif,55,637,352.84,152.4,0.9137,28.48
IXMtest_O18_s7_w19C30A212-58D3-4030-AA4F-B0C4482F1F8A.tif,56,689,496.02,280.66,0.9494,29.62
IXMtest_O18_s7_w19C30A212-58D3-4030-AA4F-B0C4482F1F8A.tif,57,615,120.35,208.85,0.938,27.98
IXMtest_O18_s7_w19C30A212-58D3-4030-AA4F-B0C4482F1F8A.tif,58,929,399.91,306.05,0.8442,34.39
IXMtest_O18_s7_w19C30A212-58D3-4030-AA4F-B0C4482F1F8A.tif,59,618,193.95,111.48,0.9426,28.05
IXMtest_O18_s7_w19C30A212-58D3-4030-AA4F-B0C4482F1F8A.tif,60,592,318.59,383.35,0.9441,27.45
IXMtest_O18_s7_w19C30A212-58D3-4030-AA4F-B0C4482F1F8A.tif,61,812,131.86,56.76,0.905,32.15
IXMtest_O18_s7_w19C30A212-58D3-4030-AA4F-B0C4482F1F8A.tif,62,893,81.1,411.01,0.6362,33.72
IXMtest_O18_s7_w19C30A212-58D3-4030-AA4F-B0C4482F1F8A.tif,63,778,603.09,229.21,0.846,31.47
IXMtest_O18_s7_w19C30A212-58D3-4030-AA4F-B0C4482F1F8A.tif,64,545,92.92,276.0,0.9148,26.34
IXMtest_O18_s7_w19C30A212-58D3-4030-AA4F-B0C4482F1F8A.tif,65,1908,43.65,273.3,0.5011,49.29
IXMtest_O18_s7_w19C30A212-58D3-4030-AA4F-B0C4482F1F8A.tif,66,1215,38.85,363.82,0.9173,39.33
IXMtest_O18_s7_w19C30A212-58D3-4030-AA4F-B0C4482F1F8A.tif,67,609,230.89,254.78,0.9585,27.85
IXMtest_O18_s7_w19C30A212-58D3-4030-AA4F-B0C4482F1F8A.tif,68,797,512.29,381.06,0.9245,31.86
IXMtest_O18_s7_w19C30A212-58D3-4030-AA4F-B0C4482F1F8A.tif,69,971,479.57,127.72,0.8949,35.16
IXMtest_O18_s7_w19C30A212-58D3-4030-AA4F-B0C4482F1F8A.tif,70,586,618.17,279.52,0.9396,27.32
IXMtest_O18_s7_w19C30A212-58D3-4030-AA4F-B0C4482F1F8A.tif,71,875,588.86,58.47,0.8434,33.38
IXMtest_O18_s7_w19C30A212-58D3-4030-AA4F-B0C4482F1F8A.tif,72,564,354.67,364.34,0.965,26.8
IXMtest_O18_s7_w19C30A212-58D3-4030-AA4F-B0C4482F1F8A.tif,73,601,134.94,306.7,0.9459,27.66
IXMtest_O18_s7_w19C30A212-58D3-4030-AA4F-B0C4482F1F8A.tif,74,808,75.11,221.09,0.9633,32.07
IXMtest_O18_s7_w19C30A212-58D3-4030-AA4F-B0C4482F1F8A.tif,75,322,57.42,511.53,0.8306,20.25
IXMtest_O18_s7_w19C30A212-58D3-4030-AA4F-B0C4482F1F8A.tif,76,624,374.55,216.82,0.8997,28.19
IXMtest_O18_s7_w19C30A212-58D3-4030-AA4F-B0C4482F1F8A.tif,77,1430,108.39,95.23,0.6663,42.67
IXMtest_O18_s7_w19C30A212-58D3-4030-AA4F-B0C4482F1F8A.tif,78,689,161.51,82.71,0.909,29.62
IXMtest_O18_s7_w19C30A212-58D3-4030-AA4F-B0C4482F1F8A.tif,79,676,147.08,342.13,0.9527,29.34
IXMtest_O18_s7_w19C30A212-58D3-4030-AA4F-B0C4482F1F8A.tif,80,594,278.9,314.51,0.9178,27.5
IXMtest_O18_s7_w19C30A212-58D3-4030-AA4F-B0C4482F1F8A.tif,81,546,408.7,508.04,0.9021,26.37
IXMtest_O18_s7_w19C30A212-58D3-4030-AA4F-B0C4482F1F8A.tif,82,283,473.96,512.4,0.7816,18.98
IXMtest_O18_s7_w19C30A212-58D3-4030-AA4F-B0C4482F1F8A.tif,83,595,155.56,139.25,0.9668,27.52
IXMtest_O18_s7_w19C30A212-58D3-4030-AA4F-B0C4482F1F8A.tif,84,651,446.84,203.36,0.927,28.79
IXMtest_O18_s7_w19C30A212-58D3-4030-AA4F-B0C4482F1F8A.tif,85,743,81.71,179.37,0.9367,30.76
IXMtest_O18_s7_w19C30A212-58D3-4030-AA4F-B0C4482F1F8A.tif,86,100,295.5,515.42,0.7076,11.28
IXMtest_O18_s7_w19C30A212-58D3-4030-AA4F-B0C4482F1F8A.tif,87,698,586.31,153.04,0.8929,29.81
IXMtest_O18_s7_w19C30A212-58D3-4030-AA4F-B0C4482F1F8A.tif,88,661,79.7,341.66,0.9316,29.01
IXMtest_O18_s7_w19C30A212-58D3-4030-AA4F-B0C4482F1F8A.tif,89,790,108.93,504.92,0.7986,31.72
IXMtest_O18_s7_w19C30A212-58D3-4030-AA4F-B0C4482F1F8A.tif,90,632,78.26,103.76,0.869,28.37
IXMtest_O18_s7_w19C30A212-58D3-4030-AA4F-B0C4482F1F8A.tif,91,375,257.81,511.44,0.8202,21.85
IXMtest_O18_s7_w19C30A212-58D3-4030-AA4F-B0C4482F1F8A.tif,92,1619,666.26,228.19,0.569,45.4
IXMtest_O18_s7_w19C30A212-58D3-4030-AA4F-B0C4482F1F8A.tif,93,1674,317.55,325.45,0.706,46.17
IXMtest_O18_s7_w19C30A212-58D3-4030-AA4F-B0C4482F1F8A.tif,94,456,205.27,319.36,0.9698,24.1
IXMtest_O18_s7_w19C30A212-58D3-4030-AA4F-B0C4482F1F8A.tif,95,618,174.16,324.94,0.9476,28.05
IXMtest_O18_s7_w19C30A212-58D3-4030-AA4F-B0C4482F1F8A.tif,96,526,569.93,487.42,0.7254,25.88
IXMtest_O18_s7_w19C30A212-58D3-4030-AA4F-B0C4482F1F8A.tif,97,945,664.24,352.05,0.7817,34.69
IXMtest_O18_s7_w19C30A212-58D3-4030-AA4F-B0C4482F1F8A.tif,98,500,249.38,353.52,0.9493,25.23
IXMtest_O18_s7_w19C30A212-58D3-4030-AA4F-B0C4482F1F8A.tif,99,2464,243.26,51.18,0.5331,56.01
IXMtest_O18_s7_w19C30A212-58D3-4030-AA4F-B0C4482F1F8A.tif,100,661,563.26,189.46,0.8532,29.01
IXMtest_O24_s5_w175443699-7C4C-4E5F-9C5F-57A342CC87DE.tif,1,726,132.45,357.24,0.8517,30.4
IXMtest_O24_s5_w175443699-7C4C-4E5F-9C5F-57A342CC87DE.tif,2,960,593.9,509.55,0.6234,34.96
IXMtest_O24_s5_w175443699-7C4C-4E5F-9C5F-57A342CC87DE.tif,3,632,66.42,215.07,0.8907,28.37
IXMtest_O24_s5_w175443699-7C4C-4E5F-9C5F-57A342CC87DE.tif,4,626,501.22,366.7,0.8759,28.23
IXMtest_O24_s5_w175443699-7C4C-4E5F-9C5F-57A342CC87DE.tif,5,631,54.88,424.53,0.7971,28.34
IXMtest_O24_s5_w175443699-7C4C-4E5F-9C5F-57A342CC87DE.tif,6,788,624.53,439.06,0.7405,31.68
IXMtest_O24_s5_w175443699-7C4C-4E5F-9C5F-57A342CC87DE.tif,7,718,91.66,355.03,0.7808,30.24
IXMtest_O24_s5_w175443699-7C4C-4E5F-9C5F-57A342CC87DE.tif,8,1036,583.0,18.35,0.8009,36.32
IXMtest_O24_s5_w175443699-7C4C-4E5F-9C5F-57A342CC87DE.tif,9,768,157.4,20.53,0.8498,31.27
IXMtest_O24_s5_w175443699-7C4C-4E5F-9C5F-57A342CC87DE.tif,10,599,592.32,144.35,0.7603,27.62
IXMtest_O24_s5_w175443699-7C4C-4E5F-9C5F-57A342CC87DE.tif,11,658,651.52,20.33,0.7935,28.94
IXMtest_O24_s5_w175443699-7C4C-4E5F-9C5F-57A342CC87DE.tif,12,870,483.11,60.57,0.8502,33.28
IXMtest_O24_s5_w175443699-7C4C-4E5F-9C5F-57A342CC87DE.tif,13,1045,677.39,114.13,0.5223,36.48
IXMtest_O24_s5_w175443699-7C4C-4E5F-9C5F-57A342CC87DE.tif,14,761,345.67,440.64,0.8149,31.13
IXMtest_O24_s5_w175443699-7C4C-4E5F-9C5F-57A342CC87DE.tif,15,625,361.94,42.92,0.9126,28.21
IXMtest_O24_s5_w175443699-7C4C-4E5F-9C5F-57A342CC87DE.tif,16,394,7.65,437.89,0.818,22.4
IXMtest_O24_s5_w175443699-7C4C-4E5F-9C5F-57A342CC87DE.tif,17,774,221.51,103.56,0.8722,31.39
IXMtest_O24_s5_w175443699-7C4C-4E5F-9C5F-57A342CC87DE.tif,18,760,60.77,66.42,0.7881,31.11
IXMtest_O24_s5_w175443699-7C4C-4E5F-9C5F-57A342CC87DE.tif,19,569,274.36,69.82,0.8352,26.92
IXMtest_O24_s5_w175443699-7C4C-4E5F-9C5F-57A342CC87DE.tif,20,362,452.38,510.78,0.8487,21.47
IXMtest_O24_s5_w175443699-7C4C-4E5F-9C5F-57A342CC87DE.tif,21,689,74.23,501.56,0.8348,29.62
IXMtest_O24_s5_w175443699-7C4C-4E5F-9C5F-57A342CC87DE.tif,22,729,115.12,422.96,0.8691,30.47
IXMtest_O24_s5_w175443699-7C4C-4E5F-9C5F-57A342CC87DE.tif,23,742,18.95,62.59,0.9051,30.74
IXMtest_O24_s5_w175443699-7C4C-4E5F-9C5F-57A342CC87DE.tif,24,611,588.47,179.76,0.8637,27.89
IXMtest_O24_s5_w175443699-7C4C-4E5F-9C5F-57A342CC87DE.tif,25,790,182.66,439.67,0.8862,31.72
IXMtest_O24_s5_w175443699-7C4C-4E5F-9C5F-57A342CC87DE.tif,26,1054,536.82,91.49,0.9238,36.63
IXMtest_O24_s5_w175443699-7C4C-4E5F-9C5F-57A342CC87DE.tif,27,749,303.87,460.04,0.8887,30.88
IXMtest_O24_s5_w175443699-7C4C-4E5F-9C5F-57A342CC87DE.tif,28,1563,643.61,134.47,0.6381,44.61
IXMtest_O24_s5_w175443699-7C4C-4E5F-9C5F-57A342CC87DE.tif,29,1111,545.54,241.58,0.7846,37.61
IXMtest_O24_s5_w175443699-7C4C-4E5F-9C5F-57A342CC87DE.tif,30,800,36.62,370.71,0.8933,31.92
IXMtest_O24_s5_w175443699-7C4C-4E5F-9C5F-57A342CC87DE.tif,31,552,436.75,359.27,0.833,26.51
IXMtest_O24_s5_w175443699-7C4C-4E5F-9C5F-57A342CC87DE.tif,32,681,393.97,131.91,0.894,29.45
IXMtest_O24_s5_w175443699-7C4C-4E5F-9C5F-57A342CC87DE.tif,33,903,600.51,266.71,0.9464,33.91
IXMtest_O24_s5_w175443699-7C4C-4E5F-9C5F-57A342CC87DE.tif,34,958,662.85,291.93,0.8881,34.93
IXMtest_O24_s5_w175443699-7C4C-4E5F-9C5F-57A342CC87DE.tif,35,537,204.27,267.9,0.8963,26.15
IXMtest_O24_s5_w175443699-7C4C-4E5F-9C5F-57A342CC87DE.tif,36,829,225.36,422.91,0.9257,32.49
IXMtest_O24_s5_w175443699-7C4C-4E5F-9C5F-57A342CC87DE.tif,37,655,106.91,43.18,0.9444,28.88
IXMtest_O24_s5_w175443699-7C4C-4E5F-9C5F-57A342CC87DE.tif,38,976,614.75,54.43,0.8151,35.25
IXMtest_O24_s5_w175443699-7C4C-4E5F-9C5F-57A342CC87DE.tif,39,659,97.42,297.14,0.9016,28.97
IXMtest_O24_s5_w175443699-7C4C-4E5F-9C5F-57A342CC87DE.tif,40,1649,379.33,422.03,0.5303,45.82
IXMtest_O24_s5_w175443699-7C4C-4E5F-9C5F-57A342CC87DE.tif,41,725,11.67,141.12,0.8869,30.38
IXMtest_O24_s5_w175443699-7C4C-4E5F-9C5F-57A342CC87DE.tif,42,695,274.64,25.3,0.8971,29.75
IXMtest_O24_s5_w175443699-7C4C-4E5F-9C5F-57A342CC87DE.tif,43,591,208.59,15.15,0.9251,27.43
IXMtest_O24_s5_w175443699-7C4C-4E5F-9C5F-57A342CC87DE.tif,44,913,517.16,166.55,0.9269,34.09
IXMtest_O24_s5_w175443699-7C4C-4E5F-9C5F-57A342CC87DE.tif,45,657,139.1,387.58,0.8969,28.92
IXMtest_O24_s5_w175443699-7C4C-4E5F-9C5F-57A342CC87DE.tif,46,922,145.69,327.76,0.8598,34.26
IXMtest_O24_s5_w175443699-7C4C-4E5F-9C5F-57A342CC87DE.tif,47,586,441.11,463.29,0.9704,27.32
IXMtest_O24_s5_w175443699-7C4C-4E5F-9C5F-57A342CC87DE.tif,48,705,349.07,85.23,0.8931,29.96
IXMtest_O24_s5_w175443699-7C4C-4E5F-9C5F-57A342CC87DE.tif,49,1665,335.11,297.19,0.6975,46.04
IXMtest_O24_s5_w175443699-7C4C-4E5F-9C5F-57A342CC87DE.tif,50,1648,560.17,335.92,0.5121,45.81
IXMtest_O24_s5_w175443699-7C4C-4E5F-9C5F-57A342CC87DE.tif,51,823,120.08,477.51,0.9335,32.37
IXMtest_O24_s5_w175443699-7C4C-4E5F-9C5F-57A342CC87DE.tif,52,691,277.57,274.27,0.8053,29.66
IXMtest_O24_s5_w175443699-7C4C-4E5F-9C5F-57A342CC87DE.tif,53,818,252.91,171.63,0.8689,32.27
IXMtest_O24_s5_w175443699-7C4C-4E5F-9C5F-57A342CC87DE.tif,54,625,514.53,325.11,0.9012,28.21
IXMtest_O24_s5_w175443699-7C4C-4E5F-9C5F-57A342CC87DE.tif,55,568,296.33,114.76,0.9229,26.89
IXMtest_O24_s5_w175443699-7C4C-4E5F-9C5F-57A342CC87DE.tif,56,1479,508.48,425.0,0.8119,43.39
IXMtest_O24_s5_w175443699-7C4C-4E5F-9C5F-57A342CC87DE.tif,57,955,463.3,140.87,0.8228,34.87
IXMtest_O24_s5_w175443699-7C4C-4E5F-9C5F-57A342CC87DE.tif,58,507,263.23,391.7,0.9545,25.41
IXMtest_O24_s5_w175443699-7C4C-4E5F-9C5F-57A342CC87DE.tif,59,775,305.31,375.85,0.8037,31.41
IXMtest_O24_s5_w175443699-7C4C-4E5F-9C5F-57A342CC87DE.tif,60,597,318.46,251.1,0.8763,27.57
IXMtest_O24_s5_w175443699-7C4C-4E5F-9C5F-57A342CC87DE.tif,61,649,482.06,15.57,0.8834,28.75
IXMtest_O24_s5_w175443699-7C4C-4E5F-9C5F-57A342CC87DE.tif,62,689,188.02,494.64,0.909,29.62
IXMtest_O24_s5_w175443699-7C4C-4E5F-9C5F-57A342CC87DE.tif,63,665,672.44,441.57,0.8835,29.1
IXMtest_O24_s5_w175443699-7C4C-4E5F-9C5F-57A342CC87DE.tif,64,857,574.56,437.45,0.8982,33.03
IXMtest_O24_s5_w175443699-7C4C-4E5F-9C5F-57A342CC87DE.tif,65,840,303.78,75.35,0.8159,32.7
IXMtest_O24_s5_w175443699-7C4C-4E5F-9C5F-57A342CC87DE.tif,66,639,404.08,481.04,0.9571,28.52
IXMtest_O24_s5_w175443699-7C4C-4E5F-9C5F-57A342CC87DE.tif,67,1010,637.09,378.55,0.7107,35.86
IXMtest_O24_s5_w175443699-7C4C-4E5F-9C5F-57A342CC87DE.tif,68,621,321.36,135.97,0.9595,28.12
IXMtest_O24_s5_w175443699-7C4C-4E5F-9C5F-57A342CC87DE.tif,69,595,444.31,16.67,0.9075,27.52
IXMtest_O24_s5_w175443699-7C4C-4E5F-9C5F-57A342CC87DE.tif,70,537,426.46,410.16,0.9013,26.15
IXMtest_O24_s5_w175443699-7C4C-4E5F-9C5F-57A342CC87DE.tif,71,763,27.34,493.53,0.8951,31.17
IXMtest_O24_s5_w175443699-7C4C-4E5F-9C5F-57A342CC87DE.tif,72,535,490.4,315.05,0.8356,26.1
IXMtest_O24_s5_w175443699-7C4C-4E5F-9C5F-57A342CC87DE.tif,73,567,453.38,311.93,0.7168,26.87
IXMtest_O24_s5_w175443699-7C4C-4E5F-9C5F-57A342CC87DE.tif,74,519,419.1,74.56,0.952,25.71
IXMtest_O24_s5_w175443699-7C4C-4E5F-9C5F-57A342CC87DE.tif,75,674,372.28,14.49,0.864,29.29
IXMtest_O24_s5_w175443699-7C4C-4E5F-9C5F-57A342CC87DE.tif,76,1604,664.09,195.15,0.5542,45.19
IXMtest_O24_s5_w175443699-7C4C-4E5F-9C5F-57A342CC87DE.tif,77,490,299.84,199.31,0.8988,24.98
IXMtest_O24_s5_w175443699-7C4C-4E5F-9C5F-57A342CC87DE.tif,78,592,435.43,250.12,0.7928,27.45
IXMtest_O24_s5_w175443699-7C4C-4E5F-9C5F-57A342CC87DE.tif,79,577,279.13,495.08,0.9081,27.1
IXMtest_O24_s5_w175443699-7C4C-4E5F-9C5F-57A342CC87DE.tif,80,514,289.3,173.68,0.9701,25.58
IXMtest_O24_s5_w175443699-7C4C-4E5F-9C5F-57A342CC87DE.tif,81,589,238.22,477.39,0.9032,27.38
IXMtest_O24_s5_w175443699-7C4C-4E5F-9C5F-57A342CC87DE.tif,82,1598,494.7,267.08,0.6499,45.11
IXMtest_O24_s5_w175443699-7C4C-4E5F-9C5F-57A342CC87DE.tif,83,669,674.17,388.34,0.8417,29.19
IXMtest_O24_s5_w175443699-7C4C-4E5F-9C5F-57A342CC87DE.tif,84,607,272.8,341.85,0.9258,27.8
IXMtest_O24_s5_w175443699-7C4C-4E5F-9C5F-57A342CC87DE.tif,85,1241,368.44,363.95,0.621,39.75
IXMtest_O24_s5_w175443699-7C4C-4E5F-9C5F-57A342CC87DE.tif,86,983,392.77,288.03,0.8449,35.38
IXMtest_O24_s5_w175443699-7C4C-4E5F-9C5F-57A342CC87DE.tif,87,519,225.46,504.26,0.8952,25.71
IXMtest_O24_s5_w175443699-7C4C-4E5F-9C5F-57A342CC87DE.tif,88,547,333.06,501.86,0.913,26.39
IXMtest_O24_s5_w175443699-7C4C-4E5F-9C5F-57A342CC87DE.tif,89,371,404.99,9.96,0.932,21.73
IXMtest_O24_s5_w175443699-7C4C-4E5F-9C5F-57A342CC87DE.tif,90,182,415.6,514.8,0.8151,15.22
IXMtest_O24_s5_w175443699-7C4C-4E5F-9C5F-57A342CC87DE.tif,91,1551,223.49,333.57,0.5689,44.44
IXMtest_O24_s5_w175443699-7C4C-4E5F-9C5F-57A342CC87DE.tif,92,539,404.02,256.76,0.8926,26.2
IXMtest_O24_s5_w175443699-7C4C-4E5F-9C5F-57A342CC87DE.tif,93,139,10.44,3.22,0.7691,13.3
IXMtest_O24_s5_w175443699-7C4C-4E5F-9C5F-57A342CC87DE.tif,94,62,692.58,286.98,0.5853,8.88
IXMtest_O24_s5_w175443699-7C4C-4E5F-9C5F-57A342CC87DE.tif,95,60,359.88,517.33,0.6894,8.74
IXMtest_O24_s5_w175443699-7C4C-4E5F-9C5F-57A342CC87DE.tif,96,264,2.4,278.07,0.3479,18.33
IXMtest_P01_s3_w1A7DC2612-9C11-4656-B100-102AF8FE8B43.tif,1,1546,272.87,168.49,0.5564,44.37
IXMtest_P01_s3_w1A7DC2612-9C11-4656-B100-102AF8FE8B43.tif,2,689,9.92,420.09,0.7836,29.62
IXMtest_P01_s3_w1A7DC2612-9C11-4656-B100-102AF8FE8B43.tif,3,556,605.4,510.38,0.7078,26.61
IXMtest_P01_s3_w1A7DC2612-9C11-4656-B100-102AF8FE8B43.tif,4,1037,623.65,211.51,0.7766,36.34
IXMtest_P01_s3_w1A7DC2612-9C11-4656-B100-102AF8FE8B43.tif,5,794,220.59,37.87,0.8866,31.8
IXMtest_P01_s3_w1A7DC2612-9C11-4656-B100-102AF8FE8B43.tif,6,1369,634.21,54.48,0.7201,41.75
IXMtest_P01_s3_w1A7DC2612-9C11-4656-B100-102AF8FE8B43.tif,7,802,118.94,500.08,0.7127,31.96
IXMtest_P01_s3_w1A7DC2612-9C11-4656-B100-102AF8FE8B43.tif,8,623,51.76,13.39,0.7947,28.16
IXMtest_P01_s3_w1A7DC2612-9C11-4656-B100-102AF8FE8B43.tif,9,1067,621.71,149.98,0.7681,36.86
IXMtest_P01_s3_w1A7DC2612-9C11-4656-B100-102AF8FE8B43.tif,10,911,683.8,145.59,0.8149,34.06
IXMtest_P01_s3_w1A7DC2612-9C11-4656-B100-102AF8FE8B43.tif,11,521,8.91,329.73,0.8446,25.76
IXMtest_P01_s3_w1A7DC2612-9C11-4656-B100-102AF8FE8B43.tif,12,740,206.98,283.02,0.791,30.7
IXMtest_P01_s3_w1A7DC2612-9C11-4656-B100-102AF8FE8B43.tif,13,1051,211.02,190.52,0.8386,36.58
IXMtest_P01_s3_w1A7DC2612-9C11-4656-B100-102AF8FE8B43.tif,14,982,428.88,37.68,0.7853,35.36
IXMtest_P01_s3_w1A7DC2612-9C11-4656-B100-102AF8FE8B43.tif,15,894,146.48,97.88,0.728,33.74
IXMtest_P01_s3_w1A7DC2612-9C11-4656-B100-102AF8FE8B43.tif,16,709,260.09,76.1,0.7975,30.05
IXMtest_P01_s3_w1A7DC2612-9C11-4656-B100-102AF8FE8B43.tif,17,731,316.13,17.19,0.8773,30.51
IXMtest_P01_s3_w1A7DC2612-9C11-4656-B100-102AF8FE8B43.tif,18,692,279.49,42.19,0.9129,29.68
IXMtest_P01_s3_w1A7DC2612-9C11-4656-B100-102AF8FE8B43.tif,19,958,207.64,472.28,0.8881,34.93
IXMtest_P01_s3_w1A7DC2612-9C11-4656-B100-102AF8FE8B43.tif,20,759,114.56,460.8,0.7606,31.09
IXMtest_P01_s3_w1A7DC2612-9C11-4656-B100-102AF8FE8B43.tif,21,1043,674.68,370.39,0.898,36.44
IXMtest_P01_s3_w1A7DC2612-9C11-4656-B100-102AF8FE8B43.tif,22,719,211.76,332.52,0.8753,30.26
IXMtest_P01_s3_w1A7DC2612-9C11-4656-B100-102AF8FE8B43.tif,23,892,357.22,156.52,0.8167,33.7
IXMtest_P01_s3_w1A7DC2612-9C11-4656-B100-102AF8FE8B43.tif,24,664,39.92,281.83,0.8029,29.08
IXMtest_P01_s3_w1A7DC2612-9C11-4656-B100-102AF8FE8B43.tif,25,881,266.05,228.42,0.8961,33.49
IXMtest_P01_s3_w1A7DC2612-9C11-4656-B100-102AF8FE8B43.tif,26,869,547.61,492.89,0.8972,33.26
IXMtest_P01_s3_w1A7DC2612-9C11-4656-B100-102AF8FE8B43.tif,27,764,480.75,109.76,0.813,31.19
IXMtest_P01_s3_w1A7DC2612-9C11-4656-B100-102AF8FE8B43.tif,28,768,15.09,496.56,0.901,31.27
IXMtest_P01_s3_w1A7DC2612-9C11-4656-B100-102AF8FE8B43.tif,29,1021,183.21,128.86,0.8623,36.06
IXMtest_P01_s3_w1A7DC2612-9C11-4656-B100-102AF8FE8B43.tif,30,1195,83.35,69.94,0.808,39.01
IXMtest_P01_s3_w1A7DC2612-9C11-4656-B100-102AF8FE8B43.tif,31,1449,378.02,346.51,0.6434,42.95
IXMtest_P01_s3_w1A7DC2612-9C11-4656-B100-102AF8FE8B43.tif,32,818,525.96,66.09,0.8408,32.27
IXMtest_P01_s3_w1A7DC2612-9C11-4656-B100-102AF8FE8B43.tif,33,608,51.84,333.14,0.8831,27.82
IXMtest_P01_s3_w1A7DC2612-9C11-4656-B100-102AF8FE8B43.tif,34,1012,590.24,252.65,0.7305,35.9
IXMtest_P01_s3_w1A7DC2612-9C11-4656-B100-102AF8FE8B43.tif,35,352,146.62,54.64,0.9487,21.17
IXMtest_P01_s3_w1A7DC2612-9C11-4656-B100-102AF8FE8B43.tif,36,720,408.37,384.12,0.9275,30.28
IXMtest_P01_s3_w1A7DC2612-9C11-4656-B100-102AF8FE8B43.tif,37,1153,83.39,179.37,0.8621,38.32
IXMtest_P01_s3_w1A7DC2612-9C11-4656-B100-102AF8FE8B43.tif,38,954,684.62,260.54,0.6409,34.85
IXMtest_P01_s3_w1A7DC2612-9C11-4656-B100-102AF8FE8B43.tif,39,730,467.16,76.74,0.9008,30.49
IXMtest_P01_s3_w1A7DC2612-9C11-4656-B100-102AF8FE8B43.tif,40,246,668.59,4.8,0.7323,17.7
IXMtest_P01_s3_w1A7DC2612-9C11-4656-B100-102AF8FE8B43.tif,41,742,138.01,206.66,0.94,30.74
IXMtest_P01_s3_w1A7DC2612-9C11-4656-B100-102AF8FE8B43.tif,42,1071,640.33,427.03,0.903,36.93
IXMtest_P01_s3_w1A7DC2612-9C11-4656-B100-102AF8FE8B43.tif,43,654,41.67,379.8,0.8671,28.86
IXMtest_P01_s3_w1A7DC2612-9C11-4656-B100-102AF8FE8B43.tif,44,1050,636.81,312.55,0.9113,36.56
IXMtest_P01_s3_w1A7DC2612-9C11-4656-B100-102AF8FE8B43.tif,45,361,128.17,41.6,0.9632,21.44
IXMtest_P01_s3_w1A7DC2612-9C11-4656-B100-102AF8FE8B43.tif,46,708,65.1,475.51,0.7665,30.02
IXMtest_P01_s3_w1A7DC2612-9C11-4656-B100-102AF8FE8B43.tif,47,1177,106.08,364.04,0.8015,38.71
IXMtest_P01_s3_w1A7DC2612-9C11-4656-B100-102AF8FE8B43.tif,48,431,9.76,238.35,0.9142,23.43
IXMtest_P01_s3_w1A7DC2612-9C11-4656-B100-102AF8FE8B43.tif,49,335,529.6,8.75,0.9002,20.65
IXMtest_P01_s3_w1A7DC2612-9C11-4656-B100-102AF8FE8B43.tif,50,925,325.8,88.48,0.8322,34.32
IXMtest_P01_s3_w1A7DC2612-9C11-4656-B100-102AF8FE8B43.tif,51,214,687.72,511.33,0.8118,16.51
IXMtest_P01_s3_w1A7DC2612-9C11-4656-B100-102AF8FE8B43.tif,52,334,621.37,9.1,0.9426,20.62
IXMtest_P01_s3_w1A7DC2612-9C11-4656-B100-102AF8FE8B43.tif,53,901,383.38,62.24,0.5746,33.87
IXMtest_P01_s3_w1A7DC2612-9C11-4656-B100-102AF8FE8B43.tif,54,1240,599.49,87.14,0.559,39.73
IXMtest_P01_s3_w1A7DC2612-9C11-4656-B100-102AF8FE8B43.tif,55,1491,660.6,478.64,0.6081,43.57
IXMtest_P01_s3_w1A7DC2612-9C11-4656-B100-102AF8FE8B43.tif,56,783,54.96,224.32,0.8295,31.57
IXMtest_P01_s3_w1A7DC2612-9C11-4656-B100-102AF8FE8B43.tif,57,76,692.62,39.87,0.8311,9.84
IXMtest_P01_s3_w1A7DC2612-9C11-4656-B100-102AF8FE8B43.tif,58,786,52.0,252.4,0.8681,31.63
IXMtest_P05_s5_w18FC141F8-8BCA-4851-9000-31D080922BDD.tif,1,672,481.45,399.21,0.7504,29.25
IXMtest_P05_s5_w18FC141F8-8BCA-4851-9000-31D080922BDD.tif,2,688,655.74,341.53,0.8125,29.6
IXMtest_P05_s5_w18FC141F8-8BCA-4851-9000-31D080922BDD.tif,3,402,7.95,209.05,0.7399,22.62
IXMtest_P05_s5_w18FC141F8-8BCA-4851-9000-31D080922BDD.tif,4,678,450.59,228.95,0.8648,29.38
IXMtest_P05_s5_w18FC141F8-8BCA-4851-9000-31D080922BDD.tif,5,741,541.12,496.86,0.698,30.72
IXMtest_P05_s5_w18FC141F8-8BCA-4851-9000-31D080922BDD.tif,6,609,10.77,271.49,0.8808,27.85
IXMtest_P05_s5_w18FC141F8-8BCA-4851-9000-31D080922BDD.tif,7,699,401.47,457.5,0.8184,29.83
IXMtest_P05_s5_w18FC141F8-8BCA-4851-9000-31D080922BDD.tif,8,346,111.66,513.29,0.6071,20.99
IXMtest_P05_s5_w18FC141F8-8BCA-4851-9000-31D080922BDD.tif,9,689,313.76,145.52,0.7527,29.62
IXMtest_P05_s5_w18FC141F8-8BCA-4851-9000-31D080922BDD.tif,10,645,374.63,112.01,0.7868,28.66
IXMtest_P05_s5_w18FC141F8-8BCA-4851-9000-31D080922BDD.tif,11,614,105.34,74.98,0.8157,27.96
IXMtest_P05_s5_w18FC141F8-8BCA-4851-9000-31D080922BDD.tif,12,766,639.58,39.47,0.9089,31.23
IXMtest_P05_s5_w18FC141F8-8BCA-4851-9000-31D080922BDD.tif,13,1059,293.59,392.7,0.8033,36.72
IXMtest_P05_s5_w18FC141F8-8BCA-4851-9000-31D080922BDD.tif,14,696,57.56,210.49,0.8878,29.77
IXMtest_P05_s5_w18FC141F8-8BCA-4851-9000-31D080922BDD.tif,15,686,325.4,37.13,0.888,29.55
IXMtest_P05_s5_w18FC141F8-8BCA-4851-9000-31D080922BDD.tif,16,1016,570.53,90.0,0.9531,35.97
IXMtest_P05_s5_w18FC141F8-8BCA-4851-9000-31D080922BDD.tif,17,562,682.31,410.04,0.8355,26.75
IXMtest_P05_s5_w18FC141F8-8BCA-4851-9000-31D080922BDD.tif,18,689,293.4,67.74,0.8686,29.62
IXMtest_P05_s5_w18FC141F8-8BCA-4851-9000-31D080922BDD.tif,19,1006,495.04,107.02,0.8192,35.79
IXMtest_P05_s5_w18FC141F8-8BCA-4851-9000-31D080922BDD.tif,20,888,152.25,369.6,0.9128,33.62
IXMtest_P05_s5_w18FC141F8-8BCA-4851-9000-31D080922BDD.tif,21,1468,538.13,230.0,0.8447,43.23
IXMtest_P05_s5_w18FC141F8-8BCA-4851-9000-31D080922BDD.tif,22,885,46.69,394.08,0.9235,33.57
IXMtest_P05_s5_w18FC141F8-8BCA-4851-9000-31D080922BDD.tif,23,708,321.22,191.98,0.8678,30.02
IXMtest_P05_s5_w18FC141F8-8BCA-4851-9000-31D080922BDD.tif,24,708,578.25,321.38,0.8882,30.02
IXMtest_P05_s5_w18FC141F8-8BCA-4851-9000-31D080922BDD.tif,25,670,283.56,358.52,0.8365,29.21
IXMtest_P05_s5_w18FC141F8-8BCA-4851-9000-31D080922BDD.tif,26,738,206.58,191.05,0.9002,30.65
IXMtest_P05_s5_w18FC141F8-8BCA-4851-9000-31D080922BDD.tif,27,1061,428.61,485.0,0.7412,36.75
IXMtest_P05_s5_w18FC141F8-8BCA-4851-9000-31D080922BDD.tif,28,2250,175.05,434.88,0.3202,53.52
IXMtest_P05_s5_w18FC141F8-8BCA-4851-9000-31D080922BDD.tif,29,808,152.11,146.52,0.738,32.07
IXMtest_P05_s5_w18FC141F8-8BCA-4851-9000-31D080922BDD.tif,30,930,643.29,147.55,0.8622,34.41
IXMtest_P05_s5_w18FC141F8-8BCA-4851-9000-31D080922BDD.tif,31,766,39.96,160.91,0.8868,31.23
IXMtest_P05_s5_w18FC141F8-8BCA-4851-9000-31D080922BDD.tif,32,483,151.13,8.11,0.735,24.8
IXMtest_P05_s5_w18FC141F8-8BCA-4851-9000-31D080922BDD.tif,33,622,378.48,411.67,0.8571,28.14
IXMtest_P05_s5_w18FC141F8-8BCA-4851-9000-31D080922BDD.tif,34,612,347.45,373.18,0.8843,27.91
IXMtest_P05_s5_w18FC141F8-8BCA-4851-9000-31D080922BDD.tif,35,1033,40.74,319.18,0.9364,36.27
IXMtest_P05_s5_w18FC141F8-8BCA-4851-9000-31D080922BDD.tif,36,665,438.07,332.05,0.8644,29.1
IXMtest_P05_s5_w18FC141F8-8BCA-4851-9000-31D080922BDD.tif,37,703,392.09,349.46,0.7989,29.92
IXMtest_P05_s5_w18FC141F8-8BCA-4851-9000-31D080922BDD.tif,38,694,384.64,52.35,0.732,29.73
IXMtest_P05_s5_w18FC141F8-8BCA-4851-9000-31D080922BDD.tif,39,725,612.57,311.39,0.8545,30.38
IXMtest_P05_s5_w18FC141F8-8BCA-4851-9000-31D080922BDD.tif,40,1004,390.13,187.23,0.9418,35.75
IXMtest_P05_s5_w18FC141F8-8BCA-4851-9000-31D080922BDD.tif,41,745,367.58,149.92,0.8966,30.8
IXMtest_P05_s5_w18FC141F8-8BCA-4851-9000-31D080922BDD.tif,42,645,271.12,249.81,0.9488,28.66
IXMtest_P05_s5_w18FC141F8-8BCA-4851-9000-31D080922BDD.tif,43,662,620.1,376.57,0.7629,29.03
IXMtest_P05_s5_w18FC141F8-8BCA-4851-9000-31D080922BDD.tif,44,708,174.44,337.33,0.9094,30.02
IXMtest_P05_s5_w18FC141F8-8BCA-4851-9000-31D080922BDD.tif,45,678,130.22,405.25,0.8691,29.38
IXMtest_P05_s5_w18FC141F8-8BCA-4851-9000-31D080922BDD.tif,46,622,232.38,248.07,0.8922,28.14
IXMtest_P05_s5_w18FC141F8-8BCA-4851-9000-31D080922BDD.tif,47,990,319.78,465.72,0.8558,35.5
IXMtest_P05_s5_w18FC141F8-8BCA-4851-9000-31D080922BDD.tif,48,653,371.01,288.96,0.8719,28.83
IXMtest_P05_s5_w18FC141F8-8BCA-4851-9000-31D080922BDD.tif,49,649,419.97,390.19,0.8605,28.75
IXMtest_P05_s5_w18FC141F8-8BCA-4851-9000-31D080922BDD.tif,50,670,497.75,14.13,0.7516,29.21
IXMtest_P05_s5_w18FC141F8-8BCA-4851-9000-31D080922BDD.tif,51,676,545.89,345.68,0.9697,29.34
IXMtest_P05_s5_w18FC141F8-8BCA-4851-9000-31D080922BDD.tif,52,531,628.99,208.5,0.9159,26.0
IXMtest_P05_s5_w18FC141F8-8BCA-4851-9000-31D080922BDD.tif,53,1500,533.22,150.87,0.6432,43.7
IXMtest_P05_s5_w18FC141F8-8BCA-4851-9000-31D080922BDD.tif,54,706,340.32,299.78,0.9222,29.98
IXMtest_P05_s5_w18FC141F8-8BCA-4851-9000-31D080922BDD.tif,55,958,664.41,467.18,0.9025,34.93
IXMtest_P05_s5_w18FC141F8-8BCA-4851-9000-31D080922BDD.tif,56,717,218.27,313.04,0.8687,30.21
IXMtest_P05_s5_w18FC141F8-8BCA-4851-9000-31D080922BDD.tif,57,658,167.94,52.32,0.7882,28.94
IXMtest_P05_s5_w18FC141F8-8BCA-4851-9000-31D080922BDD.tif,58,777,480.22,178.6,0.8358,31.45
IXMtest_P05_s5_w18FC141F8-8BCA-4851-9000-31D080922BDD.tif,59,714,580.82,383.92,0.8099,30.15
IXMtest_P05_s5_w18FC141F8-8BCA-4851-9000-31D080922BDD.tif,60,601,128.46,303.13,0.9766,27.66
IXMtest_P05_s5_w18FC141F8-8BCA-4851-9000-31D080922BDD.tif,61,923,417.39,130.3,0.9004,34.28
IXMtest_P05_s5_w18FC141F8-8BCA-4851-9000-31D080922BDD.tif,62,537,83.53,8.33,0.763,26.15
IXMtest_P05_s5_w18FC141F8-8BCA-4851-9000-31D080922BDD.tif,63,609,311.74,285.95,0.9289,27.85
IXMtest_P05_s5_w18FC141F8-8BCA-4851-9000-31D080922BDD.tif,64,586,490.31,298.47,0.9173,27.32
IXMtest_P05_s5_w18FC141F8-8BCA-4851-9000-31D080922BDD.tif,65,680,455.39,368.69,0.9034,29.42
IXMtest_P05_s5_w18FC141F8-8BCA-4851-9000-31D080922BDD.tif,66,1071,646.34,247.49,0.7069,36.93
IXMtest_P05_s5_w18FC141F8-8BCA-4851-9000-31D080922BDD.tif,67,706,196.29,263.83,0.9494,29.98
IXMtest_P05_s5_w18FC141F8-8BCA-4851-9000-31D080922BDD.tif,68,647,359.82,13.6,0.9618,28.7
IXMtest_P05_s5_w18FC141F8-8BCA-4851-9000-31D080922BDD.tif,69,645,116.2,227.25,0.9588,28.66
IXMtest_P05_s5_w18FC141F8-8BCA-4851-9000-31D080922BDD.tif,70,1271,245.77,480.33,0.5787,40.23
IXMtest_P05_s5_w18FC141F8-8BCA-4851-9000-31D080922BDD.tif,71,825,438.93,426.49,0.8465,32.41
IXMtest_P05_s5_w18FC141F8-8BCA-4851-9000-31D080922BDD.tif,72,984,597.12,260.95,0.9062,35.4
IXMtest_P05_s5_w18FC141F8-8BCA-4851-9000-31D080922BDD.tif,73,723,333.84,238.14,0.9115,30.34
IXMtest_P05_s5_w18FC141F8-8BCA-4851-9000-31D080922BDD.tif,74,443,274.85,13.8,0.8411,23.75
IXMtest_P05_s5_w18FC141F8-8BCA-4851-9000-31D080922BDD.tif,75,857,559.32,29.24,0.8275,33.03
IXMtest_P05_s5_w18FC141F8-8BCA-4851-9000-31D080922BDD.tif,76,918,225.97,21.28,0.901,34.19
IXMtest_P05_s5_w18FC141F8-8BCA-4851-9000-31D080922BDD.tif,77,957,46.92,489.07,0.7811,34.91
IXMtest_P05_s5_w18FC141F8-8BCA-4851-9000-31D080922BDD.tif,78,923,239.59,431.28,0.8471,34.28
IXMtest_P05_s5_w18FC141F8-8BCA-4851-9000-31D080922BDD.tif,79,510,463.1,502.65,0.9022,25.48
IXMtest_P05_s5_w18FC141F8-8BCA-4851-9000-31D080922BDD.tif,80,516,415.25,263.78,0.9657,25.63
IXMtest_P05_s5_w18FC141F8-8BCA-4851-9000-31D080922BDD.tif,81,286,688.42,275.1,0.8301,19.08
IXMtest_P05_s5_w18FC141F8-8BCA-4851-9000-31D080922BDD.tif,82,422,284.3,138.15,0.9113,23.18
IXMtest_P05_s5_w18FC141F8-8BCA-4851-9000-31D080922BDD.tif,83,614,584.66,187.6,0.8965,27.96
IXMtest_P05_s5_w18FC141F8-8BCA-4851-9000-31D080922BDD.tif,84,628,207.78,384.4,0.9102,28.28
IXMtest_P05_s5_w18FC141F8-8BCA-4851-9000-31D080922BDD.tif,85,1311,201.41,76.21,0.6939,40.86
IXMtest_P05_s5_w18FC141F8-8BCA-4851-9000-31D080922BDD.tif,86,583,98.86,144.96,0.7919,27.25
IXMtest_P05_s5_w18FC141F8-8BCA-4851-9000-31D080922BDD.tif,87,282,606.94,509.9,0.8395,18.95
IXMtest_P05_s5_w18FC141F8-8BCA-4851-9000-31D080922BDD.tif,88,582,123.27,118.83,0.686,27.22
IXMtest_P05_s5_w18FC141F8-8BCA-4851-9000-31D080922BDD.tif,89,556,460.32,55.02,0.9228,26.61
IXMtest_P05_s5_w18FC141F8-8BCA-4851-9000-31D080922BDD.tif,90,608,414.41,82.79,0.9569,27.82
IXMtest_P05_s5_w18FC141F8-8BCA-4851-9000-31D080922BDD.tif,91,468,308.06,503.4,0.9396,24.41
IXMtest_P05_s5_w18FC141F8-8BCA-4851-9000-31D080922BDD.tif,92,685,524.48,407.82,0.6173,29.53
IXMtest_P05_s5_w18FC141F8-8BCA-4851-9000-31D080922BDD.tif,93,1033,8.88,461.0,0.4203,36.27
IXMtest_P05_s5_w18FC141F8-8BCA-4851-9000-31D080922BDD.tif,94,88,261.39,516.0,0.6299,10.59
IXMtest_P05_s5_w18FC141F8-8BCA-4851-9000-31D080922BDD.tif,95,719,371.8,317.72,0.9373,30.26
IXMtest_P05_s5_w18FC141F8-8BCA-4851-9000-31D080922BDD.tif,96,721,590.4,481.98,0.7999,30.3
IXMtest_P05_s5_w18FC141F8-8BCA-4851-9000-31D080922BDD.tif,97,124,33.77,515.41,0.8535,12.57
IXMtest_P05_s5_w18FC141F8-8BCA-4851-9000-31D080922BDD.tif,98,186,4.51,87.05,0.8877,15.39
IXMtest_P05_s5_w18FC141F8-8BCA-4851-9000-31D080922BDD.tif,99,1080,667.46,297.75,0.6494,37.08
IXMtest_P05_s5_w18FC141F8-8BCA-4851-9000-31D080922BDD.tif,100,1107,512.95,60.7,0.6643,37.54
IXMtest_P07_s8_w144364F25-950A-472C-A529-1A9AD0433B6C.tif,1,2557,265.77,381.9,0.5712,57.06
IXMtest_P07_s8_w144364F25-950A-472C-A529-1A9AD0433B6C.tif,2,1884,188.6,40.49,0.5787,48.98
IXMtest_P07_s8_w144364F25-950A-472C-A529-1A9AD0433B6C.tif,3,732,109.65,429.9,0.7577,30.53
IXMtest_P07_s8_w144364F25-950A-472C-A529-1A9AD0433B6C.tif,4,792,248.26,268.22,0.7399,31.76
IXMtest_P07_s8_w144364F25-950A-472C-A529-1A9AD0433B6C.tif,5,1747,423.76,292.88,0.7011,47.16
IXMtest_P07_s8_w144364F25-950A-472C-A529-1A9AD0433B6C.tif,6,636,11.9,316.41,0.8727,28.46
IXMtest_P07_s8_w144364F25-950A-472C-A529-1A9AD0433B6C.tif,7,1046,40.21,67.35,0.8268,36.49
IXMtest_P07_s8_w144364F25-950A-472C-A529-1A9AD0433B6C.tif,8,602,685.88,232.1,0.6815,27.69
IXMtest_P07_s8_w144364F25-950A-472C-A529-1A9AD0433B6C.tif,9,756,148.27,102.51,0.7791,31.03
IXMtest_P07_s8_w144364F25-950A-472C-A529-1A9AD0433B6C.tif,10,864,201.4,163.72,0.881,33.17
IXMtest_P07_s8_w144364F25-950A-472C-A529-1A9AD0433B6C.tif,11,936,388.05,218.17,0.811,34.52
IXMtest_P07_s8_w144364F25-950A-472C-A529-1A9AD0433B6C.tif,12,1217,560.89,216.62,0.6247,39.36
IXMtest_P07_s8_w144364F25-950A-472C-A529-1A9AD0433B6C.tif,13,1164,454.88,474.82,0.8703,38.5
IXMtest_P07_s8_w144364F25-950A-472C-A529-1A9AD0433B6C.tif,14,1325,522.59,382.66,0.8715,41.07
IXMtest_P07_s8_w144364F25-950A-472C-A529-1A9AD0433B6C.tif,15,1061,411.6,62.26,0.831,36.75
IXMtest_P07_s8_w144364F25-950A-472C-A529-1A9AD0433B6C.tif,16,628,89.57,124.94,0.8445,28.28
IXMtest_P07_s8_w144364F25-950A-472C-A529-1A9AD0433B6C.tif,17,782,101.11,379.03,0.761,31.55
IXMtest_P07_s8_w144364F25-950A-472C-A529-1A9AD0433B6C.tif,18,1655,653.32,139.11,0.6376,45.9
IXMtest_P07_s8_w144364F25-950A-472C-A529-1A9AD0433B6C.tif,19,862,381.9,250.54,0.8978,33.13
IXMtest_P07_s8_w144364F25-950A-472C-A529-1A9AD0433B6C.tif,20,709,305.22,504.8,0.9197,30.05
IXMtest_P07_s8_w144364F25-950A-472C-A529-1A9AD0433B6C.tif,21,549,204.44,388.7,0.9163,26.44
IXMtest_P07_s8_w144364F25-950A-472C-A529-1A9AD0433B6C.tif,22,1191,538.15,323.01,0.8529,38.94
IXMtest_P07_s8_w144364F25-950A-472C-A529-1A9AD0433B6C.tif,23,754,648.63,39.73,0.8746,30.98
IXMtest_P07_s8_w144364F25-950A-472C-A529-1A9AD0433B6C.tif,24,770,609.38,297.38,0.8246,31.31
IXMtest_P07_s8_w144364F25-950A-472C-A529-1A9AD0433B6C.tif,25,1101,553.24,491.45,0.7803,37.44
IXMtest_P07_s8_w144364F25-950A-472C-A529-1A9AD0433B6C.tif,26,1460,261.61,203.5,0.7165,43.12
IXMtest_P07_s8_w144364F25-950A-472C-A529-1A9AD0433B6C.tif,27,963,608.22,464.85,0.9492,35.02
IXMtest_P07_s8_w144364F25-950A-472C-A529-1A9AD0433B6C.tif,28,833,143.39,309.17,0.8057,32.57
IXMtest_P07_s8_w144364F25-950A-472C-A529-1A9AD0433B6C.tif,29,598,86.23,30.45,0.8705,27.59
IXMtest_P07_s8_w144364F25-950A-472C-A529-1A9AD0433B6C.tif,30,891,109.71,293.37,0.8192,33.68
IXMtest_P07_s8_w144364F25-950A-472C-A529-1A9AD0433B6C.tif,31,589,689.79,426.02,0.5136,27.38
IXMtest_P07_s8_w144364F25-950A-472C-A529-1A9AD0433B6C.tif,32,614,15.29,150.66,0.8724,27.96
IXMtest_P07_s8_w144364F25-950A-472C-A529-1A9AD0433B6C.tif,33,580,470.51,137.53,0.93,27.17
IXMtest_P07_s8_w144364F25-950A-472C-A529-1A9AD0433B6C.tif,34,699,298.12,340.35,0.6749,29.83
IXMtest_P07_s8_w144364F25-950A-472C-A529-1A9AD0433B6C.tif,35,1680,574.56,87.6,0.625,46.25
IXMtest_P07_s8_w144364F25-950A-472C-A529-1A9AD0433B6C.tif,36,406,687.09,62.48,0.7964,22.74
IXMtest_P07_s8_w144364F25-950A-472C-A529-1A9AD0433B6C.tif,37,819,149.72,362.08,0.8866,32.29
IXMtest_P07_s8_w144364F25-950A-472C-A529-1A9AD0433B6C.tif,38,983,432.3,174.66,0.7961,35.38
IXMtest_P07_s8_w144364F25-950A-472C-A529-1A9AD0433B6C.tif,39,1355,376.42,411.32,0.7405,41.54
IXMtest_P07_s8_w144364F25-950A-472C-A529-1A9AD0433B6C.tif,40,1021,312.23,125.12,0.9164,36.06
IXMtest_P07_s8_w144364F25-950A-472C-A529-1A9AD0433B6C.tif,41,708,368.31,333.91,0.7921,30.02
IXMtest_P07_s8_w144364F25-950A-472C-A529-1A9AD0433B6C.tif,42,674,193.19,250.73,0.8341,29.29
IXMtest_P07_s8_w144364F25-950A-472C-A529-1A9AD0433B6C.tif,43,857,121.69,215.37,0.8625,33.03
IXMtest_P07_s8_w144364F25-950A-472C-A529-1A9AD0433B6C.tif,44,1013,346.31,161.32,0.8109,35.91
IXMtest_P07_s8_w144364F25-950A-472C-A529-1A9AD0433B6C.tif,45,652,656.45,201.45,0.952,28.81
IXMtest_P07_s8_w144364F25-950A-472C-A529-1A9AD0433B6C.tif,46,1623,499.13,86.67,0.452,45.46
IXMtest_P07_s8_w144364F25-950A-472C-A529-1A9AD0433B6C.tif,47,1755,554.63,153.66,0.9385,47.27
IXMtest_P07_s8_w144364F25-950A-472C-A529-1A9AD0433B6C.tif,48,401,355.98,4.03,0.4886,22.6
IXMtest_P07_s8_w144364F25-950A-472C-A529-1A9AD0433B6C.tif,49,684,456.11,86.5,0.8811,29.51
IXMtest_P07_s8_w144364F25-950A-472C-A529-1A9AD0433B6C.tif,50,619,454.97,10.65,0.8391,28.07
IXMtest_P07_s8_w144364F25-950A-472C-A529-1A9AD0433B6C.tif,51,857,249.94,95.05,0.861,33.03
IXMtest_P07_s8_w144364F25-950A-472C-A529-1A9AD0433B6C.tif,52,672,269.71,11.31,0.8656,29.25
IXMtest_P07_s8_w144364F25-950A-472C-A529-1A9AD0433B6C.tif,53,701,598.58,199.68,0.8437,29.88
IXMtest_P07_s8_w144364F25-950A-472C-A529-1A9AD0433B6C.tif,54,669,156.43,428.2,0.8516,29.19
IXMtest_P07_s8_w144364F25-950A-472C-A529-1A9AD0433B6C.tif,55,871,63.23,482.17,0.8171,33.3
IXMtest_P07_s8_w144364F25-950A-472C-A529-1A9AD0433B6C.tif,56,597,440.74,136.52,0.7388,27.57
IXMtest_P07_s8_w144364F25-950A-472C-A529-1A9AD0433B6C.tif,57,1142,315.35,277.24,0.9147,38.13
IXMtest_P07_s8_w144364F25-950A-472C-A529-1A9AD0433B6C.tif,58,678,118.66,492.07,0.9034,29.38
IXMtest_P07_s8_w144364F25-950A-472C-A529-1A9AD0433B6C.tif,59,507,368.8,507.61,0.9223,25.41
IXMtest_P07_s8_w144364F25-950A-472C-A529-1A9AD0433B6C.tif,60,725,25.26,33.0,0.899,30.38
IXMtest_P07_s8_w144364F25-950A-472C-A529-1A9AD0433B6C.tif,61,656,69.57,169.52,0.8956,28.9
IXMtest_P07_s8_w144364F25-950A-472C-A529-1A9AD0433B6C.tif,62,289,688.01,153.0,0.8241,19.18
IXMtest_P07_s8_w144364F25-950A-472C-A529-1A9AD0433B6C.tif,63,288,500.83,512.29,0.8298,19.15
IXMtest_P07_s8_w144364F25-950A-472C-A529-1A9AD0433B6C.tif,64,666,657.7,71.63,0.8893,29.12
IXMtest_P07_s8_w144364F25-950A-472C-A529-1A9AD0433B6C.tif,65,780,362.82,69.12,0.8413,31.51
IXMtest_P07_s8_w144364F25-950A-472C-A529-1A9AD0433B6C.tif,66,723,483.66,205.47,0.753,30.34
IXMtest_P07_s8_w144364F25-950A-472C-A529-1A9AD0433B6C.tif,67,1292,536.51,283.89,0.6711,40.56
IXMtest_P07_s8_w144364F25-950A-472C-A529-1A9AD0433B6C.tif,68,702,291.7,448.93,0.8621,29.9
IXMtest_P07_s8_w144364F25-950A-472C-A529-1A9AD0433B6C.tif,69,705,363.6,359.6,0.87,29.96
IXMtest_P07_s8_w144364F25-950A-472C-A529-1A9AD0433B6C.tif,70,760,300.28,47.96,0.4857,31.11
IXMtest_P07_s8_w144364F25-950A-472C-A529-1A9AD0433B6C.tif,71,150,78.45,514.81,0.7255,13.82
IXMtest_P07_s8_w144364F25-950A-472C-A529-1A9AD0433B6C.tif,72,1532,540.22,47.52,0.6091,44.17
IXMtest_P07_s8_w144364F25-950A-472C-A529-1A9AD0433B6C.tif,73,204,687.44,6.43,0.8824,16.12
IXMtest_P07_s8_w144364F25-950A-472C-A529-1A9AD0433B6C.tif,74,155,4.88,462.31,0.9245,14.05
IXMtest_P07_s8_w144364F25-950A-472C-A529-1A9AD0433B6C.tif,75,211,516.23,172.07,0.9752,16.39
IXMtest_P07_s8_w144364F25-950A-472C-A529-1A9AD0433B6C.tif,76,1199,462.87,386.72,0.6335,39.07
IXMtest_P07_s8_w144364F25-950A-472C-A529-1A9AD0433B6C.tif,77,165,4.33,393.92,0.8946,14.49
IXMtest_P07_s8_w144364F25-950A-472C-A529-1A9AD0433B6C.tif,78,490,499.18,9.03,0.7401,24.98
IXMtest_P07_s8_w144364F25-950A-472C-A529-1A9AD0433B6C.tif,79,882,323.78,63.2,0.8641,33.51
IXMtest_P07_s8_w144364F25-950A-472C-A529-1A9AD0433B6C.tif,80,137,1.87,202.5,0.4249,13.21
IXMtest_P07_s8_w144364F25-950A-472C-A529-1A9AD0433B6C.tif,81,1223,67.77,247.83,0.7948,39.46
IXMtest_P07_s8_w144364F25-950A-472C-A529-1A9AD0433B6C.tif,82,743,38.41,253.74,0.8942,30.76
IXMtest_P07_s8_w144364F25-950A-472C-A529-1A9AD0433B6C.tif,83,253,525.71,105.05,0.9679,17.95
IXMtest_P07_s8_w144364F25-950A-472C-A529-1A9AD0433B6C.tif,84,43,1.77,514.07,0.9194,7.4
IXMtest_P07_s8_w19D682C29-5685-4A33-8CAA-F0797DD7F021.tif,1,658,550.82,287.01,0.7234,28.94
IXMtest_P07_s8_w19D682C29-5685-4A33-8CAA-F0797DD7F021.tif,2,445,562.36,263.67,0.7872,23.8
IXMtest_P07_s8_w19D682C29-5685-4A33-8CAA-F0797DD7F021.tif,3,910,623.16,70.34,0.8332,34.04
IXMtest_P07_s8_w19D682C29-5685-4A33-8CAA-F0797DD7F021.tif,4,1105,267.7,21.44,0.6185,37.51
IXMtest_P07_s8_w19D682C29-5685-4A33-8CAA-F0797DD7F021.tif,5,747,209.89,68.43,0.7985,30.84
IXMtest_P07_s8_w19D682C29-5685-4A33-8CAA-F0797DD7F021.tif,6,1403,66.32,428.5,0.8645,42.27
IXMtest_P07_s8_w19D682C29-5685-4A33-8CAA-F0797DD7F021.tif,7,546,258.67,407.16,0.8872,26.37
IXMtest_P07_s8_w19D682C29-5685-4A33-8CAA-F0797DD7F021.tif,8,761,495.01,56.28,0.9327,31.13
IXMtest_P07_s8_w19D682C29-5685-4A33-8CAA-F0797DD7F021.tif,9,584,353.09,333.22,0.8334,27.27
IXMtest_P07_s8_w19D682C29-5685-4A33-8CAA-F0797DD7F021.tif,10,556,423.1,342.32,0.8703,26.61
IXMtest_P07_s8_w19D682C29-5685-4A33-8CAA-F0797DD7F021.tif,11,692,137.55,413.2,0.7539,29.68
IXMtest_P07_s8_w19D682C29-5685-4A33-8CAA-F0797DD7F021.tif,12,783,42.41,168.94,0.7658,31.57
IXMtest_P07_s8_w19D682C29-5685-4A33-8CAA-F0797DD7F021.tif,13,611,100.68,378.11,0.8941,27.89
IXMtest_P07_s8_w19D682C29-5685-4A33-8CAA-F0797DD7F021.tif,14,2158,558.28,188.03,0.7948,52.42
IXMtest_P07_s8_w19D682C29-5685-4A33-8CAA-F0797DD7F021.tif,15,1057,136.57,79.61,0.7519,36.69
IXMtest_P07_s8_w19D682C29-5685-4A33-8CAA-F0797DD7F021.tif,16,736,472.82,176.27,0.8521,30.61
IXMtest_P07_s8_w19D682C29-5685-4A33-8CAA-F0797DD7F021.tif,17,721,543.49,36.13,0.9108,30.3
IXMtest_P07_s8_w19D682C29-5685-4A33-8CAA-F0797DD7F021.tif,18,680,367.92,487.14,0.7851,29.42
IXMtest_P07_s8_w19D682C29-5685-4A33-8CAA-F0797DD7F021.tif,19,864,368.4,48.48,0.8139,33.17
IXMtest_P07_s8_w19D682C29-5685-4A33-8CAA-F0797DD7F021.tif,20,906,178.08,424.65,0.9118,33.96
IXMtest_P07_s8_w19D682C29-5685-4A33-8CAA-F0797DD7F021.tif,21,684,196.06,24.04,0.778,29.51
IXMtest_P07_s8_w19D682C29-5685-4A33-8CAA-F0797DD7F021.tif,22,1014,59.19,122.21,0.9284,35.93
IXMtest_P07_s8_w19D682C29-5685-4A33-8CAA-F0797DD7F021.tif,23,613,600.19,265.5,0.8472,27.94
IXMtest_P07_s8_w19D682C29-5685-4A33-8CAA-F0797DD7F021.tif,24,375,217.94,514.43,0.5664,21.85
IXMtest_P07_s8_w19D682C29-5685-4A33-8CAA-F0797DD7F021.tif,25,831,181.83,339.42,0.8452,32.53
IXMtest_P07_s8_w19D682C29-5685-4A33-8CAA-F0797DD7F021.tif,26,764,400.32,303.53,0.8666,31.19
IXMtest_P07_s8_w19D682C29-5685-4A33-8CAA-F0797DD7F021.tif,27,964,450.23,94.23,0.9461,35.03
IXMtest_P07_s8_w19D682C29-5685-4A33-8CAA-F0797DD7F021.tif,28,1129,304.95,475.68,0.9215,37.91
IXMtest_P07_s8_w19D682C29-5685-4A33-8CAA-F0797DD7F021.tif,29,592,315.71,411.92,0.9317,27.45
IXMtest_P07_s8_w19D682C29-5685-4A33-8CAA-F0797DD7F021.tif,30,991,160.52,497.32,0.9336,35.52
IXMtest_P07_s8_w19D682C29-5685-4A33-8CAA-F0797DD7F021.tif,31,682,686.04,495.51,0.7422,29.47
IXMtest_P07_s8_w19D682C29-5685-4A33-8CAA-F0797DD7F021.tif,32,1215,380.89,411.88,0.9188,39.33
IXMtest_P07_s8_w19D682C29-5685-4A33-8CAA-F0797DD7F021.tif,33,620,630.73,19.11,0.8099,28.1
IXMtest_P07_s8_w19D682C29-5685-4A33-8CAA-F0797DD7F021.tif,34,1000,42.49,53.5,0.8815,35.68
IXMtest_P07_s8_w19D682C29-5685-4A33-8CAA-F0797DD7F021.tif,35,1045,329.02,16.82,0.8306,36.48
IXMtest_P07_s8_w19D682C29-5685-4A33-8CAA-F0797DD7F021.tif,36,1433,292.91,373.48,0.8068,42.71
IXMtest_P07_s8_w19D682C29-5685-4A33-8CAA-F0797DD7F021.tif,37,308,418.95,513.71,0.7944,19.8
IXMtest_P07_s8_w19D682C29-5685-4A33-8CAA-F0797DD7F021.tif,38,839,395.73,90.06,0.8833,32.68
IXMtest_P07_s8_w19D682C29-5685-4A33-8CAA-F0797DD7F021.tif,39,1656,247.58,338.86,0.8236,45.92
IXMtest_P07_s8_w19D682C29-5685-4A33-8CAA-F0797DD7F021.tif,40,455,126.04,9.88,0.9388,24.07
IXMtest_P07_s8_w19D682C29-5685-4A33-8CAA-F0797DD7F021.tif,41,1122,416.8,57.69,0.8932,37.8
IXMtest_P07_s8_w19D682C29-5685-4A33-8CAA-F0797DD7F021.tif,42,194,676.44,6.36,0.8967,15.72
IXMtest_P09_s4_w11E382363-8C26-4A73-9D8A-8193D66E5785.tif,1,2002,213.34,142.29,0.3847,50.49
IXMtest_P09_s4_w11E382363-8C26-4A73-9D8A-8193D66E5785.tif,2,1271,517.23,24.65,0.6158,40.23
IXMtest_P09_s4_w11E382363-8C26-4A73-9D8A-8193D66E5785.tif,3,2159,204.55,434.07,0.8607,52.43
IXMtest_P09_s4_w11E382363-8C26-4A73-9D8A-8193D66E5785.tif,4,1089,163.8,457.21,0.913,37.24
IXMtest_P09_s4_w11E382363-8C26-4A73-9D8A-8193D66E5785.tif,5,292,7.81,119.83,0.8919,19.28
IXMtest_P09_s4_w11E382363-8C26-4A73-9D8A-8193D66E5785.tif,6,239,71.66,316.0,0.9939,17.44
IXMtest_P09_s4_w11E382363-8C26-4A73-9D8A-8193D66E5785.tif,7,233,598.64,511.84,0.8519,17.22
IXMtest_P09_s4_w11E382363-8C26-4A73-9D8A-8193D66E5785.tif,8,242,221.92,384.33,0.9648,17.55
IXMtest_P09_s4_w11E382363-8C26-4A73-9D8A-8193D66E5785.tif,9,858,561.49,504.46,0.7137,33.05
IXMtest_P09_s4_w11E382363-8C26-4A73-9D8A-8193D66E5785.tif,10,224,641.69,459.57,0.9814,16.89
IXMtest_P09_s4_w11E382363-8C26-4A73-9D8A-8193D66E5785.tif,11,308,341.32,6.14,0.6592,19.8
IXMtest_P09_s4_w11E382363-8C26-4A73-9D8A-8193D66E5785.tif,12,177,193.28,385.32,1.0,15.01
IXMtest_P10_s2_w130B9EBAE-801C-4AAC-A3CE-1C96EE2E6FF9.tif,1,832,614.83,146.4,0.8628,32.55
IXMtest_P10_s2_w130B9EBAE-801C-4AAC-A3CE-1C96EE2E6FF9.tif,2,560,19.7,156.21,0.7639,26.7
IXMtest_P10_s2_w130B9EBAE-801C-4AAC-A3CE-1C96EE2E6FF9.tif,3,616,57.2,49.93,0.8242,28.01
IXMtest_P10_s2_w130B9EBAE-801C-4AAC-A3CE-1C96EE2E6FF9.tif,4,972,123.37,130.24,0.7389,35.18
IXMtest_P10_s2_w130B9EBAE-801C-4AAC-A3CE-1C96EE2E6FF9.tif,5,684,205.21,473.77,0.673,29.51
IXMtest_P10_s2_w130B9EBAE-801C-4AAC-A3CE-1C96EE2E6FF9.tif,6,2130,528.42,427.93,0.5987,52.08
IXMtest_P10_s2_w130B9EBAE-801C-4AAC-A3CE-1C96EE2E6FF9.tif,7,857,467.54,15.17,0.9144,33.03
IXMtest_P10_s2_w130B9EBAE-801C-4AAC-A3CE-1C96EE2E6FF9.tif,8,993,191.33,202.79,0.8535,35.56
IXMtest_P10_s2_w130B9EBAE-801C-4AAC-A3CE-1C96EE2E6FF9.tif,9,723,186.52,449.48,0.8021,30.34
IXMtest_P10_s2_w130B9EBAE-801C-4AAC-A3CE-1C96EE2E6FF9.tif,10,267,452.56,510.73,0.8489,18.44
IXMtest_P10_s2_w130B9EBAE-801C-4AAC-A3CE-1C96EE2E6FF9.tif,11,889,17.58,236.94,0.8207,33.64
IXMtest_P10_s2_w130B9EBAE-801C-4AAC-A3CE-1C96EE2E6FF9.tif,12,684,180.61,508.35,0.8046,29.51
IXMtest_P10_s2_w130B9EBAE-801C-4AAC-A3CE-1C96EE2E6FF9.tif,13,976,297.12,194.3,0.6595,35.25
IXMtest_P10_s2_w130B9EBAE-801C-4AAC-A3CE-1C96EE2E6FF9.tif,14,1090,140.99,92.84,0.6729,37.25
IXMtest_P10_s2_w130B9EBAE-801C-4AAC-A3CE-1C96EE2E6FF9.tif,15,636,216.37,127.77,0.7517,28.46
IXMtest_P10_s2_w130B9EBAE-801C-4AAC-A3CE-1C96EE2E6FF9.tif,16,474,540.14,197.44,0.7207,24.57
IXMtest_P10_s2_w130B9EBAE-801C-4AAC-A3CE-1C96EE2E6FF9.tif,17,687,54.16,137.87,0.7567,29.58
IXMtest_P10_s2_w130B9EBAE-801C-4AAC-A3CE-1C96EE2E6FF9.tif,18,504,407.88,92.12,0.6348,25.33
IXMtest_P10_s2_w130B9EBAE-801C-4AAC-A3CE-1C96EE2E6FF9.tif,19,438,323.65,511.41,0.7335,23.62
IXMtest_P10_s2_w130B9EBAE-801C-4AAC-A3CE-1C96EE2E6FF9.tif,20,1036,229.84,358.07,0.7625,36.32
IXMtest_P10_s2_w130B9EBAE-801C-4AAC-A3CE-1C96EE2E6FF9.tif,21,778,596.42,369.1,0.8825,31.47
IXMtest_P10_s2_w130B9EBAE-801C-4AAC-A3CE-1C96EE2E6FF9.tif,22,804,51.21,439.95,0.8978,32.0
IXMtest_P10_s2_w130B9EBAE-801C-4AAC-A3CE-1C96EE2E6FF9.tif,23,864,641.47,127.18,0.7063,33.17
IXMtest_P10_s2_w130B9EBAE-801C-4AAC-A3CE-1C96EE2E6FF9.tif,24,218,40.53,515.72,0.5623,16.66
IXMtest_P10_s2_w130B9EBAE-801C-4AAC-A3CE-1C96EE2E6FF9.tif,25,944,103.14,462.45,0.8856,34.67
IXMtest_P10_s2_w130B9EBAE-801C-4AAC-A3CE-1C96EE2E6FF9.tif,26,818,394.13,391.66,0.9279,32.27
IXMtest_P10_s2_w130B9EBAE-801C-4AAC-A3CE-1C96EE2E6FF9.tif,27,933,560.68,111.95,0.9292,34.47
IXMtest_P10_s2_w130B9EBAE-801C-4AAC-A3CE-1C96EE2E6FF9.tif,28,481,369.02,132.43,0.9458,24.75
IXMtest_P10_s2_w130B9EBAE-801C-4AAC-A3CE-1C96EE2E6FF9.tif,29,723,162.71,65.71,0.6663,30.34
IXMtest_P10_s2_w130B9EBAE-801C-4AAC-A3CE-1C96EE2E6FF9.tif,30,746,196.39,411.23,0.7527,30.82
IXMtest_P10_s2_w130B9EBAE-801C-4AAC-A3CE-1C96EE2E6FF9.tif,31,643,361.59,90.73,0.6651,28.61
IXMtest_P10_s2_w130B9EBAE-801C-4AAC-A3CE-1C96EE2E6FF9.tif,32,523,680.51,34.4,0.8848,25.81
IXMtest_P10_s2_w130B9EBAE-801C-4AAC-A3CE-1C96EE2E6FF9.tif,33,727,521.65,334.75,0.8014,30.42
IXMtest_P10_s2_w130B9EBAE-801C-4AAC-A3CE-1C96EE2E6FF9.tif,34,914,351.89,40.95,0.7888,34.11
IXMtest_P10_s2_w130B9EBAE-801C-4AAC-A3CE-1C96EE2E6FF9.tif,35,873,643.92,201.08,0.862,33.34
IXMtest_P10_s2_w130B9EBAE-801C-4AAC-A3CE-1C96EE2E6FF9.tif,36,915,516.81,157.21,0.9058,34.13
IXMtest_P10_s2_w130B9EBAE-801C-4AAC-A3CE-1C96EE2E6FF9.tif,37,681,536.58,229.75,0.8196,29.45
IXMtest_P10_s2_w130B9EBAE-801C-4AAC-A3CE-1C96EE2E6FF9.tif,38,289,689.1,346.51,0.6997,19.18
IXMtest_P10_s2_w130B9EBAE-801C-4AAC-A3CE-1C96EE2E6FF9.tif,39,602,390.5,481.94,0.8635,27.69
IXMtest_P10_s2_w130B9EBAE-801C-4AAC-A3CE-1C96EE2E6FF9.tif,40,766,90.1,279.56,0.9029,31.23
IXMtest_P10_s2_w130B9EBAE-801C-4AAC-A3CE-1C96EE2E6FF9.tif,41,813,92.29,208.71,0.9264,32.17
IXMtest_P10_s2_w130B9EBAE-801C-4AAC-A3CE-1C96EE2E6FF9.tif,42,739,243.99,422.73,0.8214,30.67
IXMtest_P10_s2_w130B9EBAE-801C-4AAC-A3CE-1C96EE2E6FF9.tif,43,905,482.82,195.2,0.8076,33.95
IXMtest_P10_s2_w130B9EBAE-801C-4AAC-A3CE-1C96EE2E6FF9.tif,44,881,469.07,99.34,0.8216,33.49
IXMtest_P10_s2_w130B9EBAE-801C-4AAC-A3CE-1C96EE2E6FF9.tif,45,855,630.34,266.56,0.859,32.99
IXMtest_P10_s2_w130B9EBAE-801C-4AAC-A3CE-1C96EE2E6FF9.tif,46,640,302.38,330.09,0.9586,28.55
IXMtest_P10_s2_w130B9EBAE-801C-4AAC-A3CE-1C96EE2E6FF9.tif,47,760,499.83,486.01,0.947,31.11
IXMtest_P10_s2_w130B9EBAE-801C-4AAC-A3CE-1C96EE2E6FF9.tif,48,591,571.27,299.83,0.8852,27.43
IXMtest_P10_s2_w130B9EBAE-801C-4AAC-A3CE-1C96EE2E6FF9.tif,49,730,413.77,199.07,0.8011,30.49
IXMtest_P10_s2_w130B9EBAE-801C-4AAC-A3CE-1C96EE2E6FF9.tif,50,578,667.98,97.29,0.9518,27.13
IXMtest_P10_s2_w130B9EBAE-801C-4AAC-A3CE-1C96EE2E6FF9.tif,51,576,349.85,324.81,0.9186,27.08
IXMtest_P10_s2_w130B9EBAE-801C-4AAC-A3CE-1C96EE2E6FF9.tif,52,713,444.47,445.68,0.9051,30.13
IXMtest_P10_s2_w130B9EBAE-801C-4AAC-A3CE-1C96EE2E6FF9.tif,53,817,241.8,101.92,0.7207,32.25
IXMtest_P10_s2_w130B9EBAE-801C-4AAC-A3CE-1C96EE2E6FF9.tif,54,605,683.22,231.18,0.9449,27.75
IXMtest_P10_s2_w130B9EBAE-801C-4AAC-A3CE-1C96EE2E6FF9.tif,55,974,565.83,198.49,0.7832,35.22
IXMtest_P10_s2_w130B9EBAE-801C-4AAC-A3CE-1C96EE2E6FF9.tif,56,513,534.83,66.06,0.9521,25.56
IXMtest_P10_s2_w130B9EBAE-801C-4AAC-A3CE-1C96EE2E6FF9.tif,57,823,26.17,93.45,0.6348,32.37
IXMtest_P10_s2_w130B9EBAE-801C-4AAC-A3CE-1C96EE2E6FF9.tif,58,580,663.42,341.81,0.6684,27.17
IXMtest_P10_s2_w130B9EBAE-801C-4AAC-A3CE-1C96EE2E6FF9.tif,59,209,6.38,270.05,0.8333,16.31
IXMtest_P10_s2_w130B9EBAE-801C-4AAC-A3CE-1C96EE2E6FF9.tif,60,533,603.13,48.03,0.9068,26.05
IXMtest_P10_s2_w130B9EBAE-801C-4AAC-A3CE-1C96EE2E6FF9.tif,61,595,590.05,329.75,0.8799,27.52
IXMtest_P10_s2_w130B9EBAE-801C-4AAC-A3CE-1C96EE2E6FF9.tif,62,499,51.11,199.52,0.967,25.21
IXMtest_P10_s2_w130B9EBAE-801C-4AAC-A3CE-1C96EE2E6FF9.tif,63,467,637.9,46.13,0.8475,24.38
IXMtest_P10_s2_w130B9EBAE-801C-4AAC-A3CE-1C96EE2E6FF9.tif,64,438,317.32,402.49,0.9117,23.62
IXMtest_P10_s2_w130B9EBAE-801C-4AAC-A3CE-1C96EE2E6FF9.tif,65,1258,249.6,156.57,0.6032,40.02
IXMtest_P10_s2_w130B9EBAE-801C-4AAC-A3CE-1C96EE2E6FF9.tif,66,325,350.99,444.14,0.8975,20.34
IXMtest_P10_s2_w130B9EBAE-801C-4AAC-A3CE-1C96EE2E6FF9.tif,67,200,669.03,307.35,0.9996,15.96
IXMtest_P10_s2_w130B9EBAE-801C-4AAC-A3CE-1C96EE2E6FF9.tif,68,395,283.97,476.98,0.7349,22.43
IXMtest_P10_s2_w130B9EBAE-801C-4AAC-A3CE-1C96EE2E6FF9.tif,69,331,293.06,495.11,0.9235,20.53
IXMtest_P10_s2_w130B9EBAE-801C-4AAC-A3CE-1C96EE2E6FF9.tif,70,64,241.8,517.3,0.71,9.03
IXMtest_P10_s2_w130B9EBAE-801C-4AAC-A3CE-1C96EE2E6FF9.tif,71,140,618.33,3.26,0.794,13.35
IXMtest_P10_s7_w1F78192AF-7D11-4D41-80F3-8CD6DB05AB57.tif,1,622,220.89,26.5,0.9198,28.14
IXMtest_P10_s7_w1F78192AF-7D11-4D41-80F3-8CD6DB05AB57.tif,2,1942,324.34,478.86,0.4718,49.73
IXMtest_P10_s7_w1F78192AF-7D11-4D41-80F3-8CD6DB05AB57.tif,3,676,282.2,92.92,0.8075,29.34
IXMtest_P10_s7_w1F78192AF-7D11-4D41-80F3-8CD6DB05AB57.tif,4,765,543.93,10.22,0.7821,31.21
IXMtest_P10_s7_w1F78192AF-7D11-4D41-80F3-8CD6DB05AB57.tif,5,691,306.82,222.98,0.8857,29.66
IXMtest_P10_s7_w1F78192AF-7D11-4D41-80F3-8CD6DB05AB57.tif,6,683,339.06,94.32,0.8652,29.49
IXMtest_P10_s7_w1F78192AF-7D11-4D41-80F3-8CD6DB05AB57.tif,7,650,563.66,316.76,0.8251,28.77
IXMtest_P10_s7_w1F78192AF-7D11-4D41-80F3-8CD6DB05AB57.tif,8,825,495.57,188.0,0.7243,32.41
IXMtest_P10_s7_w1F78192AF-7D11-4D41-80F3-8CD6DB05AB57.tif,9,712,482.13,102.51,0.8932,30.11
IXMtest_P10_s7_w1F78192AF-7D11-4D41-80F3-8CD6DB05AB57.tif,10,590,142.02,496.75,0.8525,27.41
IXMtest_P10_s7_w1F78192AF-7D11-4D41-80F3-8CD6DB05AB57.tif,11,636,210.56,482.55,0.9335,28.46
IXMtest_P10_s7_w1F78192AF-7D11-4D41-80F3-8CD6DB05AB57.tif,12,742,72.08,374.01,0.912,30.74
IXMtest_P10_s7_w1F78192AF-7D11-4D41-80F3-8CD6DB05AB57.tif,13,821,304.03,258.81,0.9417,32.33
IXMtest_P10_s7_w1F78192AF-7D11-4D41-80F3-8CD6DB05AB57.tif,14,500,619.57,79.27,0.9748,25.23
IXMtest_P10_s7_w1F78192AF-7D11-4D41-80F3-8CD6DB05AB57.tif,15,669,452.76,223.64,0.8996,29.19
IXMtest_P10_s7_w1F78192AF-7D11-4D41-80F3-8CD6DB05AB57.tif,16,678,75.96,286.2,0.8489,29.38
IXMtest_P10_s7_w1F78192AF-7D11-4D41-80F3-8CD6DB05AB57.tif,17,758,120.74,351.67,0.9019,31.07
IXMtest_P10_s7_w1F78192AF-7D11-4D41-80F3-8CD6DB05AB57.tif,18,751,97.22,248.34,0.8996,30.92
IXMtest_P10_s7_w1F78192AF-7D11-4D41-80F3-8CD6DB05AB57.tif,19,711,210.22,274.37,0.8436,30.09
IXMtest_P10_s7_w1F78192AF-7D11-4D41-80F3-8CD6DB05AB57.tif,20,533,626.09,342.84,0.9374,26.05
IXMtest_P10_s7_w1F78192AF-7D11-4D41-80F3-8CD6DB05AB57.tif,21,755,66.4,490.85,0.8899,31.0
IXMtest_P10_s7_w1F78192AF-7D11-4D41-80F3-8CD6DB05AB57.tif,22,410,687.39,230.48,0.7878,22.85
IXMtest_P10_s7_w1F78192AF-7D11-4D41-80F3-8CD6DB05AB57.tif,23,703,53.26,163.32,0.8064,29.92
IXMtest_P10_s7_w1F78192AF-7D11-4D41-80F3-8CD6DB05AB57.tif,24,656,456.82,178.68,0.8715,28.9
IXMtest_P10_s7_w1F78192AF-7D11-4D41-80F3-8CD6DB05AB57.tif,25,573,46.45,309.15,0.9694,27.01
IXMtest_P10_s7_w1F78192AF-7D11-4D41-80F3-8CD6DB05AB57.tif,26,715,257.66,289.34,0.9014,30.17
IXMtest_P10_s7_w1F78192AF-7D11-4D41-80F3-8CD6DB05AB57.tif,27,579,247.16,461.89,0.822,27.15
IXMtest_P10_s7_w1F78192AF-7D11-4D41-80F3-8CD6DB05AB57.tif,28,791,118.68,297.89,0.9115,31.74
IXMtest_P10_s7_w1F78192AF-7D11-4D41-80F3-8CD6DB05AB57.tif,29,790,382.74,410.91,0.9311,31.72
IXMtest_P10_s7_w1F78192AF-7D11-4D41-80F3-8CD6DB05AB57.tif,30,922,582.42,94.54,0.7893,34.26
IXMtest_P10_s7_w1F78192AF-7D11-4D41-80F3-8CD6DB05AB57.tif,31,911,191.05,189.01,0.9266,34.06
IXMtest_P10_s7_w1F78192AF-7D11-4D41-80F3-8CD6DB05AB57.tif,32,630,221.84,319.47,0.8353,28.32
IXMtest_P10_s7_w1F78192AF-7D11-4D41-80F3-8CD6DB05AB57.tif,33,628,85.54,315.51,0.9122,28.28
IXMtest_P10_s7_w1F78192AF-7D11-4D41-80F3-8CD6DB05AB57.tif,34,928,94.73,92.24,0.8633,34.37
IXMtest_P10_s7_w1F78192AF-7D11-4D41-80F3-8CD6DB05AB57.tif,35,648,497.42,128.39,0.8975,28.72
IXMtest_P10_s7_w1F78192AF-7D11-4D41-80F3-8CD6DB05AB57.tif,36,610,587.5,188.48,0.8553,27.87
IXMtest_P10_s7_w1F78192AF-7D11-4D41-80F3-8CD6DB05AB57.tif,37,650,138.59,51.3,0.7258,28.77
IXMtest_P10_s7_w1F78192AF-7D11-4D41-80F3-8CD6DB05AB57.tif,38,596,157.85,87.88,0.938,27.55
IXMtest_P10_s7_w1F78192AF-7D11-4D41-80F3-8CD6DB05AB57.tif,39,933,89.48,130.91,0.9531,34.47
IXMtest_P10_s7_w1F78192AF-7D11-4D41-80F3-8CD6DB05AB57.tif,40,844,299.92,389.18,0.883,32.78
IXMtest_P10_s7_w1F78192AF-7D11-4D41-80F3-8CD6DB05AB57.tif,41,609,233.84,102.53,0.8583,27.85
IXMtest_P10_s7_w1F78192AF-7D11-4D41-80F3-8CD6DB05AB57.tif,42,810,16.11,222.24,0.9502,32.11
IXMtest_P10_s7_w1F78192AF-7D11-4D41-80F3-8CD6DB05AB57.tif,43,739,641.84,310.82,0.8852,30.67
IXMtest_P10_s7_w1F78192AF-7D11-4D41-80F3-8CD6DB05AB57.tif,44,732,447.4,94.42,0.8121,30.53
IXMtest_P10_s7_w1F78192AF-7D11-4D41-80F3-8CD6DB05AB57.tif,45,817,83.02,416.88,0.9477,32.25
IXMtest_P10_s7_w1F78192AF-7D11-4D41-80F3-8CD6DB05AB57.tif,46,800,75.36,185.97,0.8475,31.92
IXMtest_P10_s7_w1F78192AF-7D11-4D41-80F3-8CD6DB05AB57.tif,47,469,451.62,53.52,0.9617,24.44
IXMtest_P10_s7_w1F78192AF-7D11-4D41-80F3-8CD6DB05AB57.tif,48,1073,21.34,444.36,0.8675,36.96
IXMtest_P10_s7_w1F78192AF-7D11-4D41-80F3-8CD6DB05AB57.tif,49,1111,351.64,366.67,0.8491,37.61
IXMtest_P10_s7_w1F78192AF-7D11-4D41-80F3-8CD6DB05AB57.tif,50,1027,658.56,148.11,0.9075,36.16
IXMtest_P10_s7_w1F78192AF-7D11-4D41-80F3-8CD6DB05AB57.tif,51,1377,535.16,398.43,0.6069,41.87
IXMtest_P10_s7_w1F78192AF-7D11-4D41-80F3-8CD6DB05AB57.tif,52,380,690.11,401.47,0.6278,22.0
IXMtest_P10_s7_w1F78192AF-7D11-4D41-80F3-8CD6DB05AB57.tif,53,608,40.66,266.9,0.8721,27.82
IXMtest_P10_s7_w1F78192AF-7D11-4D41-80F3-8CD6DB05AB57.tif,54,661,228.42,155.85,0.9268,29.01
IXMtest_P10_s7_w1F78192AF-7D11-4D41-80F3-8CD6DB05AB57.tif,55,633,596.35,326.79,0.8876,28.39
IXMtest_P10_s7_w1F78192AF-7D11-4D41-80F3-8CD6DB05AB57.tif,56,774,506.95,341.33,0.7629,31.39
IXMtest_P10_s7_w1F78192AF-7D11-4D41-80F3-8CD6DB05AB57.tif,57,643,154.23,202.24,0.9559,28.61
IXMtest_P10_s7_w1F78192AF-7D11-4D41-80F3-8CD6DB05AB57.tif,58,1079,428.93,440.5,0.8623,37.07
IXMtest_P10_s7_w1F78192AF-7D11-4D41-80F3-8CD6DB05AB57.tif,59,299,599.26,512.03,0.8377,19.51
IXMtest_P10_s7_w1F78192AF-7D11-4D41-80F3-8CD6DB05AB57.tif,60,362,537.39,511.86,0.7423,21.47
IXMtest_P10_s7_w1F78192AF-7D11-4D41-80F3-8CD6DB05AB57.tif,61,679,113.54,184.82,0.8518,29.4
IXMtest_P10_s7_w1F78192AF-7D11-4D41-80F3-8CD6DB05AB57.tif,62,843,155.11,237.35,0.7673,32.76
IXMtest_P10_s7_w1F78192AF-7D11-4D41-80F3-8CD6DB05AB57.tif,63,1435,524.77,244.99,0.7832,42.74
IXMtest_P10_s7_w1F78192AF-7D11-4D41-80F3-8CD6DB05AB57.tif,64,511,611.69,231.17,0.9039,25.51
IXMtest_P10_s7_w1F78192AF-7D11-4D41-80F3-8CD6DB05AB57.tif,65,1127,382.85,115.49,0.7837,37.88
IXMtest_P10_s7_w1F78192AF-7D11-4D41-80F3-8CD6DB05AB57.tif,66,1588,184.37,423.38,0.5451,44.97
IXMtest_P10_s7_w1F78192AF-7D11-4D41-80F3-8CD6DB05AB57.tif,67,654,360.07,505.95,0.7586,28.86
IXMtest_P10_s7_w1F78192AF-7D11-4D41-80F3-8CD6DB05AB57.tif,68,551,460.39,474.46,0.8253,26.49
IXMtest_P10_s7_w1F78192AF-7D11-4D41-80F3-8CD6DB05AB57.tif,69,1456,311.97,430.96,0.7786,43.06
IXMtest_P10_s7_w1F78192AF-7D11-4D41-80F3-8CD6DB05AB57.tif,70,887,332.77,171.56,0.9005,33.61
IXMtest_P10_s7_w1F78192AF-7D11-4D41-80F3-8CD6DB05AB57.tif,71,858,677.06,284.97,0.8635,33.05
IXMtest_P10_s7_w1F78192AF-7D11-4D41-80F3-8CD6DB05AB57.tif,72,522,176.1,289.72,0.9055,25.78
IXMtest_P10_s7_w1F78192AF-7D11-4D41-80F3-8CD6DB05AB57.tif,73,1901,455.57,327.11,0.718,49.2
IXMtest_P10_s7_w1F78192AF-7D11-4D41-80F3-8CD6DB05AB57.tif,74,443,318.83,313.37,0.9362,23.75
IXMtest_P10_s7_w1F78192AF-7D11-4D41-80F3-8CD6DB05AB57.tif,75,662,267.25,135.13,0.8386,29.03
IXMtest_P10_s7_w1F78192AF-7D11-4D41-80F3-8CD6DB05AB57.tif,76,1536,564.75,261.39,0.6669,44.22
IXMtest_P10_s7_w1F78192AF-7D11-4D41-80F3-8CD6DB05AB57.tif,77,549,593.22,450.19,0.8872,26.44
IXMtest_P10_s7_w1F78192AF-7D11-4D41-80F3-8CD6DB05AB57.tif,78,577,139.42,438.65,0.7951,27.1
IXMtest_P10_s7_w1F78192AF-7D11-4D41-80F3-8CD6DB05AB57.tif,79,530,627.36,272.3,0.9398,25.98
IXMtest_P10_s7_w1F78192AF-7D11-4D41-80F3-8CD6DB05AB57.tif,80,571,115.7,423.99,0.9227,26.96
IXMtest_P10_s7_w1F78192AF-7D11-4D41-80F3-8CD6DB05AB57.tif,81,1009,373.29,242.21,0.9109,35.84
IXMtest_P10_s7_w1F78192AF-7D11-4D41-80F3-8CD6DB05AB57.tif,82,866,248.04,503.33,0.9417,33.21
IXMtest_P10_s7_w1F78192AF-7D11-4D41-80F3-8CD6DB05AB57.tif,83,612,341.52,219.59,0.8779,27.91
IXMtest_P10_s7_w1F78192AF-7D11-4D41-80F3-8CD6DB05AB57.tif,84,984,634.98,493.16,0.9138,35.4
IXMtest_P10_s7_w1F78192AF-7D11-4D41-80F3-8CD6DB05AB57.tif,85,867,389.99,154.61,0.8065,33.22
IXMtest_P10_s7_w1F78192AF-7D11-4D41-80F3-8CD6DB05AB57.tif,86,526,578.93,487.43,0.9435,25.88
IXMtest_P10_s7_w1F78192AF-7D11-4D41-80F3-8CD6DB05AB57.tif,87,560,20.62,128.74,0.9273,26.7
IXMtest_P10_s7_w1F78192AF-7D11-4D41-80F3-8CD6DB05AB57.tif,88,813,29.37,179.64,0.9078,32.17
IXMtest_P10_s7_w1F78192AF-7D11-4D41-80F3-8CD6DB05AB57.tif,89,690,485.78,501.05,0.9488,29.64
IXMtest_P10_s7_w1F78192AF-7D11-4D41-80F3-8CD6DB05AB57.tif,90,776,646.19,368.06,0.7262,31.43
IXMtest_P10_s7_w1F78192AF-7D11-4D41-80F3-8CD6DB05AB57.tif,91,705,507.09,71.06,0.9366,29.96
IXMtest_P10_s7_w1F78192AF-7D11-4D41-80F3-8CD6DB05AB57.tif,92,487,421.48,191.13,0.9302,24.9
IXMtest_P10_s7_w1F78192AF-7D11-4D41-80F3-8CD6DB05AB57.tif,93,788,219.27,369.66,0.8897,31.68
IXMtest_P10_s7_w1F78192AF-7D11-4D41-80F3-8CD6DB05AB57.tif,94,721,366.99,302.22,0.8984,30.3
IXMtest_P10_s7_w1F78192AF-7D11-4D41-80F3-8CD6DB05AB57.tif,95,533,643.91,242.32,0.9506,26.05
IXMtest_P10_s7_w1F78192AF-7D11-4D41-80F3-8CD6DB05AB57.tif,96,582,250.18,364.82,0.916,27.22
IXMtest_P10_s7_w1F78192AF-7D11-4D41-80F3-8CD6DB05AB57.tif,97,460,170.25,10.38,0.9293,24.2
IXMtest_P10_s7_w1F78192AF-7D11-4D41-80F3-8CD6DB05AB57.tif,98,615,582.51,221.23,0.8371,27.98
IXMtest_P10_s7_w1F78192AF-7D11-4D41-80F3-8CD6DB05AB57.tif,99,1143,666.93,441.08,0.7835,38.15
IXMtest_P10_s7_w1F78192AF-7D11-4D41-80F3-8CD6DB05AB57.tif,100,416,442.99,508.28,0.9448,23.01
IXMtest_P13_s6_w1270AEE06-D31F-421C-8147-13644F4C5B94.tif,1,1042,614.44,121.02,0.8112,36.42
IXMtest_P13_s6_w1270AEE06-D31F-421C-8147-13644F4C5B94.tif,2,650,47.18,342.13,0.8076,28.77
IXMtest_P13_s6_w1270AEE06-D31F-421C-8147-13644F4C5B94.tif,3,886,578.35,17.12,0.8824,33.59
IXMtest_P13_s6_w1270AEE06-D31F-421C-8147-13644F4C5B94.tif,4,722,530.34,241.87,0.7026,30.32
IXMtest_P13_s6_w1270AEE06-D31F-421C-8147-13644F4C5B94.tif,5,715,482.77,484.67,0.8564,30.17
IXMtest_P13_s6_w1270AEE06-D31F-421C-8147-13644F4C5B94.tif,6,516,225.69,443.24,0.8404,25.63
IXMtest_P13_s6_w1270AEE06-D31F-421C-8147-13644F4C5B94.tif,7,739,447.26,392.06,0.8572,30.67
IXMtest_P13_s6_w1270AEE06-D31F-421C-8147-13644F4C5B94.tif,8,617,280.12,441.12,0.8083,28.03
IXMtest_P13_s6_w1270AEE06-D31F-421C-8147-13644F4C5B94.tif,9,971,308.88,283.86,0.809,35.16
IXMtest_P13_s6_w1270AEE06-D31F-421C-8147-13644F4C5B94.tif,10,1417,437.11,64.2,0.5591,42.48
IXMtest_P13_s6_w1270AEE06-D31F-421C-8147-13644F4C5B94.tif,11,921,363.38,463.68,0.8676,34.24
IXMtest_P13_s6_w1270AEE06-D31F-421C-8147-13644F4C5B94.tif,12,974,641.82,458.73,0.8339,35.22
IXMtest_P13_s6_w1270AEE06-D31F-421C-8147-13644F4C5B94.tif,13,991,183.28,426.04,0.8355,35.52
IXMtest_P13_s6_w1270AEE06-D31F-421C-8147-13644F4C5B94.tif,14,616,636.16,84.55,0.8619,28.01
IXMtest_P13_s6_w1270AEE06-D31F-421C-8147-13644F4C5B94.tif,15,704,98.68,372.13,0.9087,29.94
IXMtest_P13_s6_w1270AEE06-D31F-421C-8147-13644F4C5B94.tif,16,835,343.36,251.89,0.9471,32.61
IXMtest_P13_s6_w1270AEE06-D31F-421C-8147-13644F4C5B94.tif,17,730,489.73,189.55,0.8227,30.49
IXMtest_P13_s6_w1270AEE06-D31F-421C-8147-13644F4C5B94.tif,18,750,532.76,477.84,0.8413,30.9
IXMtest_P13_s6_w1270AEE06-D31F-421C-8147-13644F4C5B94.tif,19,749,578.55,372.94,0.7671,30.88
IXMtest_P13_s6_w1270AEE06-D31F-421C-8147-13644F4C5B94.tif,20,879,357.5,134.58,0.7922,33.45
IXMtest_P13_s6_w1270AEE06-D31F-421C-8147-13644F4C5B94.tif,21,1187,252.96,310.73,0.8137,38.88
IXMtest_P13_s6_w1270AEE06-D31F-421C-8147-13644F4C5B94.tif,22,1295,71.32,256.96,0.6293,40.61
IXMtest_P13_s6_w1270AEE06-D31F-421C-8147-13644F4C5B94.tif,23,985,135.31,306.35,0.7656,35.41
IXMtest_P13_s6_w1270AEE06-D31F-421C-8147-13644F4C5B94.tif,24,740,621.21,37.23,0.8984,30.7
IXMtest_P13_s6_w1270AEE06-D31F-421C-8147-13644F4C5B94.tif,25,644,306.17,380.2,0.919,28.64
IXMtest_P13_s6_w1270AEE06-D31F-421C-8147-13644F4C5B94.tif,26,1133,665.51,106.57,0.9005,37.98
IXMtest_P13_s6_w1270AEE06-D31F-421C-8147-13644F4C5B94.tif,27,531,431.26,9.05,0.7126,26.0
IXMtest_P13_s6_w1270AEE06-D31F-421C-8147-13644F4C5B94.tif,28,688,307.31,17.71,0.8071,29.6
IXMtest_P13_s6_w1270AEE06-D31F-421C-8147-13644F4C5B94.tif,29,824,550.13,424.48,0.7716,32.39
IXMtest_P13_s6_w1270AEE06-D31F-421C-8147-13644F4C5B94.tif,30,1038,501.78,309.53,0.8187,36.35
IXMtest_P13_s6_w1270AEE06-D31F-421C-8147-13644F4C5B94.tif,31,665,39.35,234.92,0.8626,29.1
IXMtest_P13_s6_w1270AEE06-D31F-421C-8147-13644F4C5B94.tif,32,632,680.98,59.82,0.861,28.37
IXMtest_P13_s6_w1270AEE06-D31F-421C-8147-13644F4C5B94.tif,33,963,314.97,174.85,0.8869,35.02
IXMtest_P13_s6_w1270AEE06-D31F-421C-8147-13644F4C5B94.tif,34,969,339.89,48.19,0.9413,35.13
IXMtest_P13_s6_w1270AEE06-D31F-421C-8147-13644F4C5B94.tif,35,1142,253.17,159.85,0.891,38.13
IXMtest_P13_s6_w1270AEE06-D31F-421C-8147-13644F4C5B94.tif,36,979,393.29,397.46,0.8287,35.31
IXMtest_P13_s6_w1270AEE06-D31F-421C-8147-13644F4C5B94.tif,37,359,127.12,513.51,0.5434,21.38
IXMtest_P13_s6_w1270AEE06-D31F-421C-8147-13644F4C5B94.tif,38,1158,494.33,134.64,0.7515,38.4
IXMtest_P13_s6_w1270AEE06-D31F-421C-8147-13644F4C5B94.tif,39,628,177.95,494.22,0.8445,28.28
IXMtest_P13_s6_w1270AEE06-D31F-421C-8147-13644F4C5B94.tif,40,620,659.95,503.3,0.8422,28.1
IXMtest_P13_s6_w1270AEE06-D31F-421C-8147-13644F4C5B94.tif,41,788,472.93,106.56,0.8021,31.68
IXMtest_P13_s6_w1270AEE06-D31F-421C-8147-13644F4C5B94.tif,42,497,222.0,507.82,0.8276,25.16
IXMtest_P13_s6_w1270AEE06-D31F-421C-8147-13644F4C5B94.tif,43,738,225.98,42.13,0.884,30.65
IXMtest_P13_s6_w1270AEE06-D31F-421C-8147-13644F4C5B94.tif,44,896,538.2,66.9,0.8563,33.78
IXMtest_P13_s6_w1270AEE06-D31F-421C-8147-13644F4C5B94.tif,45,1439,443.09,257.54,0.8664,42.8
IXMtest_P13_s6_w1270AEE06-D31F-421C-8147-13644F4C5B94.tif,46,478,530.4,388.63,0.8179,24.67
IXMtest_P13_s6_w1270AEE06-D31F-421C-8147-13644F4C5B94.tif,47,773,371.17,17.54,0.8655,31.37
IXMtest_P13_s6_w1270AEE06-D31F-421C-8147-13644F4C5B94.tif,48,516,295.2,105.82,0.9465,25.63
IXMtest_P13_s6_w1270AEE06-D31F-421C-8147-13644F4C5B94.tif,49,720,619.34,178.01,0.8928,30.28
IXMtest_P13_s6_w1270AEE06-D31F-421C-8147-13644F4C5B94.tif,50,1009,149.62,347.22,0.7333,35.84
IXMtest_P13_s6_w1270AEE06-D31F-421C-8147-13644F4C5B94.tif,51,662,53.91,508.58,0.857,29.03
IXMtest_P13_s6_w1270AEE06-D31F-421C-8147-13644F4C5B94.tif,52,860,601.38,349.08,0.8957,33.09
IXMtest_P13_s6_w1270AEE06-D31F-421C-8147-13644F4C5B94.tif,53,884,616.54,313.28,0.852,33.55
IXMtest_P13_s6_w1270AEE06-D31F-421C-8147-13644F4C5B94.tif,54,969,585.69,230.61,0.8769,35.13
IXMtest_P13_s6_w1270AEE06-D31F-421C-8147-13644F4C5B94.tif,55,705,22.97,393.7,0.8388,29.96
IXMtest_P13_s6_w1270AEE06-D31F-421C-8147-13644F4C5B94.tif,56,607,50.69,187.03,0.8752,27.8
IXMtest_P13_s6_w1270AEE06-D31F-421C-8147-13644F4C5B94.tif,57,865,480.28,425.0,0.8453,33.19
IXMtest_P13_s6_w1270AEE06-D31F-421C-8147-13644F4C5B94.tif,58,770,567.76,184.81,0.8791,31.31
IXMtest_P13_s6_w1270AEE06-D31F-421C-8147-13644F4C5B94.tif,59,690,73.37,453.97,0.7168,29.64
IXMtest_P13_s6_w1270AEE06-D31F-421C-8147-13644F4C5B94.tif,60,590,262.52,484.7,0.964,27.41
IXMtest_P13_s6_w1270AEE06-D31F-421C-8147-13644F4C5B94.tif,61,447,201.0,451.8,0.974,23.86
IXMtest_P13_s6_w1270AEE06-D31F-421C-8147-13644F4C5B94.tif,62,746,683.3,283.25,0.8597,30.82
IXMtest_P13_s6_w1270AEE06-D31F-421C-8147-13644F4C5B94.tif,63,1007,542.72,340.5,0.879,35.81
IXMtest_P13_s6_w1270AEE06-D31F-421C-8147-13644F4C5B94.tif,64,603,322.7,134.83,0.9128,27.71
IXMtest_P13_s6_w1270AEE06-D31F-421C-8147-13644F4C5B94.tif,65,362,9.44,438.53,0.765,21.47
IXMtest_P13_s6_w1270AEE06-D31F-421C-8147-13644F4C5B94.tif,66,560,297.47,479.08,0.9659,26.7
IXMtest_P13_s6_w1270AEE06-D31F-421C-8147-13644F4C5B94.tif,67,830,428.48,353.98,0.7419,32.51
IXMtest_P13_s6_w1270AEE06-D31F-421C-8147-13644F4C5B94.tif,68,469,685.38,205.24,0.8462,24.44
IXMtest_P13_s6_w1270AEE06-D31F-421C-8147-13644F4C5B94.tif,69,574,572.53,113.46,0.7973,27.03
IXMtest_P13_s6_w1270AEE06-D31F-421C-8147-13644F4C5B94.tif,70,288,66.33,4.28,0.6541,19.15
IXMtest_P13_s6_w1270AEE06-D31F-421C-8147-13644F4C5B94.tif,71,1094,664.15,15.93,0.6796,37.32
IXMtest_P13_s6_w1270AEE06-D31F-421C-8147-13644F4C5B94.tif,72,450,114.27,489.02,0.9367,23.94
IXMtest_P13_s6_w1270AEE06-D31F-421C-8147-13644F4C5B94.tif,73,634,84.87,40.82,0.8465,28.41
IXMtest_P13_s6_w1270AEE06-D31F-421C-8147-13644F4C5B94.tif,74,311,300.93,511.97,0.7889,19.9
IXMtest_P13_s6_w1270AEE06-D31F-421C-8147-13644F4C5B94.tif,75,126,3.03,482.06,0.7516,12.67
IXMtest_P13_s6_w1270AEE06-D31F-421C-8147-13644F4C5B94.tif,76,1629,422.71,146.16,0.527,45.54
IXMtest_P13_s6_w1270AEE06-D31F-421C-8147-13644F4C5B94.tif,77,639,649.87,277.53,0.8272,28.52
IXMtest_P13_s6_w1270AEE06-D31F-421C-8147-13644F4C5B94.tif,78,763,647.41,256.77,0.6397,31.17
IXMtest_P13_s6_w1270AEE06-D31F-421C-8147-13644F4C5B94.tif,79,121,133.88,3.14,0.8424,12.41
IXMtest_P13_s6_w1270AEE06-D31F-421C-8147-13644F4C5B94.tif,80,143,331.66,515.02,0.8752,13.49
IXMtest_P13_s6_w1270AEE06-D31F-421C-8147-13644F4C5B94.tif,81,105,500.31,2.23,0.6668,11.56
IXMtest_P13_s6_w1270AEE06-D31F-421C-8147-13644F4C5B94.tif,82,109,412.83,515.05,0.7713,11.78
IXMtest_P13_s6_w1270AEE06-D31F-421C-8147-13644F4C5B94.tif,83,79,690.72,3.24,0.8639,10.03
IXMtest_P15_s3_w10F5E9699-743C-4177-93CE-27CFD65A925E.tif,1,1726,22.97,29.08,0.4748,46.88
IXMtest_P15_s3_w10F5E9699-743C-4177-93CE-27CFD65A925E.tif,2,648,258.81,509.26,0.7889,28.72
IXMtest_P15_s3_w10F5E9699-743C-4177-93CE-27CFD65A925E.tif,3,1472,358.31,70.11,0.4924,43.29
IXMtest_P15_s3_w10F5E9699-743C-4177-93CE-27CFD65A925E.tif,4,806,516.22,112.28,0.8749,32.03
IXMtest_P15_s3_w10F5E9699-743C-4177-93CE-27CFD65A925E.tif,5,816,589.77,456.39,0.7205,32.23
IXMtest_P15_s3_w10F5E9699-743C-4177-93CE-27CFD65A925E.tif,6,931,215.83,15.46,0.886,34.43
IXMtest_P15_s3_w10F5E9699-743C-4177-93CE-27CFD65A925E.tif,7,1267,673.32,280.92,0.8046,40.16
IXMtest_P15_s3_w10F5E9699-743C-4177-93CE-27CFD65A925E.tif,8,862,135.18,473.01,0.8533,33.13
IXMtest_P15_s3_w10F5E9699-743C-4177-93CE-27CFD65A925E.tif,9,703,83.01,394.05,0.7779,29.92
IXMtest_P15_s3_w10F5E9699-743C-4177-93CE-27CFD65A925E.tif,10,972,322.63,356.43,0.7977,35.18
IXMtest_P15_s3_w10F5E9699-743C-4177-93CE-27CFD65A925E.tif,11,740,589.85,136.1,0.8822,30.7
IXMtest_P15_s3_w10F5E9699-743C-4177-93CE-27CFD65A925E.tif,12,1118,285.26,279.36,0.8107,37.73
IXMtest_P15_s3_w10F5E9699-743C-4177-93CE-27CFD65A925E.tif,13,1378,242.74,175.8,0.7117,41.89
IXMtest_P15_s3_w10F5E9699-743C-4177-93CE-27CFD65A925E.tif,14,1033,190.0,434.01,0.8525,36.27
IXMtest_P15_s3_w10F5E9699-743C-4177-93CE-27CFD65A925E.tif,15,899,207.82,374.02,0.8505,33.83
IXMtest_P15_s3_w10F5E9699-743C-4177-93CE-27CFD65A925E.tif,16,953,328.59,14.29,0.8455,34.83
IXMtest_P15_s3_w10F5E9699-743C-4177-93CE-27CFD65A925E.tif,17,1177,207.47,281.56,0.8342,38.71
IXMtest_P15_s3_w10F5E9699-743C-4177-93CE-27CFD65A925E.tif,18,588,11.98,406.27,0.9134,27.36
IXMtest_P15_s3_w10F5E9699-743C-4177-93CE-27CFD65A925E.tif,19,752,502.18,82.55,0.8822,30.94
IXMtest_P15_s3_w10F5E9699-743C-4177-93CE-27CFD65A925E.tif,20,747,575.63,209.89,0.9263,30.84
IXMtest_P15_s3_w10F5E9699-743C-4177-93CE-27CFD65A925E.tif,21,1030,533.34,393.95,0.8636,36.21
IXMtest_P15_s3_w10F5E9699-743C-4177-93CE-27CFD65A925E.tif,22,1186,158.42,85.35,0.8493,38.86
IXMtest_P15_s3_w10F5E9699-743C-4177-93CE-27CFD65A925E.tif,23,756,482.44,162.24,0.9311,31.03
IXMtest_P15_s3_w10F5E9699-743C-4177-93CE-27CFD65A925E.tif,24,695,644.72,460.07,0.8618,29.75
IXMtest_P15_s3_w10F5E9699-743C-4177-93CE-27CFD65A925E.tif,25,730,619.86,73.19,0.9096,30.49
IXMtest_P15_s3_w10F5E9699-743C-4177-93CE-27CFD65A925E.tif,26,748,655.36,207.49,0.8858,30.86
IXMtest_P15_s3_w10F5E9699-743C-4177-93CE-27CFD65A925E.tif,27,894,258.06,318.97,0.7978,33.74
IXMtest_P15_s3_w10F5E9699-743C-4177-93CE-27CFD65A925E.tif,28,712,32.44,474.89,0.9064,30.11
IXMtest_P15_s3_w10F5E9699-743C-4177-93CE-27CFD65A925E.tif,29,752,620.96,350.29,0.8905,30.94
IXMtest_P15_s3_w10F5E9699-743C-4177-93CE-27CFD65A925E.tif,30,609,274.11,88.2,0.7806,27.85
IXMtest_P15_s3_w10F5E9699-743C-4177-93CE-27CFD65A925E.tif,31,837,473.61,44.37,0.8947,32.65
IXMtest_P15_s3_w10F5E9699-743C-4177-93CE-27CFD65A925E.tif,32,894,260.45,385.08,0.8171,33.74
IXMtest_P15_s3_w10F5E9699-743C-4177-93CE-27CFD65A925E.tif,33,609,591.33,275.57,0.9006,27.85
IXMtest_P15_s3_w10F5E9699-743C-4177-93CE-27CFD65A925E.tif,34,380,686.75,504.91,0.8826,22.0
IXMtest_P15_s3_w10F5E9699-743C-4177-93CE-27CFD65A925E.tif,35,676,344.46,383.64,0.6499,29.34
IXMtest_P15_s3_w10F5E9699-743C-4177-93CE-27CFD65A925E.tif,36,708,374.85,317.78,0.8779,30.02
IXMtest_P15_s3_w10F5E9699-743C-4177-93CE-27CFD65A925E.tif,37,797,403.76,439.17,0.8535,31.86
IXMtest_P15_s3_w10F5E9699-743C-4177-93CE-27CFD65A925E.tif,38,895,27.33,279.75,0.8538,33.76
IXMtest_P15_s3_w10F5E9699-743C-4177-93CE-27CFD65A925E.tif,39,593,683.41,467.5,0.8862,27.48
IXMtest_P15_s3_w10F5E9699-743C-4177-93CE-27CFD65A925E.tif,40,682,514.48,217.51,0.9106,29.47
IXMtest_P15_s3_w10F5E9699-743C-4177-93CE-27CFD65A925E.tif,41,858,348.69,455.72,0.933,33.05
IXMtest_P15_s3_w10F5E9699-743C-4177-93CE-27CFD65A925E.tif,42,983,431.08,214.98,0.8463,35.38
IXMtest_P15_s3_w10F5E9699-743C-4177-93CE-27CFD65A925E.tif,43,883,389.55,157.52,0.8214,33.53
IXMtest_P15_s3_w10F5E9699-743C-4177-93CE-27CFD65A925E.tif,44,1050,300.24,163.72,0.6994,36.56
IXMtest_P15_s3_w10F5E9699-743C-4177-93CE-27CFD65A925E.tif,45,438,672.05,8.96,0.7294,23.62
IXMtest_P15_s3_w10F5E9699-743C-4177-93CE-27CFD65A925E.tif,46,797,620.09,290.44,0.8802,31.86
IXMtest_P15_s3_w10F5E9699-743C-4177-93CE-27CFD65A925E.tif,47,936,381.48,108.26,0.8692,34.52
IXMtest_P15_s3_w10F5E9699-743C-4177-93CE-27CFD65A925E.tif,48,834,158.59,364.01,0.8741,32.59
IXMtest_P15_s3_w10F5E9699-743C-4177-93CE-27CFD65A925E.tif,49,740,374.53,500.25,0.9284,30.7
IXMtest_P15_s3_w10F5E9699-743C-4177-93CE-27CFD65A925E.tif,50,765,569.83,344.78,0.7514,31.21
IXMtest_P15_s3_w10F5E9699-743C-4177-93CE-27CFD65A925E.tif,51,447,660.91,509.46,0.8662,23.86
IXMtest_P15_s3_w10F5E9699-743C-4177-93CE-27CFD65A925E.tif,52,659,399.3,244.19,0.7985,28.97
IXMtest_P15_s3_w10F5E9699-743C-4177-93CE-27CFD65A925E.tif,53,773,354.38,423.28,0.885,31.37
IXMtest_P15_s3_w10F5E9699-743C-4177-93CE-27CFD65A925E.tif,54,801,44.18,376.49,0.9335,31.94
IXMtest_P15_s3_w10F5E9699-743C-4177-93CE-27CFD65A925E.tif,55,635,524.42,495.98,0.893,28.43
IXMtest_P15_s3_w10F5E9699-743C-4177-93CE-27CFD65A925E.tif,56,857,197.83,487.99,0.7629,33.03
IXMtest_P15_s3_w10F5E9699-743C-4177-93CE-27CFD65A925E.tif,57,1413,474.55,472.19,0.6967,42.42
IXMtest_P15_s3_w10F5E9699-743C-4177-93CE-27CFD65A925E.tif,58,572,476.94,273.09,0.8327,26.99
IXMtest_P15_s3_w10F5E9699-743C-4177-93CE-27CFD65A925E.tif,59,905,545.83,97.71,0.5804,33.95
IXMtest_P15_s3_w10F5E9699-743C-4177-93CE-27CFD65A925E.tif,60,756,459.65,383.11,0.9311,31.03
IXMtest_P15_s3_w10F5E9699-743C-4177-93CE-27CFD65A925E.tif,61,571,676.52,93.64,0.953,26.96
IXMtest_P15_s3_w10F5E9699-743C-4177-93CE-27CFD65A925E.tif,62,525,503.99,449.42,0.9768,25.85
IXMtest_P15_s3_w10F5E9699-743C-4177-93CE-27CFD65A925E.tif,63,1105,623.47,174.7,0.6221,37.51
IXMtest_P15_s3_w10F5E9699-743C-4177-93CE-27CFD65A925E.tif,64,2228,347.97,225.3,0.4072,53.26
IXMtest_P15_s3_w10F5E9699-743C-4177-93CE-27CFD65A925E.tif,65,1341,443.38,72.98,0.7808,41.32
IXMtest_P15_s3_w10F5E9699-743C-4177-93CE-27CFD65A925E.tif,66,993,439.96,163.91,0.8501,35.56
IXMtest_P15_s3_w10F5E9699-743C-4177-93CE-27CFD65A925E.tif,67,634,97.47,429.84,0.8207,28.41
IXMtest_P15_s3_w10F5E9699-743C-4177-93CE-27CFD65A925E.tif,68,727,384.14,46.37,0.7639,30.42
IXMtest_P15_s3_w10F5E9699-743C-4177-93CE-27CFD65A925E.tif,69,595,483.09,220.13,0.9416,27.52
IXMtest_P15_s3_w10F5E9699-743C-4177-93CE-27CFD65A925E.tif,70,582,390.18,370.4,0.9405,27.22
IXMtest_P15_s3_w10F5E9699-743C-4177-93CE-27CFD65A925E.tif,71,323,686.41,36.72,0.8894,20.28
IXMtest_P15_s3_w10F5E9699-743C-4177-93CE-27CFD65A925E.tif,72,598,408.74,503.25,0.8497,27.59
IXMtest_P15_s3_w10F5E9699-743C-4177-93CE-27CFD65A925E.tif,73,304,596.19,8.49,0.9285,19.67
IXMtest_P15_s3_w10F5E9699-743C-4177-93CE-27CFD65A925E.tif,74,1103,436.81,284.77,0.641,37.48
IXMtest_P15_s3_w10F5E9699-743C-4177-93CE-27CFD65A925E.tif,75,1087,640.04,122.26,0.4536,37.2
IXMtest_P15_s3_w10F5E9699-743C-4177-93CE-27CFD65A925E.tif,76,254,557.94,7.64,0.9147,17.98
IXMtest_P15_s3_w10F5E9699-743C-4177-93CE-27CFD65A925E.tif,77,132,502.91,3.13,0.7676,12.96
IXMtest_P15_s3_w10F5E9699-743C-4177-93CE-27CFD65A925E.tif,78,1708,523.01,286.24,0.5246,46.63
IXMtest_P15_s3_w10F5E9699-743C-4177-93CE-27CFD65A925E.tif,79,679,476.81,415.36,0.9158,29.4
IXMtest_P15_s3_w10F5E9699-743C-4177-93CE-27CFD65A925E.tif,80,515,490.08,331.38,0.9238,25.61
IXMtest_P15_s3_w10F5E9699-743C-4177-93CE-27CFD65A925E.tif,81,596,447.63,420.52,0.911,27.55
IXMtest_P15_s3_w10F5E9699-743C-4177-93CE-27CFD65A925E.tif,82,70,309.2,516.34,0.6401,9.44
IXMtest_P15_s3_w10F5E9699-743C-4177-93CE-27CFD65A925E.tif,83,1454,460.42,335.57,0.5494,43.03
IXMtest_P15_s3_w10F5E9699-743C-4177-93CE-27CFD65A925E.tif,84,60,394.72,1.88,0.8244,8.74
IXMtest_P15_s8_w1D26A5BC7-CF59-4027-B785-85AD33773609.tif,1,1053,96.23,126.98,0.7203,36.62
IXMtest_P15_s8_w1D26A5BC7-CF59-4027-B785-85AD33773609.tif,2,1106,138.33,16.18,0.641,37.53
IXMtest_P15_s8_w1D26A5BC7-CF59-4027-B785-85AD33773609.tif,3,680,155.7,462.29,0.6814,29.42
IXMtest_P15_s8_w1D26A5BC7-CF59-4027-B785-85AD33773609.tif,4,728,647.14,464.53,0.5896,30.45
IXMtest_P15_s8_w1D26A5BC7-CF59-4027-B785-85AD33773609.tif,5,785,486.62,374.47,0.8212,31.61
IXMtest_P15_s8_w1D26A5BC7-CF59-4027-B785-85AD33773609.tif,6,972,158.87,370.86,0.8163,35.18
IXMtest_P15_s8_w1D26A5BC7-CF59-4027-B785-85AD33773609.tif,7,953,413.35,91.94,0.8421,34.83
IXMtest_P15_s8_w1D26A5BC7-CF59-4027-B785-85AD33773609.tif,8,653,306.58,233.31,0.7843,28.83
IXMtest_P15_s8_w1D26A5BC7-CF59-4027-B785-85AD33773609.tif,9,660,149.7,319.99,0.8707,28.99
IXMtest_P15_s8_w1D26A5BC7-CF59-4027-B785-85AD33773609.tif,10,677,301.03,48.43,0.8476,29.36
IXMtest_P15_s8_w1D26A5BC7-CF59-4027-B785-85AD33773609.tif,11,697,217.12,311.73,0.8744,29.79
IXMtest_P15_s8_w1D26A5BC7-CF59-4027-B785-85AD33773609.tif,12,628,551.78,469.61,0.8548,28.28
IXMtest_P15_s8_w1D26A5BC7-CF59-4027-B785-85AD33773609.tif,13,792,625.15,337.25,0.8105,31.76
IXMtest_P15_s8_w1D26A5BC7-CF59-4027-B785-85AD33773609.tif,14,935,227.32,482.79,0.7759,34.5
IXMtest_P15_s8_w1D26A5BC7-CF59-4027-B785-85AD33773609.tif,15,873,661.67,497.43,0.7233,33.34
IXMtest_P15_s8_w1D26A5BC7-CF59-4027-B785-85AD33773609.tif,16,417,26.65,254.26,0.9005,23.04
IXMtest_P15_s8_w1D26A5BC7-CF59-4027-B785-85AD33773609.tif,17,675,527.2,505.04,0.8394,29.32
IXMtest_P15_s8_w1D26A5BC7-CF59-4027-B785-85AD33773609.tif,18,721,27.7,471.23,0.7912,30.3
IXMtest_P15_s8_w1D26A5BC7-CF59-4027-B785-85AD33773609.tif,19,715,365.27,467.3,0.8294,30.17
IXMtest_P15_s8_w1D26A5BC7-CF59-4027-B785-85AD33773609.tif,20,626,97.49,475.27,0.8777,28.23
IXMtest_P15_s8_w1D26A5BC7-CF59-4027-B785-85AD33773609.tif,21,883,473.13,279.35,0.8666,33.53
IXMtest_P15_s8_w1D26A5BC7-CF59-4027-B785-85AD33773609.tif,22,1000,524.48,340.91,0.9102,35.68
IXMtest_P15_s8_w1D26A5BC7-CF59-4027-B785-85AD33773609.tif,23,423,67.67,245.53,0.9483,23.21
IXMtest_P15_s8_w1D26A5BC7-CF59-4027-B785-85AD33773609.tif,24,963,24.99,203.41,0.9338,35.02
IXMtest_P15_s8_w1D26A5BC7-CF59-4027-B785-85AD33773609.tif,25,694,272.17,286.55,0.911,29.73
IXMtest_P15_s8_w1D26A5BC7-CF59-4027-B785-85AD33773609.tif,26,1056,47.99,86.67,0.8883,36.67
IXMtest_P15_s8_w1D26A5BC7-CF59-4027-B785-85AD33773609.tif,27,886,116.21,101.32,0.8622,33.59
IXMtest_P15_s8_w1D26A5BC7-CF59-4027-B785-85AD33773609.tif,28,876,507.03,417.42,0.8672,33.4
IXMtest_P15_s8_w1D26A5BC7-CF59-4027-B785-85AD33773609.tif,29,564,93.11,211.28,0.9044,26.8
IXMtest_P15_s8_w1D26A5BC7-CF59-4027-B785-85AD33773609.tif,30,790,47.43,47.55,0.7868,31.72
IXMtest_P15_s8_w1D26A5BC7-CF59-4027-B785-85AD33773609.tif,31,1044,205.46,116.2,0.8923,36.46
IXMtest_P15_s8_w1D26A5BC7-CF59-4027-B785-85AD33773609.tif,32,1729,579.66,227.33,0.7581,46.92
IXMtest_P15_s8_w1D26A5BC7-CF59-4027-B785-85AD33773609.tif,33,641,578.64,165.44,0.8878,28.57
IXMtest_P15_s8_w1D26A5BC7-CF59-4027-B785-85AD33773609.tif,34,1133,251.26,446.29,0.884,37.98
IXMtest_P15_s8_w1D26A5BC7-CF59-4027-B785-85AD33773609.tif,35,1022,272.99,127.71,0.8617,36.07
IXMtest_P15_s8_w1D26A5BC7-CF59-4027-B785-85AD33773609.tif,36,283,267.77,76.19,0.9567,18.98
IXMtest_P15_s8_w1D26A5BC7-CF59-4027-B785-85AD33773609.tif,37,856,540.08,280.11,0.9309,33.01
IXMtest_P15_s8_w1D26A5BC7-CF59-4027-B785-85AD33773609.tif,38,633,358.48,139.45,0.9531,28.39
IXMtest_P15_s8_w1D26A5BC7-CF59-4027-B785-85AD33773609.tif,39,1040,355.72,394.63,0.8939,36.39
IXMtest_P15_s8_w1D26A5BC7-CF59-4027-B785-85AD33773609.tif,40,663,298.0,473.84,0.9006,29.05
IXMtest_P15_s8_w1D26A5BC7-CF59-4027-B785-85AD33773609.tif,41,310,6.92,341.87,0.7682,19.87
IXMtest_P15_s8_w1D26A5BC7-CF59-4027-B785-85AD33773609.tif,42,597,467.02,43.73,0.9777,27.57
IXMtest_P15_s8_w1D26A5BC7-CF59-4027-B785-85AD33773609.tif,43,320,164.22,511.36,0.8394,20.19
IXMtest_P15_s8_w1D26A5BC7-CF59-4027-B785-85AD33773609.tif,44,811,232.15,244.01,0.8198,32.13
IXMtest_P15_s8_w1D26A5BC7-CF59-4027-B785-85AD33773609.tif,45,591,438.69,140.82,0.9181,27.43
IXMtest_P15_s8_w1D26A5BC7-CF59-4027-B785-85AD33773609.tif,46,678,630.5,136.75,0.8856,29.38
IXMtest_P15_s8_w1D26A5BC7-CF59-4027-B785-85AD33773609.tif,47,520,476.26,162.14,0.9618,25.73
IXMtest_P15_s8_w1D26A5BC7-CF59-4027-B785-85AD33773609.tif,48,1102,127.56,275.19,0.8807,37.46
IXMtest_P15_s8_w1D26A5BC7-CF59-4027-B785-85AD33773609.tif,49,316,689.73,255.36,0.7291,20.06
IXMtest_P15_s8_w1D26A5BC7-CF59-4027-B785-85AD33773609.tif,50,1365,672.46,203.67,0.7958,41.69
IXMtest_P15_s8_w1D26A5BC7-CF59-4027-B785-85AD33773609.tif,51,1026,149.8,188.37,0.8263,36.14
IXMtest_P15_s8_w1D26A5BC7-CF59-4027-B785-85AD33773609.tif,52,1081,27.28,412.48,0.8852,37.1
IXMtest_P15_s8_w1D26A5BC7-CF59-4027-B785-85AD33773609.tif,53,701,328.0,454.1,0.8025,29.88
IXMtest_P15_s8_w1D26A5BC7-CF59-4027-B785-85AD33773609.tif,54,730,366.13,17.82,0.9357,30.49
IXMtest_P15_s8_w1D26A5BC7-CF59-4027-B785-85AD33773609.tif,55,906,22.58,155.23,0.8607,33.96
IXMtest_P15_s8_w1D26A5BC7-CF59-4027-B785-85AD33773609.tif,56,309,271.48,189.76,0.9227,19.84
IXMtest_P15_s8_w1D26A5BC7-CF59-4027-B785-85AD33773609.tif,57,927,370.73,62.53,0.6973,34.36
IXMtest_P15_s8_w1D26A5BC7-CF59-4027-B785-85AD33773609.tif,58,279,248.07,204.53,0.9538,18.85
IXMtest_P15_s8_w1D26A5BC7-CF59-4027-B785-85AD33773609.tif,59,607,652.4,255.8,0.9429,27.8
IXMtest_P15_s8_w1D26A5BC7-CF59-4027-B785-85AD33773609.tif,60,1088,429.36,439.56,0.886,37.22
IXMtest_P15_s8_w1D26A5BC7-CF59-4027-B785-85AD33773609.tif,61,551,160.22,226.68,0.9581,26.49
IXMtest_P15_s8_w1D26A5BC7-CF59-4027-B785-85AD33773609.tif,62,302,238.89,76.01,0.9324,19.61
IXMtest_P15_s8_w1D26A5BC7-CF59-4027-B785-85AD33773609.tif,63,867,209.94,35.59,0.8951,33.22
IXMtest_P15_s8_w1D26A5BC7-CF59-4027-B785-85AD33773609.tif,64,345,408.54,6.96,0.8142,20.96
IXMtest_P15_s8_w1D26A5BC7-CF59-4027-B785-85AD33773609.tif,65,354,244.29,4.97,0.6785,21.23
IXMtest_P15_s8_w1D26A5BC7-CF59-4027-B785-85AD33773609.tif,66,243,52.81,510.59,0.9489,17.59
IXMtest_P15_s8_w1D26A5BC7-CF59-4027-B785-85AD33773609.tif,67,415,280.38,158.49,0.9821,22.99
IXMtest_P15_s8_w1D26A5BC7-CF59-4027-B785-85AD33773609.tif,68,281,305.95,511.22,0.8156,18.92
IXMtest_P15_s8_w1D26A5BC7-CF59-4027-B785-85AD33773609.tif,69,234,298.03,4.86,0.813,17.26
IXMtest_P15_s8_w1D26A5BC7-CF59-4027-B785-85AD33773609.tif,70,154,447.77,3.97,0.8863,14.0
IXMtest_P15_s8_w1D26A5BC7-CF59-4027-B785-85AD33773609.tif,71,161,18.57,513.17,0.797,14.32
IXMtest_P15_s8_w1D26A5BC7-CF59-4027-B785-85AD33773609.tif,72,718,74.18,369.16,0.5828,30.24
IXMtest_P15_s8_w1D26A5BC7-CF59-4027-B785-85AD33773609.tif,73,925,451.58,474.91,0.8605,34.32
IXMtest_P15_s8_w1D26A5BC7-CF59-4027-B785-85AD33773609.tif,74,548,422.72,499.13,0.9773,26.41
IXMtest_P15_s8_w1D26A5BC7-CF59-4027-B785-85AD33773609.tif,75,977,449.31,475.79,0.5606,35.27
IXMtest_P19_s6_w10EBAD15B-2822-48B9-B9C8-4DF5D80AB940.tif,1,772,188.57,466.33,0.7298,31.35
IXMtest_P19_s6_w10EBAD15B-2822-48B9-B9C8-4DF5D80AB940.tif,2,1280,308.4,491.58,0.7619,40.37
IXMtest_P19_s6_w10EBAD15B-2822-48B9-B9C8-4DF5D80AB940.tif,3,670,383.45,112.69,0.8041,29.21
IXMtest_P19_s6_w10EBAD15B-2822-48B9-B9C8-4DF5D80AB940.tif,4,518,12.19,20.43,0.6966,25.68
IXMtest_P19_s6_w10EBAD15B-2822-48B9-B9C8-4DF5D80AB940.tif,5,1507,508.81,504.27,0.4036,43.8
IXMtest_P19_s6_w10EBAD15B-2822-48B9-B9C8-4DF5D80AB940.tif,6,925,16.68,433.37,0.8893,34.32
IXMtest_P19_s6_w10EBAD15B-2822-48B9-B9C8-4DF5D80AB940.tif,7,724,492.96,158.73,0.7287,30.36
IXMtest_P19_s6_w10EBAD15B-2822-48B9-B9C8-4DF5D80AB940.tif,8,872,499.67,247.44,0.775,33.32
IXMtest_P19_s6_w10EBAD15B-2822-48B9-B9C8-4DF5D80AB940.tif,9,818,454.28,300.41,0.8839,32.27
IXMtest_P19_s6_w10EBAD15B-2822-48B9-B9C8-4DF5D80AB940.tif,10,1177,448.97,77.93,0.8598,38.71
IXMtest_P19_s6_w10EBAD15B-2822-48B9-B9C8-4DF5D80AB940.tif,11,854,338.73,131.7,0.8911,32.97
IXMtest_P19_s6_w10EBAD15B-2822-48B9-B9C8-4DF5D80AB940.tif,12,487,138.84,378.07,0.8881,24.9
IXMtest_P19_s6_w10EBAD15B-2822-48B9-B9C8-4DF5D80AB940.tif,13,755,404.75,267.92,0.9104,31.0
IXMtest_P19_s6_w10EBAD15B-2822-48B9-B9C8-4DF5D80AB940.tif,14,719,568.9,148.56,0.755,30.26
IXMtest_P19_s6_w10EBAD15B-2822-48B9-B9C8-4DF5D80AB940.tif,15,660,557.12,228.37,0.8263,28.99
IXMtest_P19_s6_w10EBAD15B-2822-48B9-B9C8-4DF5D80AB940.tif,16,626,15.5,126.78,0.8804,28.23
IXMtest_P19_s6_w10EBAD15B-2822-48B9-B9C8-4DF5D80AB940.tif,17,1187,650.33,182.63,0.9347,38.88
IXMtest_P19_s6_w10EBAD15B-2822-48B9-B9C8-4DF5D80AB940.tif,18,666,533.82,387.54,0.7132,29.12
IXMtest_P19_s6_w10EBAD15B-2822-48B9-B9C8-4DF5D80AB940.tif,19,567,437.68,420.99,0.8973,26.87
IXMtest_P19_s6_w10EBAD15B-2822-48B9-B9C8-4DF5D80AB940.tif,20,873,620.1,394.74,0.8605,33.34
IXMtest_P19_s6_w10EBAD15B-2822-48B9-B9C8-4DF5D80AB940.tif,21,884,38.62,275.33,0.6961,33.55
IXMtest_P19_s6_w10EBAD15B-2822-48B9-B9C8-4DF5D80AB940.tif,22,990,329.39,58.12,0.8834,35.5
IXMtest_P19_s6_w10EBAD15B-2822-48B9-B9C8-4DF5D80AB940.tif,23,1089,230.84,293.27,0.8636,37.24
IXMtest_P19_s6_w10EBAD15B-2822-48B9-B9C8-4DF5D80AB940.tif,24,735,608.09,328.57,0.8207,30.59
IXMtest_P19_s6_w10EBAD15B-2822-48B9-B9C8-4DF5D80AB940.tif,25,1102,255.49,430.53,0.7839,37.46
IXMtest_P19_s6_w10EBAD15B-2822-48B9-B9C8-4DF5D80AB940.tif,26,564,284.53,156.94,0.8829,26.8
IXMtest_P19_s6_w10EBAD15B-2822-48B9-B9C8-4DF5D80AB940.tif,27,347,687.71,474.95,0.8135,21.02
IXMtest_P19_s6_w10EBAD15B-2822-48B9-B9C8-4DF5D80AB940.tif,28,252,466.77,5.07,0.7639,17.91
IXMtest_P19_s6_w10EBAD15B-2822-48B9-B9C8-4DF5D80AB940.tif,29,652,136.57,190.65,0.8559,28.81
IXMtest_P19_s6_w10EBAD15B-2822-48B9-B9C8-4DF5D80AB940.tif,30,637,52.32,109.26,0.9205,28.48
IXMtest_P19_s6_w10EBAD15B-2822-48B9-B9C8-4DF5D80AB940.tif,31,852,595.78,221.04,0.8212,32.94
IXMtest_P19_s6_w10EBAD15B-2822-48B9-B9C8-4DF5D80AB940.tif,32,956,641.9,462.83,0.8616,34.89
IXMtest_P19_s6_w10EBAD15B-2822-48B9-B9C8-4DF5D80AB940.tif,33,846,129.29,227.51,0.8499,32.82
IXMtest_P19_s6_w10EBAD15B-2822-48B9-B9C8-4DF5D80AB940.tif,34,1226,307.89,200.87,0.7407,39.51
IXMtest_P19_s6_w10EBAD15B-2822-48B9-B9C8-4DF5D80AB940.tif,35,1005,335.25,364.27,0.805,35.77
IXMtest_P19_s6_w10EBAD15B-2822-48B9-B9C8-4DF5D80AB940.tif,36,711,281.38,249.98,0.9658,30.09
IXMtest_P19_s6_w10EBAD15B-2822-48B9-B9C8-4DF5D80AB940.tif,37,909,142.05,294.54,0.8172,34.02
IXMtest_P19_s6_w10EBAD15B-2822-48B9-B9C8-4DF5D80AB940.tif,38,653,462.97,377.19,0.9485,28.83
IXMtest_P19_s6_w10EBAD15B-2822-48B9-B9C8-4DF5D80AB940.tif,39,799,463.98,135.63,0.8556,31.9
IXMtest_P19_s6_w10EBAD15B-2822-48B9-B9C8-4DF5D80AB940.tif,40,791,662.33,90.58,0.8931,31.74
IXMtest_P19_s6_w10EBAD15B-2822-48B9-B9C8-4DF5D80AB940.tif,41,856,376.31,311.08,0.8916,33.01
IXMtest_P19_s6_w10EBAD15B-2822-48B9-B9C8-4DF5D80AB940.tif,42,622,410.65,190.73,0.9198,28.14
IXMtest_P19_s6_w10EBAD15B-2822-48B9-B9C8-4DF5D80AB940.tif,43,490,99.41,5.2,0.5942,24.98
IXMtest_P19_s6_w10EBAD15B-2822-48B9-B9C8-4DF5D80AB940.tif,44,943,152.69,76.1,0.8014,34.65
IXMtest_P19_s6_w10EBAD15B-2822-48B9-B9C8-4DF5D80AB940.tif,45,651,124.67,489.72,0.8223,28.79
IXMtest_P19_s6_w10EBAD15B-2822-48B9-B9C8-4DF5D80AB940.tif,46,975,561.13,57.63,0.8838,35.23
IXMtest_P19_s6_w10EBAD15B-2822-48B9-B9C8-4DF5D80AB940.tif,47,701,456.46,485.55,0.8413,29.88
IXMtest_P19_s6_w10EBAD15B-2822-48B9-B9C8-4DF5D80AB940.tif,48,780,409.88,392.73,0.7628,31.51
IXMtest_P19_s6_w10EBAD15B-2822-48B9-B9C8-4DF5D80AB940.tif,49,1023,85.38,438.78,0.9273,36.09
IXMtest_P19_s6_w10EBAD15B-2822-48B9-B9C8-4DF5D80AB940.tif,50,561,226.46,176.94,0.9116,26.73
IXMtest_P19_s6_w10EBAD15B-2822-48B9-B9C8-4DF5D80AB940.tif,51,1014,20.19,198.08,0.9322,35.93
IXMtest_P19_s6_w10EBAD15B-2822-48B9-B9C8-4DF5D80AB940.tif,52,811,62.53,345.99,0.8669,32.13
IXMtest_P19_s6_w10EBAD15B-2822-48B9-B9C8-4DF5D80AB940.tif,53,380,688.91,224.28,0.645,22.0
IXMtest_P19_s6_w10EBAD15B-2822-48B9-B9C8-4DF5D80AB940.tif,54,874,525.3,455.4,0.8796,33.36
IXMtest_P19_s6_w10EBAD15B-2822-48B9-B9C8-4DF5D80AB940.tif,55,733,416.48,22.98,0.8353,30.55
IXMtest_P19_s6_w10EBAD15B-2822-48B9-B9C8-4DF5D80AB940.tif,56,653,269.86,321.9,0.9535,28.83
IXMtest_P19_s6_w10EBAD15B-2822-48B9-B9C8-4DF5D80AB940.tif,57,949,203.28,241.09,0.8978,34.76
IXMtest_P19_s6_w10EBAD15B-2822-48B9-B9C8-4DF5D80AB940.tif,58,681,662.13,271.54,0.7689,29.45
IXMtest_P19_s6_w10EBAD15B-2822-48B9-B9C8-4DF5D80AB940.tif,59,682,523.11,20.28,0.8224,29.47
IXMtest_P19_s6_w10EBAD15B-2822-48B9-B9C8-4DF5D80AB940.tif,60,975,636.96,23.13,0.9001,35.23
IXMtest_P19_s6_w10EBAD15B-2822-48B9-B9C8-4DF5D80AB940.tif,61,467,280.57,116.25,0.9869,24.38
IXMtest_P19_s6_w10EBAD15B-2822-48B9-B9C8-4DF5D80AB940.tif,62,558,266.93,198.02,0.968,26.65
IXMtest_P19_s6_w10EBAD15B-2822-48B9-B9C8-4DF5D80AB940.tif,63,705,352.75,233.53,0.7422,29.96
IXMtest_P19_s6_w10EBAD15B-2822-48B9-B9C8-4DF5D80AB940.tif,64,627,528.46,324.94,0.8603,28.25
IXMtest_P19_s6_w10EBAD15B-2822-48B9-B9C8-4DF5D80AB940.tif,65,373,684.68,355.27,0.8339,21.79
IXMtest_P19_s6_w10EBAD15B-2822-48B9-B9C8-4DF5D80AB940.tif,66,426,162.94,400.18,0.8812,23.29
IXMtest_P19_s6_w10EBAD15B-2822-48B9-B9C8-4DF5D80AB940.tif,67,698,403.29,502.69,0.8006,29.81
IXMtest_P19_s6_w10EBAD15B-2822-48B9-B9C8-4DF5D80AB940.tif,68,118,588.22,516.1,0.7222,12.26
IXMtest_P19_s6_w10EBAD15B-2822-48B9-B9C8-4DF5D80AB940.tif,69,513,583.0,447.24,0.9332,25.56
IXMtest_P19_s6_w10EBAD15B-2822-48B9-B9C8-4DF5D80AB940.tif,70,722,237.33,17.45,0.6717,30.32
IXMtest_P19_s6_w10EBAD15B-2822-48B9-B9C8-4DF5D80AB940.tif,71,439,686.28,408.39,0.8611,23.64
IXMtest_P19_s6_w10EBAD15B-2822-48B9-B9C8-4DF5D80AB940.tif,72,230,43.2,512.42,0.8725,17.11
IXMtest_P19_s6_w10EBAD15B-2822-48B9-B9C8-4DF5D80AB940.tif,73,211,5.47,91.6,0.9329,16.39
IXMtest_P19_s6_w10EBAD15B-2822-48B9-B9C8-4DF5D80AB940.tif,74,473,586.63,419.57,0.9846,24.54
IXMtest_P19_s6_w10EBAD15B-2822-48B9-B9C8-4DF5D80AB940.tif,75,730,382.82,447.41,0.6964,30.49
IXMtest_P19_s6_w10EBAD15B-2822-48B9-B9C8-4DF5D80AB940.tif,76,967,218.06,371.85,0.3744,35.09
IXMtest_P19_s6_w10EBAD15B-2822-48B9-B9C8-4DF5D80AB940.tif,77,700,352.11,434.22,0.9254,29.85
IXMtest_P19_s6_w10EBAD15B-2822-48B9-B9C8-4DF5D80AB940.tif,78,356,685.89,331.21,0.8943,21.29
IXMtest_P19_s6_w10EBAD15B-2822-48B9-B9C8-4DF5D80AB940.tif,79,743,210.5,391.78,0.63,30.76
IXMtest_P19_s6_w10EBAD15B-2822-48B9-B9C8-4DF5D80AB940.tif,80,89,24.98,2.69,0.8138,10.65
IXMtest_P21_s4_w19B7DC88B-10BB-4B51-9A10-9E30285688C1.tif,1,391,564.23,511.59,0.6563,22.31
IXMtest_P21_s4_w19B7DC88B-10BB-4B51-9A10-9E30285688C1.tif,2,1059,458.54,71.64,0.7386,36.72
IXMtest_P21_s4_w19B7DC88B-10BB-4B51-9A10-9E30285688C1.tif,3,993,507.2,373.16,0.7532,35.56
IXMtest_P21_s4_w19B7DC88B-10BB-4B51-9A10-9E30285688C1.tif,4,850,412.83,148.12,0.7289,32.9
IXMtest_P21_s4_w19B7DC88B-10BB-4B51-9A10-9E30285688C1.tif,5,836,111.09,109.06,0.9033,32.63
IXMtest_P21_s4_w19B7DC88B-10BB-4B51-9A10-9E30285688C1.tif,6,820,165.59,152.15,0.8998,32.31
IXMtest_P21_s4_w19B7DC88B-10BB-4B51-9A10-9E30285688C1.tif,7,1082,291.51,360.93,0.7652,37.12
IXMtest_P21_s4_w19B7DC88B-10BB-4B51-9A10-9E30285688C1.tif,8,516,688.05,312.5,0.6269,25.63
IXMtest_P21_s4_w19B7DC88B-10BB-4B51-9A10-9E30285688C1.tif,9,980,417.73,275.33,0.6881,35.32
IXMtest_P21_s4_w19B7DC88B-10BB-4B51-9A10-9E30285688C1.tif,10,962,398.05,67.21,0.7102,35.0
IXMtest_P21_s4_w19B7DC88B-10BB-4B51-9A10-9E30285688C1.tif,11,561,485.27,435.58,0.8252,26.73
IXMtest_P21_s4_w19B7DC88B-10BB-4B51-9A10-9E30285688C1.tif,12,697,314.03,287.98,0.8934,29.79
IXMtest_P21_s4_w19B7DC88B-10BB-4B51-9A10-9E30285688C1.tif,13,791,472.52,144.4,0.7736,31.74
IXMtest_P21_s4_w19B7DC88B-10BB-4B51-9A10-9E30285688C1.tif,14,588,622.65,496.73,0.8497,27.36
IXMtest_P21_s4_w19B7DC88B-10BB-4B51-9A10-9E30285688C1.tif,15,598,678.82,473.71,0.889,27.59
IXMtest_P21_s4_w19B7DC88B-10BB-4B51-9A10-9E30285688C1.tif,16,733,547.43,292.9,0.8486,30.55
IXMtest_P21_s4_w19B7DC88B-10BB-4B51-9A10-9E30285688C1.tif,17,880,335.46,99.47,0.9029,33.47
IXMtest_P21_s4_w19B7DC88B-10BB-4B51-9A10-9E30285688C1.tif,18,752,307.27,35.2,0.9325,30.94
IXMtest_P21_s4_w19B7DC88B-10BB-4B51-9A10-9E30285688C1.tif,19,740,80.23,50.38,0.8864,30.7
IXMtest_P21_s4_w19B7DC88B-10BB-4B51-9A10-9E30285688C1.tif,20,822,226.09,228.35,0.8486,32.35
IXMtest_P21_s4_w19B7DC88B-10BB-4B51-9A10-9E30285688C1.tif,21,909,525.55,178.65,0.7304,34.02
IXMtest_P21_s4_w19B7DC88B-10BB-4B51-9A10-9E30285688C1.tif,22,730,292.59,236.05,0.8947,30.49
IXMtest_P21_s4_w19B7DC88B-10BB-4B51-9A10-9E30285688C1.tif,23,1062,409.59,226.58,0.9128,36.77
IXMtest_P21_s4_w19B7DC88B-10BB-4B51-9A10-9E30285688C1.tif,24,860,262.77,179.51,0.8603,33.09
IXMtest_P21_s4_w19B7DC88B-10BB-4B51-9A10-9E30285688C1.tif,25,512,214.71,15.72,0.9131,25.53
IXMtest_P21_s4_w19B7DC88B-10BB-4B51-9A10-9E30285688C1.tif,26,655,548.72,449.51,0.9231,28.88
IXMtest_P21_s4_w19B7DC88B-10BB-4B51-9A10-9E30285688C1.tif,27,725,427.74,461.89,0.8684,30.38
IXMtest_P21_s4_w19B7DC88B-10BB-4B51-9A10-9E30285688C1.tif,28,258,669.52,514.44,0.7177,18.12
IXMtest_P21_s4_w19B7DC88B-10BB-4B51-9A10-9E30285688C1.tif,29,789,319.97,196.37,0.9195,31.7
IXMtest_P21_s4_w19B7DC88B-10BB-4B51-9A10-9E30285688C1.tif,30,745,256.55,114.86,0.907,30.8
IXMtest_P21_s4_w19B7DC88B-10BB-4B51-9A10-9E30285688C1.tif,31,821,357.76,232.65,0.6727,32.33
IXMtest_P21_s4_w19B7DC88B-10BB-4B51-9A10-9E30285688C1.tif,32,1050,363.07,340.4,0.9113,36.56
IXMtest_P21_s4_w19B7DC88B-10BB-4B51-9A10-9E30285688C1.tif,33,655,213.65,81.03,0.9212,28.88
IXMtest_P21_s4_w19B7DC88B-10BB-4B51-9A10-9E30285688C1.tif,34,598,548.32,223.25,0.919,27.59
IXMtest_P21_s4_w19B7DC88B-10BB-4B51-9A10-9E30285688C1.tif,35,652,601.83,399.34,0.9123,28.81
IXMtest_P21_s4_w19B7DC88B-10BB-4B51-9A10-9E30285688C1.tif,36,689,594.7,103.64,0.9,29.62
IXMtest_P21_s4_w19B7DC88B-10BB-4B51-9A10-9E30285688C1.tif,37,765,580.11,354.09,0.8758,31.21
IXMtest_P21_s4_w19B7DC88B-10BB-4B51-9A10-9E30285688C1.tif,38,645,128.77,58.71,0.8869,28.66
IXMtest_P21_s4_w19B7DC88B-10BB-4B51-9A10-9E30285688C1.tif,39,919,427.36,343.33,0.7692,34.21
IXMtest_P21_s4_w19B7DC88B-10BB-4B51-9A10-9E30285688C1.tif,40,184,691.43,420.62,0.698,15.31
IXMtest_P21_s4_w19B7DC88B-10BB-4B51-9A10-9E30285688C1.tif,41,736,620.07,376.48,0.896,30.61
IXMtest_P21_s4_w19B7DC88B-10BB-4B51-9A10-9E30285688C1.tif,42,208,387.63,5.1,0.8395,16.27
IXMtest_P21_s4_w19B7DC88B-10BB-4B51-9A10-9E30285688C1.tif,43,625,476.91,280.19,0.879,28.21
IXMtest_P21_s4_w19B7DC88B-10BB-4B51-9A10-9E30285688C1.tif,44,644,585.71,329.96,0.784,28.64
IXMtest_P21_s4_w19B7DC88B-10BB-4B51-9A10-9E30285688C1.tif,45,331,446.31,510.6,0.8744,20.53
IXMtest_P21_s4_w19B7DC88B-10BB-4B51-9A10-9E30285688C1.tif,46,550,487.81,501.66,0.8656,26.46
IXMtest_P21_s4_w19B7DC88B-10BB-4B51-9A10-9E30285688C1.tif,47,525,159.41,26.97,0.7747,25.85
IXMtest_P21_s4_w19B7DC88B-10BB-4B51-9A10-9E30285688C1.tif,48,543,626.23,261.74,0.6932,26.29
IXMtest_P21_s4_w19B7DC88B-10BB-4B51-9A10-9E30285688C1.tif,49,550,534.95,105.29,0.9358,26.46
IXMtest_P21_s4_w19B7DC88B-10BB-4B51-9A10-9E30285688C1.tif,50,623,646.11,394.51,0.936,28.16
IXMtest_P21_s4_w19B7DC88B-10BB-4B51-9A10-9E30285688C1.tif,51,178,254.66,3.08,0.6485,15.05
IXMtest_P21_s4_w19B7DC88B-10BB-4B51-9A10-9E30285688C1.tif,52,150,50.44,2.64,0.6032,13.82
IXMtest_P21_s4_w19B7DC88B-10BB-4B51-9A10-9E30285688C1.tif,53,61,627.51,354.66,1.0,8.81
IXMtest_P21_s5_w1ACEBEE91-BAFA-49E6-9D97-D07197400A15.tif,1,1280,674.04,363.76,0.7744,40.37
IXMtest_P21_s5_w1ACEBEE91-BAFA-49E6-9D97-D07197400A15.tif,2,535,442.61,175.72,0.7372,26.1
IXMtest_P21_s5_w1ACEBEE91-BAFA-49E6-9D97-D07197400A15.tif,3,585,336.84,263.27,0.7772,27.29
IXMtest_P21_s5_w1ACEBEE91-BAFA-49E6-9D97-D07197400A15.tif,4,596,385.82,305.24,0.8721,27.55
IXMtest_P21_s5_w1ACEBEE91-BAFA-49E6-9D97-D07197400A15.tif,5,323,687.54,30.19,0.7644,20.28
IXMtest_P21_s5_w1ACEBEE91-BAFA-49E6-9D97-D07197400A15.tif,6,462,23.42,509.16,0.8575,24.25
IXMtest_P21_s5_w1ACEBEE91-BAFA-49E6-9D97-D07197400A15.tif,7,354,687.88,232.29,0.6902,21.23
IXMtest_P21_s5_w1ACEBEE91-BAFA-49E6-9D97-D07197400A15.tif,8,1898,156.51,45.47,0.6789,49.16
IXMtest_P21_s5_w1ACEBEE91-BAFA-49E6-9D97-D07197400A15.tif,9,1102,34.96,61.02,0.7489,37.46
IXMtest_P21_s5_w1ACEBEE91-BAFA-49E6-9D97-D07197400A15.tif,10,890,314.58,22.13,0.5067,33.66
IXMtest_P21_s5_w1ACEBEE91-BAFA-49E6-9D97-D07197400A15.tif,11,1134,56.96,400.96,0.6987,38.0
IXMtest_P21_s5_w1ACEBEE91-BAFA-49E6-9D97-D07197400A15.tif,12,521,469.02,511.18,0.7185,25.76
IXMtest_P21_s5_w1ACEBEE91-BAFA-49E6-9D97-D07197400A15.tif,13,678,306.47,75.36,0.7991,29.38
IXMtest_P21_s5_w1ACEBEE91-BAFA-49E6-9D97-D07197400A15.tif,14,589,320.44,210.3,0.8555,27.38
IXMtest_P21_s5_w1ACEBEE91-BAFA-49E6-9D97-D07197400A15.tif,15,701,323.31,366.72,0.7973,29.88
IXMtest_P21_s5_w1ACEBEE91-BAFA-49E6-9D97-D07197400A15.tif,16,755,115.88,194.34,0.8232,31.0
IXMtest_P21_s5_w1ACEBEE91-BAFA-49E6-9D97-D07197400A15.tif,17,1079,176.53,472.64,0.7581,37.07
IXMtest_P21_s5_w1ACEBEE91-BAFA-49E6-9D97-D07197400A15.tif,18,741,303.63,274.02,0.8328,30.72
IXMtest_P21_s5_w1ACEBEE91-BAFA-49E6-9D97-D07197400A15.tif,19,512,605.45,509.66,0.7997,25.53
IXMtest_P21_s5_w1ACEBEE91-BAFA-49E6-9D97-D07197400A15.tif,20,578,641.03,105.86,0.8206,27.13
IXMtest_P21_s5_w1ACEBEE91-BAFA-49E6-9D97-D07197400A15.tif,21,784,340.1,329.92,0.8738,31.59
IXMtest_P21_s5_w1ACEBEE91-BAFA-49E6-9D97-D07197400A15.tif,22,1447,141.85,396.29,0.745,42.92
IXMtest_P21_s5_w1ACEBEE91-BAFA-49E6-9D97-D07197400A15.tif,23,489,609.6,213.19,0.8844,24.95
IXMtest_P21_s5_w1ACEBEE91-BAFA-49E6-9D97-D07197400A15.tif,24,983,240.31,97.25,0.8255,35.38
IXMtest_P21_s5_w1ACEBEE91-BAFA-49E6-9D97-D07197400A15.tif,25,718,531.32,328.41,0.7894,30.24
IXMtest_P21_s5_w1ACEBEE91-BAFA-49E6-9D97-D07197400A15.tif,26,488,531.97,108.33,0.8534,24.93
IXMtest_P21_s5_w1ACEBEE91-BAFA-49E6-9D97-D07197400A15.tif,27,837,470.17,419.98,0.8963,32.65
IXMtest_P21_s5_w1ACEBEE91-BAFA-49E6-9D97-D07197400A15.tif,28,716,293.55,127.84,0.9307,30.19
IXMtest_P21_s5_w1ACEBEE91-BAFA-49E6-9D97-D07197400A15.tif,29,661,522.4,509.18,0.8515,29.01
IXMtest_P21_s5_w1ACEBEE91-BAFA-49E6-9D97-D07197400A15.tif,30,1099,438.12,215.34,0.9245,37.41
IXMtest_P21_s5_w1ACEBEE91-BAFA-49E6-9D97-D07197400A15.tif,31,547,569.99,172.01,0.9008,26.39
IXMtest_P21_s5_w1ACEBEE91-BAFA-49E6-9D97-D07197400A15.tif,32,1147,399.43,108.15,0.9046,38.22
IXMtest_P21_s5_w1ACEBEE91-BAFA-49E6-9D97-D07197400A15.tif,33,898,636.06,214.22,0.7857,33.81
IXMtest_P21_s5_w1ACEBEE91-BAFA-49E6-9D97-D07197400A15.tif,34,1260,50.05,184.22,0.7336,40.05
IXMtest_P21_s5_w1ACEBEE91-BAFA-49E6-9D97-D07197400A15.tif,35,601,280.31,505.47,0.6205,27.66
IXMtest_P21_s5_w1ACEBEE91-BAFA-49E6-9D97-D07197400A15.tif,36,906,176.66,258.9,0.7524,33.96
IXMtest_P21_s5_w1ACEBEE91-BAFA-49E6-9D97-D07197400A15.tif,37,878,533.33,69.19,0.8565,33.44
IXMtest_P21_s5_w1ACEBEE91-BAFA-49E6-9D97-D07197400A15.tif,38,951,321.71,417.7,0.905,34.8
IXMtest_P21_s5_w1ACEBEE91-BAFA-49E6-9D97-D07197400A15.tif,39,668,418.62,370.96,0.8875,29.16
IXMtest_P21_s5_w1ACEBEE91-BAFA-49E6-9D97-D07197400A15.tif,40,843,58.36,460.76,0.8037,32.76
IXMtest_P21_s5_w1ACEBEE91-BAFA-49E6-9D97-D07197400A15.tif,41,802,585.5,300.06,0.8573,31.96
IXMtest_P21_s5_w1ACEBEE91-BAFA-49E6-9D97-D07197400A15.tif,42,689,275.17,25.31,0.6721,29.62
IXMtest_P21_s5_w1ACEBEE91-BAFA-49E6-9D97-D07197400A15.tif,43,625,243.21,272.87,0.9263,28.21
IXMtest_P21_s5_w1ACEBEE91-BAFA-49E6-9D97-D07197400A15.tif,44,683,12.41,329.45,0.9101,29.49
IXMtest_P21_s5_w1ACEBEE91-BAFA-49E6-9D97-D07197400A15.tif,45,511,506.69,117.62,0.8529,25.51
IXMtest_P21_s5_w1ACEBEE91-BAFA-49E6-9D97-D07197400A15.tif,46,655,614.41,77.49,0.7735,28.88
IXMtest_P21_s5_w1ACEBEE91-BAFA-49E6-9D97-D07197400A15.tif,47,802,609.64,368.61,0.8956,31.96
IXMtest_P21_s5_w1ACEBEE91-BAFA-49E6-9D97-D07197400A15.tif,48,889,93.03,26.95,0.9219,33.64
IXMtest_P21_s5_w1ACEBEE91-BAFA-49E6-9D97-D07197400A15.tif,49,745,365.5,58.6,0.8723,30.8
IXMtest_P21_s5_w1ACEBEE91-BAFA-49E6-9D97-D07197400A15.tif,50,892,486.75,376.07,0.9492,33.7
IXMtest_P21_s5_w1ACEBEE91-BAFA-49E6-9D97-D07197400A15.tif,51,612,248.51,327.49,0.8373,27.91
IXMtest_P21_s5_w1ACEBEE91-BAFA-49E6-9D97-D07197400A15.tif,52,956,466.03,32.73,0.8496,34.89
IXMtest_P21_s5_w1ACEBEE91-BAFA-49E6-9D97-D07197400A15.tif,53,713,621.13,27.44,0.8988,30.13
IXMtest_P21_s5_w1ACEBEE91-BAFA-49E6-9D97-D07197400A15.tif,54,645,127.72,249.05,0.8154,28.66
IXMtest_P21_s5_w1ACEBEE91-BAFA-49E6-9D97-D07197400A15.tif,55,971,391.47,414.4,0.9055,35.16
IXMtest_P21_s5_w1ACEBEE91-BAFA-49E6-9D97-D07197400A15.tif,56,1525,137.32,142.76,0.5784,44.06
IXMtest_P21_s5_w1ACEBEE91-BAFA-49E6-9D97-D07197400A15.tif,57,810,652.87,264.63,0.9188,32.11
IXMtest_P21_s5_w1ACEBEE91-BAFA-49E6-9D97-D07197400A15.tif,58,883,666.18,323.55,0.8018,33.53
IXMtest_P21_s5_w1ACEBEE91-BAFA-49E6-9D97-D07197400A15.tif,59,665,545.64,383.41,0.949,29.1
IXMtest_P21_s5_w1ACEBEE91-BAFA-49E6-9D97-D07197400A15.tif,60,591,463.84,88.89,0.863,27.43
IXMtest_P21_s5_w1ACEBEE91-BAFA-49E6-9D97-D07197400A15.tif,61,680,214.25,444.86,0.8278,29.42
IXMtest_P21_s5_w1ACEBEE91-BAFA-49E6-9D97-D07197400A15.tif,62,1371,506.16,264.07,0.9004,41.78
IXMtest_P21_s5_w1ACEBEE91-BAFA-49E6-9D97-D07197400A15.tif,63,665,627.57,170.37,0.9589,29.1
IXMtest_P21_s5_w1ACEBEE91-BAFA-49E6-9D97-D07197400A15.tif,64,360,542.51,7.18,0.7874,21.41
IXMtest_P21_s5_w1ACEBEE91-BAFA-49E6-9D97-D07197400A15.tif,65,324,408.8,7.97,0.8857,20.31
IXMtest_P21_s5_w1ACEBEE91-BAFA-49E6-9D97-D07197400A15.tif,66,600,384.89,503.53,0.8986,27.64
IXMtest_P21_s5_w1ACEBEE91-BAFA-49E6-9D97-D07197400A15.tif,67,552,394.81,250.03,0.9213,26.51
IXMtest_P21_s5_w1ACEBEE91-BAFA-49E6-9D97-D07197400A15.tif,68,563,342.47,470.9,0.9579,26.77
IXMtest_P21_s5_w1ACEBEE91-BAFA-49E6-9D97-D07197400A15.tif,69,695,245.93,215.08,0.8519,29.75
IXMtest_P21_s5_w1ACEBEE91-BAFA-49E6-9D97-D07197400A15.tif,70,676,225.97,167.1,0.8605,29.34
IXMtest_P21_s5_w1ACEBEE91-BAFA-49E6-9D97-D07197400A15.tif,71,612,663.53,443.44,0.8607,27.91
IXMtest_P21_s5_w1ACEBEE91-BAFA-49E6-9D97-D07197400A15.tif,72,587,588.29,136.0,0.9119,27.34
IXMtest_P21_s5_w1ACEBEE91-BAFA-49E6-9D97-D07197400A15.tif,73,889,260.45,441.73,0.8947,33.64
IXMtest_P21_s5_w1ACEBEE91-BAFA-49E6-9D97-D07197400A15.tif,74,464,207.55,401.44,0.8295,24.31
IXMtest_P21_s5_w1ACEBEE91-BAFA-49E6-9D97-D07197400A15.tif,75,492,199.49,12.09,0.9318,25.03
IXMtest_P21_s5_w1ACEBEE91-BAFA-49E6-9D97-D07197400A15.tif,76,232,229.8,6.17,0.7634,17.19
IXMtest_P21_s5_w1ACEBEE91-BAFA-49E6-9D97-D07197400A15.tif,77,464,382.16,466.93,0.9046,24.31
IXMtest_P21_s5_w1ACEBEE91-BAFA-49E6-9D97-D07197400A15.tif,78,417,534.4,163.92,0.9868,23.04
IXMtest_P21_s5_w1ACEBEE91-BAFA-49E6-9D97-D07197400A15.tif,79,880,603.09,447.42,0.836,33.47
IXMtest_P21_s5_w1ACEBEE91-BAFA-49E6-9D97-D07197400A15.tif,80,547,197.91,163.09,0.7325,26.39
IXMtest_P21_s5_w1ACEBEE91-BAFA-49E6-9D97-D07197400A15.tif,81,317,220.25,511.84,0.8518,20.09
IXMtest_P21_s5_w1ACEBEE91-BAFA-49E6-9D97-D07197400A15.tif,82,630,570.56,489.82,0.9386,28.32
IXMtest_P21_s5_w1ACEBEE91-BAFA-49E6-9D97-D07197400A15.tif,83,247,585.28,7.28,0.8999,17.73
IXMtest_P21_s5_w1ACEBEE91-BAFA-49E6-9D97-D07197400A15.tif,84,378,465.0,163.07,0.9277,21.94
IXMtest_P21_s5_w1ACEBEE91-BAFA-49E6-9D97-D07197400A15.tif,85,533,648.32,477.2,0.9451,26.05
IXMtest_P21_s5_w1ACEBEE91-BAFA-49E6-9D97-D07197400A15.tif,86,260,678.48,511.95,0.8789,18.19
IXMtest_P21_s5_w1ACEBEE91-BAFA-49E6-9D97-D07197400A15.tif,87,1232,77.79,280.6,0.5104,39.61
IXMtest_P21_s5_w1ACEBEE91-BAFA-49E6-9D97-D07197400A15.tif,88,1245,451.77,273.37,0.4964,39.81
IXMtest_P21_s5_w1ACEBEE91-BAFA-49E6-9D97-D07197400A15.tif,89,1187,437.35,473.18,0.2834,38.88
IXMtest_P21_s5_w1ACEBEE91-BAFA-49E6-9D97-D07197400A15.tif,90,497,535.3,454.1,0.8476,25.16
IXMtest_P21_s5_w1ACEBEE91-BAFA-49E6-9D97-D07197400A15.tif,91,690,565.05,446.45,0.895,29.64
IXMtest_P21_s5_w1ACEBEE91-BAFA-49E6-9D97-D07197400A15.tif,92,77,375.73,2.31,0.8252,9.9
IXMtest_P21_s5_w1ACEBEE91-BAFA-49E6-9D97-D07197400A15.tif,93,667,454.5,484.48,0.7366,29.14
IXMtest_P23_s7_w13B627CB9-6C57-4049-AAD7-6468A051DD24.tif,1,673,170.97,192.65,0.8773,29.27
IXMtest_P23_s7_w13B627CB9-6C57-4049-AAD7-6468A051DD24.tif,2,990,442.15,80.78,0.8748,35.5
IXMtest_P23_s7_w13B627CB9-6C57-4049-AAD7-6468A051DD24.tif,3,664,418.62,224.37,0.8194,29.08
IXMtest_P23_s7_w13B627CB9-6C57-4049-AAD7-6468A051DD24.tif,4,464,319.19,360.47,0.9514,24.31
IXMtest_P23_s7_w13B627CB9-6C57-4049-AAD7-6468A051DD24.tif,5,675,216.23,7.92,0.5419,29.32
IXMtest_P23_s7_w13B627CB9-6C57-4049-AAD7-6468A051DD24.tif,6,371,335.79,88.42,0.856,21.73
IXMtest_P23_s7_w13B627CB9-6C57-4049-AAD7-6468A051DD24.tif,7,694,24.55,264.56,0.8352,29.73
IXMtest_P23_s7_w13B627CB9-6C57-4049-AAD7-6468A051DD24.tif,8,396,370.06,315.46,0.9746,22.45
IXMtest_P23_s7_w13B627CB9-6C57-4049-AAD7-6468A051DD24.tif,9,779,91.11,496.74,0.7778,31.49
IXMtest_P23_s9_w1CA355675-EEC7-40B6-82C8-DC7E52A7A825.tif,1,2390,241.38,253.99,0.4172,55.16
IXMtest_P23_s9_w1CA355675-EEC7-40B6-82C8-DC7E52A7A825.tif,2,932,171.12,258.75,0.5883,34.45
IXMtest_P23_s9_w1CA355675-EEC7-40B6-82C8-DC7E52A7A825.tif,3,2173,66.05,480.06,0.4441,52.6
IXMtest_P23_s9_w1CA355675-EEC7-40B6-82C8-DC7E52A7A825.tif,4,450,617.83,512.07,0.6761,23.94
IXMtest_P23_s9_w1CA355675-EEC7-40B6-82C8-DC7E52A7A825.tif,5,485,199.57,508.35,0.814,24.85
IXMtest_P23_s9_w1CA355675-EEC7-40B6-82C8-DC7E52A7A825.tif,6,648,130.27,263.96,0.6673,28.72
IXMtest_P23_s9_w1CA355675-EEC7-40B6-82C8-DC7E52A7A825.tif,7,1563,472.11,407.46,0.3525,44.61
IXMtest_P23_s9_w1CA355675-EEC7-40B6-82C8-DC7E52A7A825.tif,8,1366,579.29,40.83,0.5242,41.7
IXMtest_P23_s9_w1CA355675-EEC7-40B6-82C8-DC7E52A7A825.tif,9,1117,193.34,399.98,0.7999,37.71
IXMtest_P23_s9_w1CA355675-EEC7-40B6-82C8-DC7E52A7A825.tif,10,606,167.09,500.07,0.7157,27.78
IXMtest_P23_s9_w1CA355675-EEC7-40B6-82C8-DC7E52A7A825.tif,11,1570,663.03,299.14,0.4615,44.71
IXMtest_P23_s9_w1CA355675-EEC7-40B6-82C8-DC7E52A7A825.tif,12,642,493.27,243.63,0.8229,28.59
IXMtest_P23_s9_w1CA355675-EEC7-40B6-82C8-DC7E52A7A825.tif,13,868,464.2,364.94,0.8013,33.24
IXMtest_P23_s9_w1CA355675-EEC7-40B6-82C8-DC7E52A7A825.tif,14,959,239.42,328.45,0.7766,34.94
IXMtest_P23_s9_w1CA355675-EEC7-40B6-82C8-DC7E52A7A825.tif,15,590,645.54,106.15,0.6799,27.41
IXMtest_P23_s9_w1CA355675-EEC7-40B6-82C8-DC7E52A7A825.tif,16,267,236.19,510.93,0.789,18.44
IXMtest_P23_s9_w1CA355675-EEC7-40B6-82C8-DC7E52A7A825.tif,17,499,97.57,9.57,0.8538,25.21
IXMtest_P23_s9_w1CA355675-EEC7-40B6-82C8-DC7E52A7A825.tif,18,924,630.28,270.06,0.7571,34.3
IXMtest_P23_s9_w1CA355675-EEC7-40B6-82C8-DC7E52A7A825.tif,19,394,687.22,499.29,0.8009,22.4
IXMtest_P23_s9_w1CA355675-EEC7-40B6-82C8-DC7E52A7A825.tif,20,1874,369.24,187.33,0.4075,48.85
IXMtest_P23_s9_w1CA355675-EEC7-40B6-82C8-DC7E52A7A825.tif,21,789,97.71,203.33,0.8343,31.7
IXMtest_P23_s9_w1CA355675-EEC7-40B6-82C8-DC7E52A7A825.tif,22,1646,630.17,417.44,0.7486,45.78
IXMtest_P23_s9_w1CA355675-EEC7-40B6-82C8-DC7E52A7A825.tif,23,603,496.83,320.6,0.8309,27.71
IXMtest_P23_s9_w1CA355675-EEC7-40B6-82C8-DC7E52A7A825.tif,24,893,21.9,45.48,0.936,33.72
IXMtest_P23_s9_w1CA355675-EEC7-40B6-82C8-DC7E52A7A825.tif,25,920,156.89,156.45,0.6756,34.23
IXMtest_P23_s9_w1CA355675-EEC7-40B6-82C8-DC7E52A7A825.tif,26,917,202.72,191.45,0.7472,34.17
IXMtest_P23_s9_w1CA355675-EEC7-40B6-82C8-DC7E52A7A825.tif,27,603,9.93,501.11,0.8075,27.71
IXMtest_P23_s9_w1CA355675-EEC7-40B6-82C8-DC7E52A7A825.tif,28,874,647.75,201.31,0.9444,33.36
IXMtest_P23_s9_w1CA355675-EEC7-40B6-82C8-DC7E52A7A825.tif,29,633,436.94,450.32,0.9099,28.39
IXMtest_P23_s9_w1CA355675-EEC7-40B6-82C8-DC7E52A7A825.tif,30,875,479.33,198.31,0.7589,33.38
IXMtest_P23_s9_w1CA355675-EEC7-40B6-82C8-DC7E52A7A825.tif,31,664,514.15,266.12,0.81,29.08
IXMtest_P23_s9_w1CA355675-EEC7-40B6-82C8-DC7E52A7A825.tif,32,716,121.43,443.8,0.8939,30.19
IXMtest_P23_s9_w1CA355675-EEC7-40B6-82C8-DC7E52A7A825.tif,33,842,629.42,87.42,0.8693,32.74
IXMtest_P23_s9_w1CA355675-EEC7-40B6-82C8-DC7E52A7A825.tif,34,691,82.13,150.26,0.8963,29.66
IXMtest_P23_s9_w1CA355675-EEC7-40B6-82C8-DC7E52A7A825.tif,35,1233,80.7,48.84,0.7935,39.62
IXMtest_P23_s9_w1CA355675-EEC7-40B6-82C8-DC7E52A7A825.tif,36,865,52.53,240.09,0.8706,33.19
IXMtest_P23_s9_w1CA355675-EEC7-40B6-82C8-DC7E52A7A825.tif,37,726,520.19,58.75,0.8959,30.4
IXMtest_P23_s9_w1CA355675-EEC7-40B6-82C8-DC7E52A7A825.tif,38,593,390.73,457.45,0.8358,27.48
IXMtest_P23_s9_w1CA355675-EEC7-40B6-82C8-DC7E52A7A825.tif,39,540,376.8,66.06,0.9498,26.22
IXMtest_P23_s9_w1CA355675-EEC7-40B6-82C8-DC7E52A7A825.tif,40,568,259.15,83.14,0.9058,26.89
IXMtest_P23_s9_w1CA355675-EEC7-40B6-82C8-DC7E52A7A825.tif,41,1280,392.84,338.66,0.8461,40.37
IXMtest_P23_s9_w1CA355675-EEC7-40B6-82C8-DC7E52A7A825.tif,42,561,419.89,118.54,0.9416,26.73
IXMtest_P23_s9_w1CA355675-EEC7-40B6-82C8-DC7E52A7A825.tif,43,774,602.74,153.67,0.9209,31.39
IXMtest_P23_s9_w1CA355675-EEC7-40B6-82C8-DC7E52A7A825.tif,44,794,25.98,388.26,0.8596,31.8
IXMtest_P23_s9_w1CA355675-EEC7-40B6-82C8-DC7E52A7A825.tif,45,612,336.21,330.19,0.8983,27.91
IXMtest_P23_s9_w1CA355675-EEC7-40B6-82C8-DC7E52A7A825.tif,46,754,670.55,362.97,0.9286,30.98
IXMtest_P23_s9_w1CA355675-EEC7-40B6-82C8-DC7E52A7A825.tif,47,1336,517.64,497.75,0.5285,41.24
IXMtest_P23_s9_w1CA355675-EEC7-40B6-82C8-DC7E52A7A825.tif,48,694,20.25,113.78,0.8958,29.73
IXMtest_P23_s9_w1CA355675-EEC7-40B6-82C8-DC7E52A7A825.tif,49,1727,228.31,469.0,0.5177,46.89
IXMtest_P23_s9_w1CA355675-EEC7-40B6-82C8-DC7E52A7A825.tif,50,657,250.07,192.54,0.8422,28.92
IXMtest_P23_s9_w1CA355675-EEC7-40B6-82C8-DC7E52A7A825.tif,51,727,29.08,282.62,0.8323,30.42
IXMtest_P23_s9_w1CA355675-EEC7-40B6-82C8-DC7E52A7A825.tif,52,755,299.42,463.55,0.9584,31.0
IXMtest_P23_s9_w1CA355675-EEC7-40B6-82C8-DC7E52A7A825.tif,53,627,320.0,361.46,0.8947,28.25
IXMtest_P23_s9_w1CA355675-EEC7-40B6-82C8-DC7E52A7A825.tif,54,912,568.13,232.4,0.8455,34.08
IXMtest_P23_s9_w1CA355675-EEC7-40B6-82C8-DC7E52A7A825.tif,55,1996,157.28,330.34,0.5481,50.41
IXMtest_P23_s9_w1CA355675-EEC7-40B6-82C8-DC7E52A7A825.tif,56,828,309.82,421.62,0.9288,32.47
IXMtest_P23_s9_w1CA355675-EEC7-40B6-82C8-DC7E52A7A825.tif,57,852,683.72,105.82,0.7729,32.94
IXMtest_P23_s9_w1CA355675-EEC7-40B6-82C8-DC7E52A7A825.tif,58,754,560.02,462.21,0.8632,30.98
IXMtest_P23_s9_w1CA355675-EEC7-40B6-82C8-DC7E52A7A825.tif,59,627,374.96,266.51,0.8414,28.25
IXMtest_P23_s9_w1CA355675-EEC7-40B6-82C8-DC7E52A7A825.tif,60,749,261.53,139.69,0.7364,30.88
IXMtest_P23_s9_w1CA355675-EEC7-40B6-82C8-DC7E52A7A825.tif,61,629,469.14,136.13,0.9301,28.3
IXMtest_P23_s9_w1CA355675-EEC7-40B6-82C8-DC7E52A7A825.tif,62,1200,286.8,315.45,0.5696,39.09
IXMtest_P23_s9_w1CA355675-EEC7-40B6-82C8-DC7E52A7A825.tif,63,768,645.2,21.3,0.9113,31.27
IXMtest_P23_s9_w1CA355675-EEC7-40B6-82C8-DC7E52A7A825.tif,64,578,485.47,25.7,0.9319,27.13
IXMtest_P23_s9_w1CA355675-EEC7-40B6-82C8-DC7E52A7A825.tif,65,858,120.05,99.78,0.837,33.05
IXMtest_P23_s9_w1CA355675-EEC7-40B6-82C8-DC7E52A7A825.tif,66,1186,240.14,365.02,0.7735,38.86
IXMtest_P23_s9_w1CA355675-EEC7-40B6-82C8-DC7E52A7A825.tif,67,597,665.4,473.21,0.8875,27.57
IXMtest_P23_s9_w1CA355675-EEC7-40B6-82C8-DC7E52A7A825.tif,68,633,94.31,334.8,0.8003,28.39
IXMtest_P23_s9_w1CA355675-EEC7-40B6-82C8-DC7E52A7A825.tif,69,599,310.25,147.8,0.8746,27.62
IXMtest_P23_s9_w1CA355675-EEC7-40B6-82C8-DC7E52A7A825.tif,70,686,417.55,219.79,0.9095,29.55
IXMtest_P23_s9_w1CA355675-EEC7-40B6-82C8-DC7E52A7A825.tif,71,761,123.0,387.4,0.881,31.13
IXMtest_P23_s9_w1CA355675-EEC7-40B6-82C8-DC7E52A7A825.tif,72,682,304.38,189.1,0.7135,29.47
IXMtest_P23_s9_w1CA355675-EEC7-40B6-82C8-DC7E52A7A825.tif,73,566,303.13,81.05,0.9425,26.84
IXMtest_P23_s9_w1CA355675-EEC7-40B6-82C8-DC7E52A7A825.tif,74,524,360.43,100.94,0.9668,25.83
IXMtest_P23_s9_w1CA355675-EEC7-40B6-82C8-DC7E52A7A825.tif,75,599,522.41,380.64,0.9255,27.62
IXMtest_P23_s9_w1CA355675-EEC7-40B6-82C8-DC7E52A7A825.tif,76,623,334.48,288.22,0.8871,28.16
IXMtest_P23_s9_w1CA355675-EEC7-40B6-82C8-DC7E52A7A825.tif,77,594,589.3,425.89,0.8673,27.5
IXMtest_P23_s9_w1CA355675-EEC7-40B6-82C8-DC7E52A7A825.tif,78,613,407.68,498.34,0.9113,27.94
IXMtest_P23_s9_w1CA355675-EEC7-40B6-82C8-DC7E52A7A825.tif,79,733,90.33,405.94,0.8503,30.55
IXMtest_P23_s9_w1CA355675-EEC7-40B6-82C8-DC7E52A7A825.tif,80,565,316.08,51.09,0.9483,26.82
IXMtest_P23_s9_w1CA355675-EEC7-40B6-82C8-DC7E52A7A825.tif,81,684,256.53,50.74,0.8581,29.51
IXMtest_P23_s9_w1CA355675-EEC7-40B6-82C8-DC7E52A7A825.tif,82,438,37.1,182.48,0.8848,23.62
IXMtest_P23_s9_w1CA355675-EEC7-40B6-82C8-DC7E52A7A825.tif,83,526,148.5,30.9,0.9648,25.88
IXMtest_P23_s9_w1CA355675-EEC7-40B6-82C8-DC7E52A7A825.tif,84,692,325.53,215.57,0.8724,29.68
IXMtest_P23_s9_w1CA355675-EEC7-40B6-82C8-DC7E52A7A825.tif,85,573,589.4,323.8,0.9067,27.01
IXMtest_P23_s9_w1CA355675-EEC7-40B6-82C8-DC7E52A7A825.tif,86,626,545.33,304.46,0.8008,28.23
IXMtest_P23_s9_w1CA355675-EEC7-40B6-82C8-DC7E52A7A825.tif,87,717,112.36,304.52,0.9506,30.21
IXMtest_P23_s9_w1CA355675-EEC7-40B6-82C8-DC7E52A7A825.tif,88,94,367.02,516.66,0.7121,10.94
IXMtest_P23_s9_w1CA355675-EEC7-40B6-82C8-DC7E52A7A825.tif,89,638,307.92,16.32,0.8881,28.5
IXMtest_P23_s9_w1CA355675-EEC7-40B6-82C8-DC7E52A7A825.tif,90,697,66.59,342.48,0.6323,29.79
IXMtest_P23_s9_w1CA355675-EEC7-40B6-82C8-DC7E52A7A825.tif,91,961,140.37,468.59,0.8247,34.98
IXMtest_P23_s9_w1CA355675-EEC7-40B6-82C8-DC7E52A7A825.tif,92,187,359.91,4.36,0.8643,15.43
IXMtest_P23_s9_w1CA355675-EEC7-40B6-82C8-DC7E52A7A825.tif,93,146,692.46,459.06,0.5871,13.63
IXMtest_P23_s9_w1CA355675-EEC7-40B6-82C8-DC7E52A7A825.tif,94,625,493.11,479.58,0.9411,28.21
IXMtest_P23_s9_w1CA355675-EEC7-40B6-82C8-DC7E52A7A825.tif,95,623,635.02,480.55,0.6026,28.16
IXMtest_P23_s9_w1CA355675-EEC7-40B6-82C8-DC7E52A7A825.tif,96,604,205.15,22.38,0.8469,27.73
IXMtest_P23_s9_w1CA355675-EEC7-40B6-82C8-DC7E52A7A825.tif,97,156,521.09,4.84,0.9547,14.09
IXMtest_P23_s9_w1CA355675-EEC7-40B6-82C8-DC7E52A7A825.tif,98,801,582.16,103.72,0.9335,31.94
IXMtest_P23_s9_w1CA355675-EEC7-40B6-82C8-DC7E52A7A825.tif,99,480,561.1,88.42,0.8909,24.72
IXMtest_P23_s9_w1CA355675-EEC7-40B6-82C8-DC7E52A7A825.tif,100,608,188.32,38.19,0.8721,27.82
IXMtest_P24_s9_w13AC6C03C-E8D7-4A23-B649-514BB4052F52.tif,1,530,11.42,226.77,0.7658,25.98
IXMtest_P24_s9_w13AC6C03C-E8D7-4A23-B649-514BB4052F52.tif,2,626,325.27,414.41,0.8546,28.23
IXMtest_P24_s9_w13AC6C03C-E8D7-4A23-B649-514BB4052F52.tif,3,882,591.42,229.55,0.7491,33.51
IXMtest_P24_s9_w13AC6C03C-E8D7-4A23-B649-514BB4052F52.tif,4,746,23.27,155.03,0.743,30.82
IXMtest_P24_s9_w13AC6C03C-E8D7-4A23-B649-514BB4052F52.tif,5,585,34.89,421.92,0.9019,27.29
IXMtest_P24_s9_w13AC6C03C-E8D7-4A23-B649-514BB4052F52.tif,6,1009,466.7,251.0,0.8894,35.84
IXMtest_P24_s9_w13AC6C03C-E8D7-4A23-B649-514BB4052F52.tif,7,827,128.86,141.25,0.8856,32.45
IXMtest_P24_s9_w13AC6C03C-E8D7-4A23-B649-514BB4052F52.tif,8,741,340.82,384.17,0.7589,30.72
IXMtest_P24_s9_w13AC6C03C-E8D7-4A23-B649-514BB4052F52.tif,9,614,80.23,67.53,0.8257,27.96
IXMtest_P24_s9_w13AC6C03C-E8D7-4A23-B649-514BB4052F52.tif,10,720,131.95,450.86,0.9184,30.28
IXMtest_P24_s9_w13AC6C03C-E8D7-4A23-B649-514BB4052F52.tif,11,951,71.97,138.76,0.8585,34.8
IXMtest_P24_s9_w13AC6C03C-E8D7-4A23-B649-514BB4052F52.tif,12,746,557.37,265.04,0.7674,30.82
IXMtest_P24_s9_w13AC6C03C-E8D7-4A23-B649-514BB4052F52.tif,13,1121,516.85,65.43,0.7696,37.78
IXMtest_P24_s9_w13AC6C03C-E8D7-4A23-B649-514BB4052F52.tif,14,851,508.4,220.13,0.7416,32.92
IXMtest_P24_s9_w13AC6C03C-E8D7-4A23-B649-514BB4052F52.tif,15,1042,309.6,271.82,0.6839,36.42
IXMtest_P24_s9_w13AC6C03C-E8D7-4A23-B649-514BB4052F52.tif,16,842,349.19,17.98,0.827,32.74
IXMtest_P24_s9_w13AC6C03C-E8D7-4A23-B649-514BB4052F52.tif,17,1003,39.8,349.56,0.8656,35.74
IXMtest_P24_s9_w13AC6C03C-E8D7-4A23-B649-514BB4052F52.tif,18,530,294.05,508.78,0.8612,25.98
IXMtest_P24_s9_w13AC6C03C-E8D7-4A23-B649-514BB4052F52.tif,19,231,6.57,377.81,0.7661,17.15
IXMtest_P24_s9_w13AC6C03C-E8D7-4A23-B649-514BB4052F52.tif,20,1984,438.18,348.86,0.4412,50.26
IXMtest_P24_s9_w13AC6C03C-E8D7-4A23-B649-514BB4052F52.tif,21,712,408.32,169.53,0.8092,30.11
IXMtest_P24_s9_w13AC6C03C-E8D7-4A23-B649-514BB4052F52.tif,22,790,602.82,184.68,0.8498,31.72
IXMtest_P24_s9_w13AC6C03C-E8D7-4A23-B649-514BB4052F52.tif,23,735,681.57,478.46,0.9121,30.59
IXMtest_P24_s9_w13AC6C03C-E8D7-4A23-B649-514BB4052F52.tif,24,808,569.91,143.19,0.8731,32.07
IXMtest_P24_s9_w13AC6C03C-E8D7-4A23-B649-514BB4052F52.tif,25,740,54.13,299.67,0.8763,30.7
IXMtest_P24_s9_w13AC6C03C-E8D7-4A23-B649-514BB4052F52.tif,26,741,609.13,127.09,0.9452,30.72
IXMtest_P24_s9_w13AC6C03C-E8D7-4A23-B649-514BB4052F52.tif,27,894,641.22,360.6,0.9133,33.74
IXMtest_P24_s9_w13AC6C03C-E8D7-4A23-B649-514BB4052F52.tif,28,729,320.78,342.51,0.811,30.47
IXMtest_P24_s9_w13AC6C03C-E8D7-4A23-B649-514BB4052F52.tif,29,678,319.35,450.52,0.8795,29.38
IXMtest_P24_s9_w13AC6C03C-E8D7-4A23-B649-514BB4052F52.tif,30,807,514.74,178.71,0.7974,32.05
IXMtest_P24_s9_w13AC6C03C-E8D7-4A23-B649-514BB4052F52.tif,31,635,685.85,415.83,0.7222,28.43
IXMtest_P24_s9_w13AC6C03C-E8D7-4A23-B649-514BB4052F52.tif,32,831,269.41,322.19,0.7731,32.53
IXMtest_P24_s9_w13AC6C03C-E8D7-4A23-B649-514BB4052F52.tif,33,760,673.14,299.96,0.8051,31.11
IXMtest_P24_s9_w13AC6C03C-E8D7-4A23-B649-514BB4052F52.tif,34,995,308.59,205.67,0.8686,35.59
IXMtest_P24_s9_w13AC6C03C-E8D7-4A23-B649-514BB4052F52.tif,35,497,54.92,510.03,0.8013,25.16
IXMtest_P24_s9_w13AC6C03C-E8D7-4A23-B649-514BB4052F52.tif,36,647,379.72,284.96,0.9119,28.7
IXMtest_P24_s9_w13AC6C03C-E8D7-4A23-B649-514BB4052F52.tif,37,761,143.46,228.35,0.8827,31.13
IXMtest_P24_s9_w13AC6C03C-E8D7-4A23-B649-514BB4052F52.tif,38,658,448.01,113.71,0.9207,28.94
IXMtest_P24_s9_w13AC6C03C-E8D7-4A23-B649-514BB4052F52.tif,39,909,336.49,129.45,0.8323,34.02
IXMtest_P24_s9_w13AC6C03C-E8D7-4A23-B649-514BB4052F52.tif,40,530,427.36,303.15,0.9017,25.98
IXMtest_P24_s9_w13AC6C03C-E8D7-4A23-B649-514BB4052F52.tif,41,681,121.37,297.42,0.8291,29.45
IXMtest_P24_s9_w13AC6C03C-E8D7-4A23-B649-514BB4052F52.tif,42,236,4.36,437.06,0.7208,17.33
IXMtest_P24_s9_w13AC6C03C-E8D7-4A23-B649-514BB4052F52.tif,43,696,595.56,300.84,0.8203,29.77
IXMtest_P24_s9_w13AC6C03C-E8D7-4A23-B649-514BB4052F52.tif,44,706,359.7,215.9,0.8653,29.98
IXMtest_P24_s9_w13AC6C03C-E8D7-4A23-B649-514BB4052F52.tif,45,1099,210.2,179.56,0.9193,37.41
IXMtest_P24_s9_w13AC6C03C-E8D7-4A23-B649-514BB4052F52.tif,46,1204,219.17,283.54,0.9237,39.15
IXMtest_P24_s9_w13AC6C03C-E8D7-4A23-B649-514BB4052F52.tif,47,605,521.75,122.62,0.8336,27.75
IXMtest_P24_s9_w13AC6C03C-E8D7-4A23-B649-514BB4052F52.tif,48,979,667.7,58.96,0.8483,35.31
IXMtest_P24_s9_w13AC6C03C-E8D7-4A23-B649-514BB4052F52.tif,49,319,688.0,166.24,0.8368,20.15
IXMtest_P24_s9_w13AC6C03C-E8D7-4A23-B649-514BB4052F52.tif,50,1104,79.87,231.65,0.71,37.49
IXMtest_P24_s9_w13AC6C03C-E8D7-4A23-B649-514BB4052F52.tif,51,680,597.7,78.56,0.935,29.42
IXMtest_P24_s9_w13AC6C03C-E8D7-4A23-B649-514BB4052F52.tif,52,1072,666.44,114.37,0.9396,36.94
IXMtest_P24_s9_w13AC6C03C-E8D7-4A23-B649-514BB4052F52.tif,53,728,408.41,378.86,0.9178,30.45
IXMtest_P24_s9_w13AC6C03C-E8D7-4A23-B649-514BB4052F52.tif,54,730,508.75,15.52,0.9052,30.49
IXMtest_P24_s9_w13AC6C03C-E8D7-4A23-B649-514BB4052F52.tif,55,709,59.39,445.69,0.9062,30.05
IXMtest_P24_s9_w13AC6C03C-E8D7-4A23-B649-514BB4052F52.tif,56,704,639.68,491.66,0.9177,29.94
IXMtest_P24_s9_w13AC6C03C-E8D7-4A23-B649-514BB4052F52.tif,57,510,83.66,95.94,0.9278,25.48
IXMtest_P24_s9_w13AC6C03C-E8D7-4A23-B649-514BB4052F52.tif,58,520,664.37,243.62,0.9515,25.73
IXMtest_P24_s9_w13AC6C03C-E8D7-4A23-B649-514BB4052F52.tif,59,525,618.62,40.96,0.9687,25.85
IXMtest_P24_s9_w13AC6C03C-E8D7-4A23-B649-514BB4052F52.tif,60,1014,395.7,67.17,0.8322,35.93
IXMtest_P24_s9_w13AC6C03C-E8D7-4A23-B649-514BB4052F52.tif,61,542,633.85,235.03,0.9025,26.27
IXMtest_P24_s9_w13AC6C03C-E8D7-4A23-B649-514BB4052F52.tif,62,129,115.88,515.88,0.5188,12.82
IXMtest_P24_s9_w13AC6C03C-E8D7-4A23-B649-514BB4052F52.tif,63,392,601.52,8.03,0.8263,22.34
IXMtest_P24_s9_w13AC6C03C-E8D7-4A23-B649-514BB4052F52.tif,64,1069,446.13,32.58,0.7239,36.89
IXMtest_P24_s9_w13AC6C03C-E8D7-4A23-B649-514BB4052F52.tif,65,797,167.24,271.04,0.6515,31.86
IXMtest_P24_s9_w13AC6C03C-E8D7-4A23-B649-514BB4052F52.tif,66,95,197.76,517.05,0.5667,11.0
IXMtest_P24_s9_w13AC6C03C-E8D7-4A23-B649-514BB4052F52.tif,67,1687,149.26,389.17,0.3961,46.35
IXMtest_P24_s9_w13AC6C03C-E8D7-4A23-B649-514BB4052F52.tif,68,919,213.57,473.47,0.5198,34.21
IXMtest_P24_s9_w13AC6C03C-E8D7-4A23-B649-514BB4052F52.tif,69,69,571.0,1.86,0.7654,9.37
IXMtest_P24_s9_w13AC6C03C-E8D7-4A23-B649-514BB4052F52.tif,70,278,248.81,412.41,0.8878,18.81
IXMtest_P24_s9_w13AC6C03C-E8D7-4A23-B649-514BB4052F52.tif,71,272,265.86,424.14,0.9021,18.61
IXMtest_P24_s9_w13AC6C03C-E8D7-4A23-B649-514BB4052F52.tif,72,935,124.3,398.27,0.9028,34.5
